{"level":"DEBUG","location":"[get_call:159] fyersModel","message":{"Status Code":200,"API":"/positions"},"timestamp":"2026-05-17 23:31:44,598+0530","service":"FyersAPIRequest"}
{"level":"DEBUG","location":"[get_call:159] fyersModel","message":{"Status Code":200,"API":"/orders"},"timestamp":"2026-05-17 23:31:44,679+0530","service":"FyersAPIRequest"}
{"level":"DEBUG","location":"[get_call:159] fyersModel","message":{"Status Code":200,"API":"/orders"},"timestamp":"2026-05-17 23:31:44,762+0530","service":"FyersAPIRequest"}
{"level":"DEBUG","location":"[get_call:159] fyersModel","message":{"Status Code":200,"API":"/holdings"},"timestamp":"2026-05-17 23:31:44,961+0530","service":"FyersAPIRequest"}
{"level":"DEBUG","location":"[get_call:159] fyersModel","message":{"Status Code":200,"API":"/tradebook"},"timestamp":"2026-05-17 23:31:46,102+0530","service":"FyersAPIRequest"}
{"level":"DEBUG","location":"[get_call:159] fyersModel","message":{"Status Code":200,"API":"/positions"},"timestamp":"2026-05-17 23:33:18,706+0530","service":"FyersAPIRequest"}
{"level":"DEBUG","location":"[get_call:159] fyersModel","message":{"Status Code":200,"API":"/orders"},"timestamp":"2026-05-17 23:33:18,772+0530","service":"FyersAPIRequest"}
{"level":"DEBUG","location":"[get_call:159] fyersModel","message":{"Status Code":200,"API":"/orders"},"timestamp":"2026-05-17 23:33:18,895+0530","service":"FyersAPIRequest"}
{"level":"DEBUG","location":"[get_call:159] fyersModel","message":{"Status Code":200,"API":"/holdings"},"timestamp":"2026-05-17 23:33:19,019+0530","service":"FyersAPIRequest"}
{"level":"DEBUG","location":"[get_call:159] fyersModel","message":{"Status Code":200,"API":"/tradebook"},"timestamp":"2026-05-17 23:33:20,090+0530","service":"FyersAPIRequest"}
{"level":"DEBUG","location":"[get_call:159] fyersModel","message":{"Status Code":200,"API":"/positions"},"timestamp":"2026-05-17 23:33:21,343+0530","service":"FyersAPIRequest"}
{"level":"DEBUG","location":"[get_call:159] fyersModel","message":{"Status Code":200,"API":"/funds"},"timestamp":"2026-05-17 23:33:21,509+0530","service":"FyersAPIRequest"}
{"level":"DEBUG","location":"[get_call:159] fyersModel","message":{"Status Code":200,"API":"/positions"},"timestamp":"2026-05-17 23:34:03,362+0530","service":"FyersAPIRequest"}
{"level":"DEBUG","location":"[get_call:159] fyersModel","message":{"Status Code":200,"API":"/orders"},"timestamp":"2026-05-17 23:34:03,428+0530","service":"FyersAPIRequest"}
{"level":"DEBUG","location":"[get_call:159] fyersModel","message":{"Status Code":200,"API":"/positions"},"timestamp":"2026-05-17 23:44:15,098+0530","service":"FyersAPIRequest"}
{"level":"DEBUG","location":"[get_call:159] fyersModel","message":{"Status Code":200,"API":"/orders"},"timestamp":"2026-05-17 23:44:15,194+0530","service":"FyersAPIRequest"}
{"level":"DEBUG","location":"[get_call:159] fyersModel","message":{"Status Code":200,"API":"/orders"},"timestamp":"2026-05-17 23:44:15,262+0530","service":"FyersAPIRequest"}
{"level":"DEBUG","location":"[get_call:159] fyersModel","message":{"Status Code":200,"API":"/holdings"},"timestamp":"2026-05-17 23:44:15,352+0530","service":"FyersAPIRequest"}
{"level":"DEBUG","location":"[get_call:159] fyersModel","message":{"Status Code":200,"API":"/tradebook"},"timestamp":"2026-05-17 23:44:16,430+0530","service":"FyersAPIRequest"}
{"level":"DEBUG","location":"[get_call:159] fyersModel","message":{"Status Code":200,"API":"/positions"},"timestamp":"2026-05-17 23:44:17,565+0530","service":"FyersAPIRequest"}
{"level":"DEBUG","location":"[get_call:159] fyersModel","message":{"Status Code":200,"API":"/funds"},"timestamp":"2026-05-17 23:44:17,655+0530","service":"FyersAPIRequest"}
{"level":"DEBUG","location":"[get_call:159] fyersModel","message":{"Status Code":200,"API":"/positions"},"timestamp":"2026-05-17 23:44:30,873+0530","service":"FyersAPIRequest"}
{"level":"DEBUG","location":"[get_call:159] fyersModel","message":{"Status Code":200,"API":"/orders"},"timestamp":"2026-05-17 23:44:30,968+0530","service":"FyersAPIRequest"}
{"level":"DEBUG","location":"[get_call:159] fyersModel","message":{"Status Code":200,"API":"/orders"},"timestamp":"2026-05-17 23:44:31,073+0530","service":"FyersAPIRequest"}
{"level":"DEBUG","location":"[get_call:159] fyersModel","message":{"Status Code":200,"API":"/holdings"},"timestamp":"2026-05-17 23:44:31,136+0530","service":"FyersAPIRequest"}
{"level":"DEBUG","location":"[get_call:159] fyersModel","message":{"Status Code":200,"API":"/tradebook"},"timestamp":"2026-05-17 23:44:32,290+0530","service":"FyersAPIRequest"}
{"level":"DEBUG","location":"[get_call:159] fyersModel","message":{"Status Code":200,"API":"/positions"},"timestamp":"2026-05-17 23:45:05,841+0530","service":"FyersAPIRequest"}
{"level":"DEBUG","location":"[get_call:159] fyersModel","message":{"Status Code":200,"API":"/orders"},"timestamp":"2026-05-17 23:45:05,932+0530","service":"FyersAPIRequest"}
{"level":"DEBUG","location":"[get_call:159] fyersModel","message":{"Status Code":200,"API":"/orders"},"timestamp":"2026-05-17 23:45:06,006+0530","service":"FyersAPIRequest"}
{"level":"DEBUG","location":"[get_call:159] fyersModel","message":{"Status Code":200,"API":"/holdings"},"timestamp":"2026-05-17 23:45:06,091+0530","service":"FyersAPIRequest"}
{"level":"DEBUG","location":"[get_call:159] fyersModel","message":{"Status Code":200,"API":"/tradebook"},"timestamp":"2026-05-17 23:45:07,160+0530","service":"FyersAPIRequest"}
{"level":"DEBUG","location":"[get_call:159] fyersModel","message":{"Status Code":200,"API":"/positions"},"timestamp":"2026-05-17 23:45:08,773+0530","service":"FyersAPIRequest"}
{"level":"DEBUG","location":"[get_call:159] fyersModel","message":{"Status Code":200,"API":"/funds"},"timestamp":"2026-05-17 23:45:08,925+0530","service":"FyersAPIRequest"}
{"level":"DEBUG","location":"[get_call:159] fyersModel","message":{"Status Code":200,"API":"/positions"},"timestamp":"2026-05-17 23:49:47,289+0530","service":"FyersAPIRequest"}
{"level":"DEBUG","location":"[get_call:159] fyersModel","message":{"Status Code":200,"API":"/orders"},"timestamp":"2026-05-17 23:49:47,375+0530","service":"FyersAPIRequest"}
{"level":"DEBUG","location":"[get_call:159] fyersModel","message":{"Status Code":200,"API":"/orders"},"timestamp":"2026-05-17 23:49:47,450+0530","service":"FyersAPIRequest"}
{"level":"DEBUG","location":"[get_call:159] fyersModel","message":{"Status Code":200,"API":"/holdings"},"timestamp":"2026-05-17 23:49:47,536+0530","service":"FyersAPIRequest"}
{"level":"DEBUG","location":"[get_call:159] fyersModel","message":{"Status Code":200,"API":"/positions"},"timestamp":"2026-05-17 23:49:55,190+0530","service":"FyersAPIRequest"}
{"level":"DEBUG","location":"[get_call:159] fyersModel","message":{"Status Code":200,"API":"/orders"},"timestamp":"2026-05-17 23:49:55,267+0530","service":"FyersAPIRequest"}
{"level":"DEBUG","location":"[get_call:159] fyersModel","message":{"Status Code":200,"API":"/orders"},"timestamp":"2026-05-17 23:49:55,367+0530","service":"FyersAPIRequest"}
{"level":"DEBUG","location":"[get_call:159] fyersModel","message":{"Status Code":200,"API":"/holdings"},"timestamp":"2026-05-17 23:49:55,432+0530","service":"FyersAPIRequest"}
{"level":"DEBUG","location":"[get_call:159] fyersModel","message":{"Status Code":200,"API":"/tradebook"},"timestamp":"2026-05-17 23:49:56,500+0530","service":"FyersAPIRequest"}
{"level":"DEBUG","location":"[get_call:159] fyersModel","message":{"Status Code":200,"API":"/positions"},"timestamp":"2026-05-17 23:49:57,576+0530","service":"FyersAPIRequest"}
{"level":"DEBUG","location":"[get_call:159] fyersModel","message":{"Status Code":200,"API":"/funds"},"timestamp":"2026-05-17 23:49:57,652+0530","service":"FyersAPIRequest"}
{"level":"DEBUG","location":"[get_call:159] fyersModel","message":{"Status Code":200,"API":"/positions"},"timestamp":"2026-05-17 23:51:00,088+0530","service":"FyersAPIRequest"}
{"level":"DEBUG","location":"[get_call:159] fyersModel","message":{"Status Code":200,"API":"/orders"},"timestamp":"2026-05-17 23:51:00,159+0530","service":"FyersAPIRequest"}
{"level":"DEBUG","location":"[get_call:159] fyersModel","message":{"Status Code":200,"API":"/orders"},"timestamp":"2026-05-17 23:51:00,238+0530","service":"FyersAPIRequest"}
{"level":"DEBUG","location":"[get_call:159] fyersModel","message":{"Status Code":200,"API":"/holdings"},"timestamp":"2026-05-17 23:51:00,363+0530","service":"FyersAPIRequest"}
{"level":"DEBUG","location":"[get_call:159] fyersModel","message":{"Status Code":200,"API":"/tradebook"},"timestamp":"2026-05-17 23:51:01,472+0530","service":"FyersAPIRequest"}
{"level":"DEBUG","location":"[get_call:159] fyersModel","message":{"Status Code":200,"API":"/positions"},"timestamp":"2026-05-17 23:51:02,546+0530","service":"FyersAPIRequest"}
{"level":"DEBUG","location":"[get_call:159] fyersModel","message":{"Status Code":200,"API":"/funds"},"timestamp":"2026-05-17 23:51:02,641+0530","service":"FyersAPIRequest"}
{"level":"DEBUG","location":"[get_call:159] fyersModel","message":{"Status Code":200,"API":"/positions"},"timestamp":"2026-05-17 23:51:09,793+0530","service":"FyersAPIRequest"}
{"level":"DEBUG","location":"[get_call:159] fyersModel","message":{"Status Code":200,"API":"/orders"},"timestamp":"2026-05-17 23:51:09,944+0530","service":"FyersAPIRequest"}
{"level":"DEBUG","location":"[get_call:159] fyersModel","message":{"Status Code":200,"API":"/orders"},"timestamp":"2026-05-17 23:51:10,026+0530","service":"FyersAPIRequest"}
{"level":"DEBUG","location":"[get_call:159] fyersModel","message":{"Status Code":200,"API":"/holdings"},"timestamp":"2026-05-17 23:51:10,111+0530","service":"FyersAPIRequest"}
{"level":"DEBUG","location":"[get_call:159] fyersModel","message":{"Status Code":200,"API":"/tradebook"},"timestamp":"2026-05-17 23:51:11,189+0530","service":"FyersAPIRequest"}
{"level":"DEBUG","location":"[get_call:159] fyersModel","message":{"Status Code":200,"API":"/positions"},"timestamp":"2026-05-17 23:51:12,494+0530","service":"FyersAPIRequest"}
{"level":"DEBUG","location":"[get_call:159] fyersModel","message":{"Status Code":200,"API":"/funds"},"timestamp":"2026-05-17 23:51:12,886+0530","service":"FyersAPIRequest"}
{"level":"DEBUG","location":"[get_call:159] fyersModel","message":{"Status Code":200,"API":"/positions"},"timestamp":"2026-05-17 23:52:02,344+0530","service":"FyersAPIRequest"}
{"level":"DEBUG","location":"[get_call:159] fyersModel","message":{"Status Code":200,"API":"/orders"},"timestamp":"2026-05-17 23:52:02,418+0530","service":"FyersAPIRequest"}
{"level":"DEBUG","location":"[get_call:159] fyersModel","message":{"Status Code":200,"API":"/orders"},"timestamp":"2026-05-17 23:52:02,500+0530","service":"FyersAPIRequest"}
{"level":"DEBUG","location":"[get_call:159] fyersModel","message":{"Status Code":200,"API":"/holdings"},"timestamp":"2026-05-17 23:52:02,595+0530","service":"FyersAPIRequest"}
{"level":"DEBUG","location":"[get_call:159] fyersModel","message":{"Status Code":200,"API":"/positions"},"timestamp":"2026-05-17 23:52:11,141+0530","service":"FyersAPIRequest"}
{"level":"DEBUG","location":"[get_call:159] fyersModel","message":{"Status Code":200,"API":"/orders"},"timestamp":"2026-05-17 23:52:11,216+0530","service":"FyersAPIRequest"}
{"level":"DEBUG","location":"[get_call:159] fyersModel","message":{"Status Code":200,"API":"/orders"},"timestamp":"2026-05-17 23:52:11,299+0530","service":"FyersAPIRequest"}
{"level":"DEBUG","location":"[get_call:159] fyersModel","message":{"Status Code":200,"API":"/holdings"},"timestamp":"2026-05-17 23:52:11,384+0530","service":"FyersAPIRequest"}
{"level":"DEBUG","location":"[get_call:159] fyersModel","message":{"Status Code":200,"API":"/tradebook"},"timestamp":"2026-05-17 23:52:12,450+0530","service":"FyersAPIRequest"}
{"level":"DEBUG","location":"[get_call:159] fyersModel","message":{"Status Code":200,"API":"/positions"},"timestamp":"2026-05-17 23:52:13,523+0530","service":"FyersAPIRequest"}
{"level":"DEBUG","location":"[get_call:159] fyersModel","message":{"Status Code":200,"API":"/funds"},"timestamp":"2026-05-17 23:52:13,605+0530","service":"FyersAPIRequest"}
{"level":"DEBUG","location":"[get_call:159] fyersModel","message":{"Status Code":200,"API":"/positions"},"timestamp":"2026-05-17 23:53:02,047+0530","service":"FyersAPIRequest"}
{"level":"DEBUG","location":"[get_call:159] fyersModel","message":{"Status Code":200,"API":"/orders"},"timestamp":"2026-05-17 23:53:02,135+0530","service":"FyersAPIRequest"}
{"level":"DEBUG","location":"[get_call:159] fyersModel","message":{"Status Code":200,"API":"/orders"},"timestamp":"2026-05-17 23:53:02,219+0530","service":"FyersAPIRequest"}
{"level":"DEBUG","location":"[get_call:159] fyersModel","message":{"Status Code":200,"API":"/holdings"},"timestamp":"2026-05-17 23:53:02,293+0530","service":"FyersAPIRequest"}
{"level":"DEBUG","location":"[get_call:159] fyersModel","message":{"Status Code":200,"API":"/positions"},"timestamp":"2026-05-17 23:59:52,376+0530","service":"FyersAPIRequest"}
{"level":"DEBUG","location":"[get_call:159] fyersModel","message":{"Status Code":200,"API":"/orders"},"timestamp":"2026-05-17 23:59:52,458+0530","service":"FyersAPIRequest"}
{"level":"DEBUG","location":"[get_call:159] fyersModel","message":{"Status Code":200,"API":"/orders"},"timestamp":"2026-05-17 23:59:52,576+0530","service":"FyersAPIRequest"}
{"level":"DEBUG","location":"[get_call:159] fyersModel","message":{"Status Code":200,"API":"/holdings"},"timestamp":"2026-05-17 23:59:52,626+0530","service":"FyersAPIRequest"}
{"level":"DEBUG","location":"[get_call:159] fyersModel","message":{"Status Code":200,"API":"/tradebook"},"timestamp":"2026-05-17 23:59:53,691+0530","service":"FyersAPIRequest"}
{"level":"DEBUG","location":"[get_call:159] fyersModel","message":{"Status Code":200,"API":"/positions"},"timestamp":"2026-05-17 23:59:54,772+0530","service":"FyersAPIRequest"}
{"level":"DEBUG","location":"[get_call:159] fyersModel","message":{"Status Code":200,"API":"/funds"},"timestamp":"2026-05-17 23:59:54,845+0530","service":"FyersAPIRequest"}
{"level":"DEBUG","location":"[get_call:159] fyersModel","message":{"Status Code":200,"API":"/positions"},"timestamp":"2026-05-18 00:00:50,858+0530","service":"FyersAPIRequest"}
{"level":"DEBUG","location":"[get_call:159] fyersModel","message":{"Status Code":200,"API":"/orders"},"timestamp":"2026-05-18 00:00:50,934+0530","service":"FyersAPIRequest"}
{"level":"DEBUG","location":"[get_call:159] fyersModel","message":{"Status Code":200,"API":"/orders"},"timestamp":"2026-05-18 00:00:51,028+0530","service":"FyersAPIRequest"}
{"level":"DEBUG","location":"[get_call:159] fyersModel","message":{"Status Code":200,"API":"/holdings"},"timestamp":"2026-05-18 00:00:51,102+0530","service":"FyersAPIRequest"}
{"level":"DEBUG","location":"[get_call:159] fyersModel","message":{"Status Code":200,"API":"/tradebook"},"timestamp":"2026-05-18 00:00:52,172+0530","service":"FyersAPIRequest"}
{"level":"DEBUG","location":"[get_call:159] fyersModel","message":{"Status Code":200,"API":"/positions"},"timestamp":"2026-05-18 00:00:53,237+0530","service":"FyersAPIRequest"}
{"level":"DEBUG","location":"[get_call:159] fyersModel","message":{"Status Code":200,"API":"/funds"},"timestamp":"2026-05-18 00:00:53,339+0530","service":"FyersAPIRequest"}
{"level":"DEBUG","location":"[get_call:159] fyersModel","message":{"Status Code":200,"API":"/positions"},"timestamp":"2026-05-18 00:11:06,306+0530","service":"FyersAPIRequest"}
{"level":"DEBUG","location":"[get_call:159] fyersModel","message":{"Status Code":200,"API":"/orders"},"timestamp":"2026-05-18 00:11:06,385+0530","service":"FyersAPIRequest"}
{"level":"DEBUG","location":"[get_call:159] fyersModel","message":{"Status Code":200,"API":"/orders"},"timestamp":"2026-05-18 00:11:06,453+0530","service":"FyersAPIRequest"}
{"level":"DEBUG","location":"[get_call:159] fyersModel","message":{"Status Code":200,"API":"/holdings"},"timestamp":"2026-05-18 00:11:06,540+0530","service":"FyersAPIRequest"}
{"level":"DEBUG","location":"[get_call:159] fyersModel","message":{"Status Code":200,"API":"/tradebook"},"timestamp":"2026-05-18 00:11:07,615+0530","service":"FyersAPIRequest"}
{"level":"DEBUG","location":"[get_call:159] fyersModel","message":{"Status Code":200,"API":"/positions"},"timestamp":"2026-05-18 00:11:08,691+0530","service":"FyersAPIRequest"}
{"level":"DEBUG","location":"[get_call:159] fyersModel","message":{"Status Code":200,"API":"/funds"},"timestamp":"2026-05-18 00:11:08,760+0530","service":"FyersAPIRequest"}
{"level":"DEBUG","location":"[get_call:159] fyersModel","message":{"Status Code":200,"API":"/positions"},"timestamp":"2026-05-18 00:11:10,322+0530","service":"FyersAPIRequest"}
{"level":"DEBUG","location":"[get_call:159] fyersModel","message":{"Status Code":200,"API":"/orders"},"timestamp":"2026-05-18 00:11:10,402+0530","service":"FyersAPIRequest"}
{"level":"DEBUG","location":"[get_call:159] fyersModel","message":{"Status Code":200,"API":"/orders"},"timestamp":"2026-05-18 00:11:10,592+0530","service":"FyersAPIRequest"}
{"level":"DEBUG","location":"[get_call:159] fyersModel","message":{"Status Code":200,"API":"/holdings"},"timestamp":"2026-05-18 00:11:10,689+0530","service":"FyersAPIRequest"}
{"level":"DEBUG","location":"[get_call:159] fyersModel","message":{"Status Code":200,"API":"/tradebook"},"timestamp":"2026-05-18 00:11:11,808+0530","service":"FyersAPIRequest"}
{"level":"DEBUG","location":"[get_call:159] fyersModel","message":{"Status Code":200,"API":"/positions"},"timestamp":"2026-05-18 00:11:12,889+0530","service":"FyersAPIRequest"}
{"level":"DEBUG","location":"[get_call:159] fyersModel","message":{"Status Code":200,"API":"/funds"},"timestamp":"2026-05-18 00:11:12,954+0530","service":"FyersAPIRequest"}
{"level":"DEBUG","location":"[get_call:159] fyersModel","message":{"Status Code":200,"API":"/positions"},"timestamp":"2026-05-18 00:17:51,186+0530","service":"FyersAPIRequest"}
{"level":"DEBUG","location":"[get_call:159] fyersModel","message":{"Status Code":200,"API":"/orders"},"timestamp":"2026-05-18 00:17:51,267+0530","service":"FyersAPIRequest"}
{"level":"DEBUG","location":"[get_call:159] fyersModel","message":{"Status Code":200,"API":"/orders"},"timestamp":"2026-05-18 00:17:51,361+0530","service":"FyersAPIRequest"}
{"level":"DEBUG","location":"[get_call:159] fyersModel","message":{"Status Code":200,"API":"/holdings"},"timestamp":"2026-05-18 00:17:51,435+0530","service":"FyersAPIRequest"}
{"level":"DEBUG","location":"[get_call:159] fyersModel","message":{"Status Code":200,"API":"/tradebook"},"timestamp":"2026-05-18 00:17:52,502+0530","service":"FyersAPIRequest"}
{"level":"DEBUG","location":"[get_call:159] fyersModel","message":{"Status Code":200,"API":"/positions"},"timestamp":"2026-05-18 00:17:53,574+0530","service":"FyersAPIRequest"}
{"level":"DEBUG","location":"[get_call:159] fyersModel","message":{"Status Code":200,"API":"/funds"},"timestamp":"2026-05-18 00:17:53,663+0530","service":"FyersAPIRequest"}
{"level":"DEBUG","location":"[get_call:159] fyersModel","message":{"Status Code":200,"API":"/positions"},"timestamp":"2026-05-18 00:18:04,928+0530","service":"FyersAPIRequest"}
{"level":"DEBUG","location":"[get_call:159] fyersModel","message":{"Status Code":200,"API":"/orders"},"timestamp":"2026-05-18 00:18:05,003+0530","service":"FyersAPIRequest"}
{"level":"DEBUG","location":"[get_call:159] fyersModel","message":{"Status Code":200,"API":"/orders"},"timestamp":"2026-05-18 00:18:05,093+0530","service":"FyersAPIRequest"}
{"level":"DEBUG","location":"[get_call:159] fyersModel","message":{"Status Code":200,"API":"/holdings"},"timestamp":"2026-05-18 00:18:05,191+0530","service":"FyersAPIRequest"}
{"level":"DEBUG","location":"[get_call:159] fyersModel","message":{"Status Code":200,"API":"/tradebook"},"timestamp":"2026-05-18 00:18:06,322+0530","service":"FyersAPIRequest"}
{"level":"DEBUG","location":"[get_call:159] fyersModel","message":{"Status Code":200,"API":"/positions"},"timestamp":"2026-05-18 00:18:07,391+0530","service":"FyersAPIRequest"}
{"level":"DEBUG","location":"[get_call:159] fyersModel","message":{"Status Code":200,"API":"/funds"},"timestamp":"2026-05-18 00:18:07,481+0530","service":"FyersAPIRequest"}
{"level":"DEBUG","location":"[get_call:159] fyersModel","message":{"Status Code":200,"API":"/positions"},"timestamp":"2026-05-18 00:18:33,818+0530","service":"FyersAPIRequest"}
{"level":"DEBUG","location":"[get_call:159] fyersModel","message":{"Status Code":200,"API":"/orders"},"timestamp":"2026-05-18 00:18:33,873+0530","service":"FyersAPIRequest"}
{"level":"DEBUG","location":"[get_call:159] fyersModel","message":{"Status Code":200,"API":"/orders"},"timestamp":"2026-05-18 00:18:33,957+0530","service":"FyersAPIRequest"}
{"level":"DEBUG","location":"[get_call:159] fyersModel","message":{"Status Code":200,"API":"/holdings"},"timestamp":"2026-05-18 00:18:34,039+0530","service":"FyersAPIRequest"}
{"level":"DEBUG","location":"[get_call:159] fyersModel","message":{"Status Code":200,"API":"/tradebook"},"timestamp":"2026-05-18 00:18:35,105+0530","service":"FyersAPIRequest"}
{"level":"DEBUG","location":"[get_call:159] fyersModel","message":{"Status Code":200,"API":"/positions"},"timestamp":"2026-05-18 00:18:36,174+0530","service":"FyersAPIRequest"}
{"level":"DEBUG","location":"[get_call:159] fyersModel","message":{"Status Code":200,"API":"/funds"},"timestamp":"2026-05-18 00:18:36,265+0530","service":"FyersAPIRequest"}
{"level":"DEBUG","location":"[get_call:159] fyersModel","message":{"Status Code":200,"API":"/positions"},"timestamp":"2026-05-18 00:18:45,064+0530","service":"FyersAPIRequest"}
{"level":"DEBUG","location":"[get_call:159] fyersModel","message":{"Status Code":200,"API":"/orders"},"timestamp":"2026-05-18 00:18:45,148+0530","service":"FyersAPIRequest"}
{"level":"DEBUG","location":"[get_call:159] fyersModel","message":{"Status Code":200,"API":"/orders"},"timestamp":"2026-05-18 00:18:45,227+0530","service":"FyersAPIRequest"}
{"level":"DEBUG","location":"[get_call:159] fyersModel","message":{"Status Code":200,"API":"/holdings"},"timestamp":"2026-05-18 00:18:45,304+0530","service":"FyersAPIRequest"}
{"level":"DEBUG","location":"[get_call:159] fyersModel","message":{"Status Code":200,"API":"/tradebook"},"timestamp":"2026-05-18 00:18:46,373+0530","service":"FyersAPIRequest"}
{"level":"DEBUG","location":"[get_call:159] fyersModel","message":{"Status Code":200,"API":"/positions"},"timestamp":"2026-05-18 00:18:47,442+0530","service":"FyersAPIRequest"}
{"level":"DEBUG","location":"[get_call:159] fyersModel","message":{"Status Code":200,"API":"/funds"},"timestamp":"2026-05-18 00:18:47,528+0530","service":"FyersAPIRequest"}
{"level":"DEBUG","location":"[get_call:159] fyersModel","message":{"Status Code":200,"API":"/positions"},"timestamp":"2026-05-18 00:20:30,651+0530","service":"FyersAPIRequest"}
{"level":"DEBUG","location":"[get_call:159] fyersModel","message":{"Status Code":200,"API":"/orders"},"timestamp":"2026-05-18 00:20:30,744+0530","service":"FyersAPIRequest"}
{"level":"DEBUG","location":"[get_call:159] fyersModel","message":{"Status Code":200,"API":"/orders"},"timestamp":"2026-05-18 00:20:30,829+0530","service":"FyersAPIRequest"}
{"level":"DEBUG","location":"[get_call:159] fyersModel","message":{"Status Code":200,"API":"/holdings"},"timestamp":"2026-05-18 00:20:30,909+0530","service":"FyersAPIRequest"}
{"level":"DEBUG","location":"[get_call:159] fyersModel","message":{"Status Code":200,"API":"/tradebook"},"timestamp":"2026-05-18 00:20:31,978+0530","service":"FyersAPIRequest"}
{"level":"DEBUG","location":"[get_call:159] fyersModel","message":{"Status Code":200,"API":"/positions"},"timestamp":"2026-05-18 00:20:33,054+0530","service":"FyersAPIRequest"}
{"level":"DEBUG","location":"[get_call:159] fyersModel","message":{"Status Code":200,"API":"/funds"},"timestamp":"2026-05-18 00:20:33,130+0530","service":"FyersAPIRequest"}
{"level":"DEBUG","location":"[get_call:159] fyersModel","message":{"Status Code":200,"API":"/positions"},"timestamp":"2026-05-18 00:21:06,290+0530","service":"FyersAPIRequest"}
{"level":"DEBUG","location":"[get_call:159] fyersModel","message":{"Status Code":200,"API":"/orders"},"timestamp":"2026-05-18 00:21:06,357+0530","service":"FyersAPIRequest"}
{"level":"DEBUG","location":"[get_call:159] fyersModel","message":{"Status Code":200,"API":"/orders"},"timestamp":"2026-05-18 00:21:06,441+0530","service":"FyersAPIRequest"}
{"level":"DEBUG","location":"[get_call:159] fyersModel","message":{"Status Code":200,"API":"/holdings"},"timestamp":"2026-05-18 00:21:06,537+0530","service":"FyersAPIRequest"}
{"level":"DEBUG","location":"[get_call:159] fyersModel","message":{"Status Code":200,"API":"/tradebook"},"timestamp":"2026-05-18 00:21:07,614+0530","service":"FyersAPIRequest"}
{"level":"DEBUG","location":"[get_call:159] fyersModel","message":{"Status Code":200,"API":"/positions"},"timestamp":"2026-05-18 00:21:08,746+0530","service":"FyersAPIRequest"}
{"level":"DEBUG","location":"[get_call:159] fyersModel","message":{"Status Code":200,"API":"/funds"},"timestamp":"2026-05-18 00:21:08,831+0530","service":"FyersAPIRequest"}
{"level":"DEBUG","location":"[get_call:159] fyersModel","message":{"Status Code":200,"API":"/positions"},"timestamp":"2026-05-18 00:21:28,245+0530","service":"FyersAPIRequest"}
{"level":"DEBUG","location":"[get_call:159] fyersModel","message":{"Status Code":200,"API":"/orders"},"timestamp":"2026-05-18 00:21:28,317+0530","service":"FyersAPIRequest"}
{"level":"DEBUG","location":"[get_call:159] fyersModel","message":{"Status Code":200,"API":"/orders"},"timestamp":"2026-05-18 00:21:28,400+0530","service":"FyersAPIRequest"}
{"level":"DEBUG","location":"[get_call:159] fyersModel","message":{"Status Code":200,"API":"/holdings"},"timestamp":"2026-05-18 00:21:28,506+0530","service":"FyersAPIRequest"}
{"level":"DEBUG","location":"[get_call:159] fyersModel","message":{"Status Code":200,"API":"/tradebook"},"timestamp":"2026-05-18 00:21:29,636+0530","service":"FyersAPIRequest"}
{"level":"DEBUG","location":"[get_call:159] fyersModel","message":{"Status Code":200,"API":"/positions"},"timestamp":"2026-05-18 00:21:30,705+0530","service":"FyersAPIRequest"}
{"level":"DEBUG","location":"[get_call:159] fyersModel","message":{"Status Code":200,"API":"/funds"},"timestamp":"2026-05-18 00:21:30,806+0530","service":"FyersAPIRequest"}
{"level":"DEBUG","location":"[get_call:159] fyersModel","message":{"Status Code":200,"API":"/positions"},"timestamp":"2026-05-18 00:21:36,387+0530","service":"FyersAPIRequest"}
{"level":"DEBUG","location":"[get_call:159] fyersModel","message":{"Status Code":200,"API":"/orders"},"timestamp":"2026-05-18 00:21:36,464+0530","service":"FyersAPIRequest"}
{"level":"DEBUG","location":"[get_call:159] fyersModel","message":{"Status Code":200,"API":"/orders"},"timestamp":"2026-05-18 00:21:36,546+0530","service":"FyersAPIRequest"}
{"level":"DEBUG","location":"[get_call:159] fyersModel","message":{"Status Code":200,"API":"/holdings"},"timestamp":"2026-05-18 00:21:36,640+0530","service":"FyersAPIRequest"}
{"level":"DEBUG","location":"[get_call:159] fyersModel","message":{"Status Code":200,"API":"/tradebook"},"timestamp":"2026-05-18 00:21:37,710+0530","service":"FyersAPIRequest"}
{"level":"DEBUG","location":"[get_call:159] fyersModel","message":{"Status Code":200,"API":"/positions"},"timestamp":"2026-05-18 00:21:38,768+0530","service":"FyersAPIRequest"}
{"level":"DEBUG","location":"[get_call:159] fyersModel","message":{"Status Code":200,"API":"/funds"},"timestamp":"2026-05-18 00:21:38,846+0530","service":"FyersAPIRequest"}
{"level":"DEBUG","location":"[get_call:159] fyersModel","message":{"Status Code":200,"API":"/positions"},"timestamp":"2026-05-18 00:21:52,830+0530","service":"FyersAPIRequest"}
{"level":"DEBUG","location":"[get_call:159] fyersModel","message":{"Status Code":200,"API":"/orders"},"timestamp":"2026-05-18 00:21:52,922+0530","service":"FyersAPIRequest"}
{"level":"DEBUG","location":"[get_call:159] fyersModel","message":{"Status Code":200,"API":"/orders"},"timestamp":"2026-05-18 00:21:52,991+0530","service":"FyersAPIRequest"}
{"level":"DEBUG","location":"[get_call:159] fyersModel","message":{"Status Code":200,"API":"/holdings"},"timestamp":"2026-05-18 00:21:53,078+0530","service":"FyersAPIRequest"}
{"level":"DEBUG","location":"[get_call:159] fyersModel","message":{"Status Code":200,"API":"/tradebook"},"timestamp":"2026-05-18 00:21:54,145+0530","service":"FyersAPIRequest"}
{"level":"DEBUG","location":"[get_call:159] fyersModel","message":{"Status Code":200,"API":"/positions"},"timestamp":"2026-05-18 00:21:55,220+0530","service":"FyersAPIRequest"}
{"level":"DEBUG","location":"[get_call:159] fyersModel","message":{"Status Code":200,"API":"/funds"},"timestamp":"2026-05-18 00:21:55,294+0530","service":"FyersAPIRequest"}
{"level":"DEBUG","location":"[get_call:159] fyersModel","message":{"Status Code":200,"API":"/positions"},"timestamp":"2026-05-18 00:22:11,270+0530","service":"FyersAPIRequest"}
{"level":"DEBUG","location":"[get_call:159] fyersModel","message":{"Status Code":200,"API":"/orders"},"timestamp":"2026-05-18 00:22:11,418+0530","service":"FyersAPIRequest"}
{"level":"DEBUG","location":"[get_call:159] fyersModel","message":{"Status Code":200,"API":"/orders"},"timestamp":"2026-05-18 00:22:11,568+0530","service":"FyersAPIRequest"}
{"level":"DEBUG","location":"[get_call:159] fyersModel","message":{"Status Code":200,"API":"/holdings"},"timestamp":"2026-05-18 00:22:11,720+0530","service":"FyersAPIRequest"}
{"level":"DEBUG","location":"[get_call:159] fyersModel","message":{"Status Code":200,"API":"/tradebook"},"timestamp":"2026-05-18 00:22:13,100+0530","service":"FyersAPIRequest"}
{"level":"DEBUG","location":"[get_call:159] fyersModel","message":{"Status Code":200,"API":"/positions"},"timestamp":"2026-05-18 00:22:14,210+0530","service":"FyersAPIRequest"}
{"level":"DEBUG","location":"[get_call:159] fyersModel","message":{"Status Code":200,"API":"/funds"},"timestamp":"2026-05-18 00:22:14,295+0530","service":"FyersAPIRequest"}
{"level":"DEBUG","location":"[get_call:159] fyersModel","message":{"Status Code":200,"API":"/positions"},"timestamp":"2026-05-18 00:24:34,687+0530","service":"FyersAPIRequest"}
{"level":"DEBUG","location":"[get_call:159] fyersModel","message":{"Status Code":200,"API":"/orders"},"timestamp":"2026-05-18 00:24:34,766+0530","service":"FyersAPIRequest"}
{"level":"DEBUG","location":"[get_call:159] fyersModel","message":{"Status Code":200,"API":"/orders"},"timestamp":"2026-05-18 00:24:34,869+0530","service":"FyersAPIRequest"}
{"level":"DEBUG","location":"[get_call:159] fyersModel","message":{"Status Code":200,"API":"/holdings"},"timestamp":"2026-05-18 00:24:34,933+0530","service":"FyersAPIRequest"}
{"level":"DEBUG","location":"[get_call:159] fyersModel","message":{"Status Code":200,"API":"/tradebook"},"timestamp":"2026-05-18 00:24:36,000+0530","service":"FyersAPIRequest"}
{"level":"DEBUG","location":"[get_call:159] fyersModel","message":{"Status Code":200,"API":"/positions"},"timestamp":"2026-05-18 00:24:37,072+0530","service":"FyersAPIRequest"}
{"level":"DEBUG","location":"[get_call:159] fyersModel","message":{"Status Code":200,"API":"/funds"},"timestamp":"2026-05-18 00:24:37,169+0530","service":"FyersAPIRequest"}
{"level":"DEBUG","location":"[get_call:159] fyersModel","message":{"Status Code":200,"API":"/positions"},"timestamp":"2026-05-18 00:24:49,011+0530","service":"FyersAPIRequest"}
{"level":"DEBUG","location":"[get_call:159] fyersModel","message":{"Status Code":200,"API":"/orders"},"timestamp":"2026-05-18 00:24:49,093+0530","service":"FyersAPIRequest"}
{"level":"DEBUG","location":"[get_call:159] fyersModel","message":{"Status Code":200,"API":"/orders"},"timestamp":"2026-05-18 00:24:49,173+0530","service":"FyersAPIRequest"}
{"level":"DEBUG","location":"[get_call:159] fyersModel","message":{"Status Code":200,"API":"/holdings"},"timestamp":"2026-05-18 00:24:49,403+0530","service":"FyersAPIRequest"}
{"level":"DEBUG","location":"[get_call:159] fyersModel","message":{"Status Code":200,"API":"/tradebook"},"timestamp":"2026-05-18 00:24:50,535+0530","service":"FyersAPIRequest"}
{"level":"DEBUG","location":"[get_call:159] fyersModel","message":{"Status Code":200,"API":"/positions"},"timestamp":"2026-05-18 00:24:51,685+0530","service":"FyersAPIRequest"}
{"level":"DEBUG","location":"[get_call:159] fyersModel","message":{"Status Code":200,"API":"/funds"},"timestamp":"2026-05-18 00:24:51,731+0530","service":"FyersAPIRequest"}
{"level":"DEBUG","location":"[get_call:159] fyersModel","message":{"Status Code":200,"API":"/positions"},"timestamp":"2026-05-18 00:27:09,157+0530","service":"FyersAPIRequest"}
{"level":"DEBUG","location":"[get_call:159] fyersModel","message":{"Status Code":200,"API":"/orders"},"timestamp":"2026-05-18 00:27:09,236+0530","service":"FyersAPIRequest"}
{"level":"DEBUG","location":"[get_call:159] fyersModel","message":{"Status Code":200,"API":"/orders"},"timestamp":"2026-05-18 00:27:09,331+0530","service":"FyersAPIRequest"}
{"level":"DEBUG","location":"[get_call:159] fyersModel","message":{"Status Code":200,"API":"/holdings"},"timestamp":"2026-05-18 00:27:09,400+0530","service":"FyersAPIRequest"}
{"level":"DEBUG","location":"[get_call:159] fyersModel","message":{"Status Code":200,"API":"/tradebook"},"timestamp":"2026-05-18 00:27:10,472+0530","service":"FyersAPIRequest"}
{"level":"DEBUG","location":"[get_call:159] fyersModel","message":{"Status Code":200,"API":"/positions"},"timestamp":"2026-05-18 00:27:11,542+0530","service":"FyersAPIRequest"}
{"level":"DEBUG","location":"[get_call:159] fyersModel","message":{"Status Code":200,"API":"/funds"},"timestamp":"2026-05-18 00:27:11,640+0530","service":"FyersAPIRequest"}
{"level":"DEBUG","location":"[get_call:159] fyersModel","message":{"Status Code":200,"API":"/positions"},"timestamp":"2026-05-18 00:27:16,040+0530","service":"FyersAPIRequest"}
{"level":"DEBUG","location":"[get_call:159] fyersModel","message":{"Status Code":200,"API":"/orders"},"timestamp":"2026-05-18 00:27:16,196+0530","service":"FyersAPIRequest"}
{"level":"DEBUG","location":"[get_call:159] fyersModel","message":{"Status Code":200,"API":"/orders"},"timestamp":"2026-05-18 00:27:16,346+0530","service":"FyersAPIRequest"}
{"level":"DEBUG","location":"[get_call:159] fyersModel","message":{"Status Code":200,"API":"/holdings"},"timestamp":"2026-05-18 00:27:16,500+0530","service":"FyersAPIRequest"}
{"level":"DEBUG","location":"[get_call:159] fyersModel","message":{"Status Code":200,"API":"/tradebook"},"timestamp":"2026-05-18 00:27:17,734+0530","service":"FyersAPIRequest"}
{"level":"DEBUG","location":"[get_call:159] fyersModel","message":{"Status Code":200,"API":"/positions"},"timestamp":"2026-05-18 00:27:18,881+0530","service":"FyersAPIRequest"}
{"level":"DEBUG","location":"[get_call:159] fyersModel","message":{"Status Code":200,"API":"/funds"},"timestamp":"2026-05-18 00:27:18,950+0530","service":"FyersAPIRequest"}
{"level":"DEBUG","location":"[get_call:159] fyersModel","message":{"Status Code":200,"API":"/positions"},"timestamp":"2026-05-18 00:29:17,639+0530","service":"FyersAPIRequest"}
{"level":"DEBUG","location":"[get_call:159] fyersModel","message":{"Status Code":200,"API":"/orders"},"timestamp":"2026-05-18 00:29:17,701+0530","service":"FyersAPIRequest"}
{"level":"DEBUG","location":"[get_call:159] fyersModel","message":{"Status Code":200,"API":"/orders"},"timestamp":"2026-05-18 00:29:17,786+0530","service":"FyersAPIRequest"}
{"level":"DEBUG","location":"[get_call:159] fyersModel","message":{"Status Code":200,"API":"/holdings"},"timestamp":"2026-05-18 00:29:17,869+0530","service":"FyersAPIRequest"}
{"level":"DEBUG","location":"[get_call:159] fyersModel","message":{"Status Code":200,"API":"/tradebook"},"timestamp":"2026-05-18 00:29:18,935+0530","service":"FyersAPIRequest"}
{"level":"DEBUG","location":"[get_call:159] fyersModel","message":{"Status Code":200,"API":"/positions"},"timestamp":"2026-05-18 00:29:20,006+0530","service":"FyersAPIRequest"}
{"level":"DEBUG","location":"[get_call:159] fyersModel","message":{"Status Code":200,"API":"/funds"},"timestamp":"2026-05-18 00:29:20,102+0530","service":"FyersAPIRequest"}
{"level":"DEBUG","location":"[get_call:159] fyersModel","message":{"Status Code":200,"API":"/positions"},"timestamp":"2026-05-18 00:29:23,473+0530","service":"FyersAPIRequest"}
{"level":"DEBUG","location":"[get_call:159] fyersModel","message":{"Status Code":200,"API":"/orders"},"timestamp":"2026-05-18 00:29:23,542+0530","service":"FyersAPIRequest"}
{"level":"DEBUG","location":"[get_call:159] fyersModel","message":{"Status Code":200,"API":"/orders"},"timestamp":"2026-05-18 00:29:23,625+0530","service":"FyersAPIRequest"}
{"level":"DEBUG","location":"[get_call:159] fyersModel","message":{"Status Code":200,"API":"/holdings"},"timestamp":"2026-05-18 00:29:23,727+0530","service":"FyersAPIRequest"}
{"level":"DEBUG","location":"[get_call:159] fyersModel","message":{"Status Code":200,"API":"/tradebook"},"timestamp":"2026-05-18 00:29:24,782+0530","service":"FyersAPIRequest"}
{"level":"DEBUG","location":"[get_call:159] fyersModel","message":{"Status Code":200,"API":"/positions"},"timestamp":"2026-05-18 00:29:25,851+0530","service":"FyersAPIRequest"}
{"level":"DEBUG","location":"[get_call:159] fyersModel","message":{"Status Code":200,"API":"/funds"},"timestamp":"2026-05-18 00:29:25,937+0530","service":"FyersAPIRequest"}
{"level":"DEBUG","location":"[get_call:159] fyersModel","message":{"Status Code":200,"API":"/positions"},"timestamp":"2026-05-18 11:01:30,017+0530","service":"FyersAPIRequest"}
{"level":"DEBUG","location":"[get_call:159] fyersModel","message":{"Status Code":200,"API":"/orders"},"timestamp":"2026-05-18 11:01:30,075+0530","service":"FyersAPIRequest"}
{"level":"DEBUG","location":"[get_call:159] fyersModel","message":{"Status Code":200,"API":"/orders"},"timestamp":"2026-05-18 11:01:30,135+0530","service":"FyersAPIRequest"}
{"level":"DEBUG","location":"[get_call:159] fyersModel","message":{"Status Code":200,"API":"/holdings"},"timestamp":"2026-05-18 11:01:30,195+0530","service":"FyersAPIRequest"}
{"level":"DEBUG","location":"[get_call:159] fyersModel","message":{"Status Code":200,"API":"/tradebook"},"timestamp":"2026-05-18 11:01:31,264+0530","service":"FyersAPIRequest"}
{"level":"DEBUG","location":"[get_call:159] fyersModel","message":{"Status Code":200,"API":"/positions"},"timestamp":"2026-05-18 11:01:32,544+0530","service":"FyersAPIRequest"}
{"level":"DEBUG","location":"[get_call:159] fyersModel","message":{"Status Code":200,"API":"/funds"},"timestamp":"2026-05-18 11:01:32,694+0530","service":"FyersAPIRequest"}
{"level":"DEBUG","location":"[get_call:159] fyersModel","message":{"Status Code":200,"API":"/positions"},"timestamp":"2026-05-18 11:01:32,864+0530","service":"FyersAPIRequest"}
{"level":"DEBUG","location":"[get_call:159] fyersModel","message":{"Status Code":200,"API":"/orders"},"timestamp":"2026-05-18 11:01:33,025+0530","service":"FyersAPIRequest"}
{"level":"DEBUG","location":"[get_call:159] fyersModel","message":{"Status Code":200,"API":"/orders"},"timestamp":"2026-05-18 11:01:33,167+0530","service":"FyersAPIRequest"}
{"level":"DEBUG","location":"[get_call:159] fyersModel","message":{"Status Code":200,"API":"/holdings"},"timestamp":"2026-05-18 11:01:33,324+0530","service":"FyersAPIRequest"}
{"level":"DEBUG","location":"[get_call:159] fyersModel","message":{"Status Code":200,"API":"/tradebook"},"timestamp":"2026-05-18 11:01:34,515+0530","service":"FyersAPIRequest"}
{"level":"DEBUG","location":"[get_call:159] fyersModel","message":{"Status Code":200,"API":"/positions"},"timestamp":"2026-05-18 11:01:35,575+0530","service":"FyersAPIRequest"}
{"level":"DEBUG","location":"[get_call:159] fyersModel","message":{"Status Code":200,"API":"/funds"},"timestamp":"2026-05-18 11:01:35,629+0530","service":"FyersAPIRequest"}
{"level":"DEBUG","location":"[get_call:159] fyersModel","message":{"Status Code":200,"API":"/positions"},"timestamp":"2026-05-18 11:01:47,402+0530","service":"FyersAPIRequest"}
{"level":"DEBUG","location":"[get_call:159] fyersModel","message":{"Status Code":200,"API":"/orders"},"timestamp":"2026-05-18 11:01:47,459+0530","service":"FyersAPIRequest"}
{"level":"DEBUG","location":"[get_call:159] fyersModel","message":{"Status Code":200,"API":"/orders"},"timestamp":"2026-05-18 11:01:47,524+0530","service":"FyersAPIRequest"}
{"level":"DEBUG","location":"[get_call:159] fyersModel","message":{"Status Code":200,"API":"/holdings"},"timestamp":"2026-05-18 11:01:47,586+0530","service":"FyersAPIRequest"}
{"level":"DEBUG","location":"[get_call:159] fyersModel","message":{"Status Code":200,"API":"/positions"},"timestamp":"2026-05-18 11:01:58,196+0530","service":"FyersAPIRequest"}
{"level":"DEBUG","location":"[get_call:159] fyersModel","message":{"Status Code":200,"API":"/orders"},"timestamp":"2026-05-18 11:01:58,253+0530","service":"FyersAPIRequest"}
{"level":"DEBUG","location":"[get_call:159] fyersModel","message":{"Status Code":200,"API":"/orders"},"timestamp":"2026-05-18 11:01:58,306+0530","service":"FyersAPIRequest"}
{"level":"DEBUG","location":"[get_call:159] fyersModel","message":{"Status Code":200,"API":"/holdings"},"timestamp":"2026-05-18 11:01:58,361+0530","service":"FyersAPIRequest"}
{"level":"DEBUG","location":"[get_call:159] fyersModel","message":{"Status Code":200,"API":"/tradebook"},"timestamp":"2026-05-18 11:01:59,426+0530","service":"FyersAPIRequest"}
{"level":"DEBUG","location":"[get_call:159] fyersModel","message":{"Status Code":200,"API":"/positions"},"timestamp":"2026-05-18 11:02:00,486+0530","service":"FyersAPIRequest"}
{"level":"DEBUG","location":"[get_call:159] fyersModel","message":{"Status Code":200,"API":"/funds"},"timestamp":"2026-05-18 11:02:00,543+0530","service":"FyersAPIRequest"}
{"level":"DEBUG","location":"[get_call:159] fyersModel","message":{"Status Code":200,"API":"/positions"},"timestamp":"2026-05-18 11:02:39,360+0530","service":"FyersAPIRequest"}
{"level":"DEBUG","location":"[get_call:159] fyersModel","message":{"Status Code":200,"API":"/orders"},"timestamp":"2026-05-18 11:02:39,540+0530","service":"FyersAPIRequest"}
{"level":"DEBUG","location":"[get_call:159] fyersModel","message":{"Status Code":200,"API":"/orders"},"timestamp":"2026-05-18 11:02:39,723+0530","service":"FyersAPIRequest"}
{"level":"DEBUG","location":"[get_call:159] fyersModel","message":{"Status Code":200,"API":"/holdings"},"timestamp":"2026-05-18 11:02:39,963+0530","service":"FyersAPIRequest"}
{"level":"DEBUG","location":"[get_call:159] fyersModel","message":{"Status Code":200,"API":"/tradebook"},"timestamp":"2026-05-18 11:02:41,180+0530","service":"FyersAPIRequest"}
{"level":"DEBUG","location":"[get_call:159] fyersModel","message":{"Status Code":200,"API":"/positions"},"timestamp":"2026-05-18 11:02:42,412+0530","service":"FyersAPIRequest"}
{"level":"DEBUG","location":"[get_call:159] fyersModel","message":{"Status Code":200,"API":"/funds"},"timestamp":"2026-05-18 11:02:42,549+0530","service":"FyersAPIRequest"}
{"level":"DEBUG","location":"[get_call:159] fyersModel","message":{"Status Code":200,"API":"/positions"},"timestamp":"2026-05-18 11:02:42,600+0530","service":"FyersAPIRequest"}
{"level":"DEBUG","location":"[get_call:159] fyersModel","message":{"Status Code":200,"API":"/orders"},"timestamp":"2026-05-18 11:02:42,651+0530","service":"FyersAPIRequest"}
{"level":"DEBUG","location":"[get_call:159] fyersModel","message":{"Status Code":200,"API":"/orders"},"timestamp":"2026-05-18 11:02:42,699+0530","service":"FyersAPIRequest"}
{"level":"DEBUG","location":"[get_call:159] fyersModel","message":{"Status Code":200,"API":"/holdings"},"timestamp":"2026-05-18 11:02:42,752+0530","service":"FyersAPIRequest"}
{"level":"DEBUG","location":"[get_call:159] fyersModel","message":{"Status Code":200,"API":"/tradebook"},"timestamp":"2026-05-18 11:02:43,803+0530","service":"FyersAPIRequest"}
{"level":"DEBUG","location":"[get_call:159] fyersModel","message":{"Status Code":200,"API":"/positions"},"timestamp":"2026-05-18 11:02:44,855+0530","service":"FyersAPIRequest"}
{"level":"DEBUG","location":"[get_call:159] fyersModel","message":{"Status Code":200,"API":"/funds"},"timestamp":"2026-05-18 11:02:44,915+0530","service":"FyersAPIRequest"}
{"level":"DEBUG","location":"[get_call:159] fyersModel","message":{"Status Code":200,"API":"/positions"},"timestamp":"2026-05-18 11:02:59,523+0530","service":"FyersAPIRequest"}
{"level":"DEBUG","location":"[get_call:159] fyersModel","message":{"Status Code":200,"API":"/orders"},"timestamp":"2026-05-18 11:02:59,571+0530","service":"FyersAPIRequest"}
{"level":"DEBUG","location":"[get_call:159] fyersModel","message":{"Status Code":200,"API":"/orders"},"timestamp":"2026-05-18 11:02:59,622+0530","service":"FyersAPIRequest"}
{"level":"DEBUG","location":"[get_call:159] fyersModel","message":{"Status Code":200,"API":"/holdings"},"timestamp":"2026-05-18 11:02:59,668+0530","service":"FyersAPIRequest"}
{"level":"DEBUG","location":"[get_call:159] fyersModel","message":{"Status Code":200,"API":"/tradebook"},"timestamp":"2026-05-18 11:03:00,721+0530","service":"FyersAPIRequest"}
{"level":"DEBUG","location":"[get_call:159] fyersModel","message":{"Status Code":200,"API":"/positions"},"timestamp":"2026-05-18 11:03:01,773+0530","service":"FyersAPIRequest"}
{"level":"DEBUG","location":"[get_call:159] fyersModel","message":{"Status Code":200,"API":"/funds"},"timestamp":"2026-05-18 11:03:01,822+0530","service":"FyersAPIRequest"}
{"level":"DEBUG","location":"[get_call:159] fyersModel","message":{"Status Code":200,"API":"/positions"},"timestamp":"2026-05-18 11:03:04,209+0530","service":"FyersAPIRequest"}
{"level":"DEBUG","location":"[get_call:159] fyersModel","message":{"Status Code":200,"API":"/orders"},"timestamp":"2026-05-18 11:03:04,261+0530","service":"FyersAPIRequest"}
{"level":"DEBUG","location":"[get_call:159] fyersModel","message":{"Status Code":200,"API":"/orders"},"timestamp":"2026-05-18 11:03:04,311+0530","service":"FyersAPIRequest"}
{"level":"DEBUG","location":"[get_call:159] fyersModel","message":{"Status Code":200,"API":"/holdings"},"timestamp":"2026-05-18 11:03:04,358+0530","service":"FyersAPIRequest"}
{"level":"DEBUG","location":"[get_call:159] fyersModel","message":{"Status Code":200,"API":"/tradebook"},"timestamp":"2026-05-18 11:03:05,408+0530","service":"FyersAPIRequest"}
{"level":"DEBUG","location":"[get_call:159] fyersModel","message":{"Status Code":200,"API":"/positions"},"timestamp":"2026-05-18 11:03:06,460+0530","service":"FyersAPIRequest"}
{"level":"DEBUG","location":"[get_call:159] fyersModel","message":{"Status Code":200,"API":"/funds"},"timestamp":"2026-05-18 11:03:06,508+0530","service":"FyersAPIRequest"}
{"level":"DEBUG","location":"[get_call:159] fyersModel","message":{"Status Code":200,"API":"/quotes"},"timestamp":"2026-05-18 11:20:28,561+0530","service":"FyersAPIRequest"}
{"level":"DEBUG","location":"[get_call:159] fyersModel","message":{"Status Code":200,"API":"/quotes"},"timestamp":"2026-05-18 11:20:35,429+0530","service":"FyersAPIRequest"}
{"level":"DEBUG","location":"[get_call:159] fyersModel","message":{"Status Code":200,"API":"/positions"},"timestamp":"2026-05-18 19:08:12,536+0530","service":"FyersAPIRequest"}
{"level":"DEBUG","location":"[get_call:159] fyersModel","message":{"Status Code":200,"API":"/orders"},"timestamp":"2026-05-18 19:08:12,616+0530","service":"FyersAPIRequest"}
{"level":"DEBUG","location":"[get_call:159] fyersModel","message":{"Status Code":200,"API":"/orders"},"timestamp":"2026-05-18 19:08:12,674+0530","service":"FyersAPIRequest"}
{"level":"DEBUG","location":"[get_call:159] fyersModel","message":{"Status Code":200,"API":"/holdings"},"timestamp":"2026-05-18 19:08:12,725+0530","service":"FyersAPIRequest"}
{"level":"DEBUG","location":"[get_call:159] fyersModel","message":{"Status Code":200,"API":"/tradebook"},"timestamp":"2026-05-18 19:08:13,789+0530","service":"FyersAPIRequest"}
{"level":"DEBUG","location":"[get_call:159] fyersModel","message":{"Status Code":200,"API":"/positions"},"timestamp":"2026-05-18 19:08:14,838+0530","service":"FyersAPIRequest"}
{"level":"DEBUG","location":"[get_call:159] fyersModel","message":{"Status Code":200,"API":"/funds"},"timestamp":"2026-05-18 19:08:14,885+0530","service":"FyersAPIRequest"}
{"level":"DEBUG","location":"[get_call:159] fyersModel","message":{"Status Code":200,"API":"/positions"},"timestamp":"2026-05-18 19:08:18,591+0530","service":"FyersAPIRequest"}
{"level":"DEBUG","location":"[get_call:159] fyersModel","message":{"Status Code":200,"API":"/orders"},"timestamp":"2026-05-18 19:08:18,648+0530","service":"FyersAPIRequest"}
{"level":"DEBUG","location":"[get_call:159] fyersModel","message":{"Status Code":200,"API":"/orders"},"timestamp":"2026-05-18 19:08:18,699+0530","service":"FyersAPIRequest"}
{"level":"DEBUG","location":"[get_call:159] fyersModel","message":{"Status Code":200,"API":"/holdings"},"timestamp":"2026-05-18 19:08:18,751+0530","service":"FyersAPIRequest"}
{"level":"DEBUG","location":"[get_call:159] fyersModel","message":{"Status Code":200,"API":"/tradebook"},"timestamp":"2026-05-18 19:08:19,816+0530","service":"FyersAPIRequest"}
{"level":"DEBUG","location":"[get_call:159] fyersModel","message":{"Status Code":200,"API":"/positions"},"timestamp":"2026-05-18 19:08:20,865+0530","service":"FyersAPIRequest"}
{"level":"DEBUG","location":"[get_call:159] fyersModel","message":{"Status Code":200,"API":"/funds"},"timestamp":"2026-05-18 19:08:20,919+0530","service":"FyersAPIRequest"}
{"level":"DEBUG","location":"[get_call:159] fyersModel","message":{"Status Code":200,"API":"/positions"},"timestamp":"2026-05-19 10:43:09,336+0530","service":"FyersAPIRequest"}
{"level":"DEBUG","location":"[get_call:159] fyersModel","message":{"Status Code":200,"API":"/orders"},"timestamp":"2026-05-19 10:43:09,381+0530","service":"FyersAPIRequest"}
{"level":"DEBUG","location":"[get_call:159] fyersModel","message":{"Status Code":200,"API":"/orders"},"timestamp":"2026-05-19 10:43:09,430+0530","service":"FyersAPIRequest"}
{"level":"DEBUG","location":"[get_call:159] fyersModel","message":{"Status Code":200,"API":"/holdings"},"timestamp":"2026-05-19 10:43:09,479+0530","service":"FyersAPIRequest"}
{"level":"DEBUG","location":"[get_call:159] fyersModel","message":{"Status Code":200,"API":"/tradebook"},"timestamp":"2026-05-19 10:43:10,529+0530","service":"FyersAPIRequest"}
{"level":"DEBUG","location":"[get_call:159] fyersModel","message":{"Status Code":200,"API":"/positions"},"timestamp":"2026-05-19 10:43:11,574+0530","service":"FyersAPIRequest"}
{"level":"DEBUG","location":"[get_call:159] fyersModel","message":{"Status Code":200,"API":"/funds"},"timestamp":"2026-05-19 10:43:11,621+0530","service":"FyersAPIRequest"}
{"level":"DEBUG","location":"[get_call:159] fyersModel","message":{"Status Code":200,"API":"/positions"},"timestamp":"2026-05-19 10:43:11,675+0530","service":"FyersAPIRequest"}
{"level":"DEBUG","location":"[get_call:159] fyersModel","message":{"Status Code":200,"API":"/orders"},"timestamp":"2026-05-19 10:43:11,720+0530","service":"FyersAPIRequest"}
{"level":"DEBUG","location":"[get_call:159] fyersModel","message":{"Status Code":200,"API":"/orders"},"timestamp":"2026-05-19 10:43:11,765+0530","service":"FyersAPIRequest"}
{"level":"DEBUG","location":"[get_call:159] fyersModel","message":{"Status Code":200,"API":"/holdings"},"timestamp":"2026-05-19 10:43:11,820+0530","service":"FyersAPIRequest"}
{"level":"DEBUG","location":"[get_call:159] fyersModel","message":{"Status Code":200,"API":"/tradebook"},"timestamp":"2026-05-19 10:43:12,867+0530","service":"FyersAPIRequest"}
{"level":"DEBUG","location":"[get_call:159] fyersModel","message":{"Status Code":200,"API":"/positions"},"timestamp":"2026-05-19 10:43:13,917+0530","service":"FyersAPIRequest"}
{"level":"DEBUG","location":"[get_call:159] fyersModel","message":{"Status Code":200,"API":"/funds"},"timestamp":"2026-05-19 10:43:13,975+0530","service":"FyersAPIRequest"}
{"level":"DEBUG","location":"[get_call:159] fyersModel","message":{"Status Code":200,"API":"/positions"},"timestamp":"2026-05-19 10:56:58,966+0530","service":"FyersAPIRequest"}
{"level":"DEBUG","location":"[get_call:159] fyersModel","message":{"Status Code":200,"API":"/orders"},"timestamp":"2026-05-19 10:56:59,037+0530","service":"FyersAPIRequest"}
{"level":"DEBUG","location":"[get_call:159] fyersModel","message":{"Status Code":200,"API":"/orders"},"timestamp":"2026-05-19 10:56:59,103+0530","service":"FyersAPIRequest"}
{"level":"DEBUG","location":"[get_call:159] fyersModel","message":{"Status Code":200,"API":"/holdings"},"timestamp":"2026-05-19 10:56:59,165+0530","service":"FyersAPIRequest"}
{"level":"DEBUG","location":"[get_call:159] fyersModel","message":{"Status Code":200,"API":"/tradebook"},"timestamp":"2026-05-19 10:57:00,227+0530","service":"FyersAPIRequest"}
{"level":"DEBUG","location":"[get_call:159] fyersModel","message":{"Status Code":200,"API":"/positions"},"timestamp":"2026-05-19 10:57:01,291+0530","service":"FyersAPIRequest"}
{"level":"DEBUG","location":"[get_call:159] fyersModel","message":{"Status Code":200,"API":"/funds"},"timestamp":"2026-05-19 10:57:01,359+0530","service":"FyersAPIRequest"}
{"level":"DEBUG","location":"[get_call:159] fyersModel","message":{"Status Code":200,"API":"/positions"},"timestamp":"2026-05-19 11:55:25,020+0530","service":"FyersAPIRequest"}
{"level":"DEBUG","location":"[get_call:159] fyersModel","message":{"Status Code":200,"API":"/orders"},"timestamp":"2026-05-19 11:55:25,068+0530","service":"FyersAPIRequest"}
{"level":"DEBUG","location":"[get_call:159] fyersModel","message":{"Status Code":200,"API":"/orders"},"timestamp":"2026-05-19 11:55:25,122+0530","service":"FyersAPIRequest"}
{"level":"DEBUG","location":"[get_call:159] fyersModel","message":{"Status Code":200,"API":"/holdings"},"timestamp":"2026-05-19 11:55:25,174+0530","service":"FyersAPIRequest"}
{"level":"DEBUG","location":"[get_call:159] fyersModel","message":{"Status Code":200,"API":"/tradebook"},"timestamp":"2026-05-19 11:55:26,229+0530","service":"FyersAPIRequest"}
{"level":"DEBUG","location":"[get_call:159] fyersModel","message":{"Status Code":200,"API":"/positions"},"timestamp":"2026-05-19 11:55:27,278+0530","service":"FyersAPIRequest"}
{"level":"DEBUG","location":"[get_call:159] fyersModel","message":{"Status Code":200,"API":"/funds"},"timestamp":"2026-05-19 11:55:27,332+0530","service":"FyersAPIRequest"}
{"level":"DEBUG","location":"[get_call:159] fyersModel","message":{"Status Code":200,"API":"/positions"},"timestamp":"2026-05-19 11:55:27,387+0530","service":"FyersAPIRequest"}
{"level":"DEBUG","location":"[get_call:159] fyersModel","message":{"Status Code":200,"API":"/orders"},"timestamp":"2026-05-19 11:55:27,443+0530","service":"FyersAPIRequest"}
{"level":"DEBUG","location":"[get_call:159] fyersModel","message":{"Status Code":200,"API":"/orders"},"timestamp":"2026-05-19 11:55:27,489+0530","service":"FyersAPIRequest"}
{"level":"DEBUG","location":"[get_call:159] fyersModel","message":{"Status Code":200,"API":"/holdings"},"timestamp":"2026-05-19 11:55:27,549+0530","service":"FyersAPIRequest"}
{"level":"DEBUG","location":"[get_call:159] fyersModel","message":{"Status Code":200,"API":"/tradebook"},"timestamp":"2026-05-19 11:55:28,603+0530","service":"FyersAPIRequest"}
{"level":"DEBUG","location":"[get_call:159] fyersModel","message":{"Status Code":200,"API":"/positions"},"timestamp":"2026-05-19 11:55:29,663+0530","service":"FyersAPIRequest"}
{"level":"DEBUG","location":"[get_call:159] fyersModel","message":{"Status Code":200,"API":"/funds"},"timestamp":"2026-05-19 11:55:29,715+0530","service":"FyersAPIRequest"}
{"level":"DEBUG","location":"[get_call:159] fyersModel","message":{"Status Code":200,"API":"/positions"},"timestamp":"2026-05-19 11:55:30,597+0530","service":"FyersAPIRequest"}
{"level":"DEBUG","location":"[get_call:159] fyersModel","message":{"Status Code":200,"API":"/orders"},"timestamp":"2026-05-19 11:55:30,647+0530","service":"FyersAPIRequest"}
{"level":"DEBUG","location":"[get_call:159] fyersModel","message":{"Status Code":200,"API":"/orders"},"timestamp":"2026-05-19 11:55:30,699+0530","service":"FyersAPIRequest"}
{"level":"DEBUG","location":"[get_call:159] fyersModel","message":{"Status Code":200,"API":"/holdings"},"timestamp":"2026-05-19 11:55:30,752+0530","service":"FyersAPIRequest"}
{"level":"DEBUG","location":"[get_call:159] fyersModel","message":{"Status Code":200,"API":"/tradebook"},"timestamp":"2026-05-19 11:55:31,814+0530","service":"FyersAPIRequest"}
{"level":"DEBUG","location":"[get_call:159] fyersModel","message":{"Status Code":200,"API":"/positions"},"timestamp":"2026-05-19 11:55:32,867+0530","service":"FyersAPIRequest"}
{"level":"DEBUG","location":"[get_call:159] fyersModel","message":{"Status Code":200,"API":"/funds"},"timestamp":"2026-05-19 11:55:32,919+0530","service":"FyersAPIRequest"}
{"level":"DEBUG","location":"[get_call:159] fyersModel","message":{"Status Code":200,"API":"/positions"},"timestamp":"2026-05-19 23:35:07,108+0530","service":"FyersAPIRequest"}
{"level":"DEBUG","location":"[get_call:159] fyersModel","message":{"Status Code":200,"API":"/orders"},"timestamp":"2026-05-19 23:35:07,163+0530","service":"FyersAPIRequest"}
{"level":"DEBUG","location":"[get_call:159] fyersModel","message":{"Status Code":200,"API":"/orders"},"timestamp":"2026-05-19 23:35:07,206+0530","service":"FyersAPIRequest"}
{"level":"DEBUG","location":"[get_call:159] fyersModel","message":{"Status Code":200,"API":"/holdings"},"timestamp":"2026-05-19 23:35:07,259+0530","service":"FyersAPIRequest"}
{"level":"DEBUG","location":"[get_call:159] fyersModel","message":{"Status Code":200,"API":"/tradebook"},"timestamp":"2026-05-19 23:35:08,305+0530","service":"FyersAPIRequest"}
{"level":"DEBUG","location":"[get_call:159] fyersModel","message":{"Status Code":200,"API":"/positions"},"timestamp":"2026-05-19 23:35:09,353+0530","service":"FyersAPIRequest"}
{"level":"DEBUG","location":"[get_call:159] fyersModel","message":{"Status Code":200,"API":"/funds"},"timestamp":"2026-05-19 23:35:09,412+0530","service":"FyersAPIRequest"}
{"level":"DEBUG","location":"[get_call:159] fyersModel","message":{"Status Code":200,"API":"/positions"},"timestamp":"2026-05-19 23:35:13,036+0530","service":"FyersAPIRequest"}
{"level":"DEBUG","location":"[get_call:159] fyersModel","message":{"Status Code":200,"API":"/orders"},"timestamp":"2026-05-19 23:35:13,085+0530","service":"FyersAPIRequest"}
{"level":"DEBUG","location":"[get_call:159] fyersModel","message":{"Status Code":200,"API":"/orders"},"timestamp":"2026-05-19 23:35:13,131+0530","service":"FyersAPIRequest"}
{"level":"DEBUG","location":"[get_call:159] fyersModel","message":{"Status Code":200,"API":"/holdings"},"timestamp":"2026-05-19 23:35:13,185+0530","service":"FyersAPIRequest"}
{"level":"DEBUG","location":"[get_call:159] fyersModel","message":{"Status Code":200,"API":"/tradebook"},"timestamp":"2026-05-19 23:35:14,260+0530","service":"FyersAPIRequest"}
{"level":"DEBUG","location":"[get_call:159] fyersModel","message":{"Status Code":200,"API":"/positions"},"timestamp":"2026-05-19 23:35:15,304+0530","service":"FyersAPIRequest"}
{"level":"DEBUG","location":"[get_call:159] fyersModel","message":{"Status Code":200,"API":"/funds"},"timestamp":"2026-05-19 23:35:15,353+0530","service":"FyersAPIRequest"}
{"level":"DEBUG","location":"[get_call:159] fyersModel","message":{"Status Code":401,"API":"/positions"},"timestamp":"2026-05-20 10:15:41,969+0530","service":"FyersAPIRequest"}
{"level":"DEBUG","location":"[get_call:159] fyersModel","message":{"Status Code":401,"API":"/orders"},"timestamp":"2026-05-20 10:15:42,020+0530","service":"FyersAPIRequest"}
{"level":"DEBUG","location":"[get_call:159] fyersModel","message":{"Status Code":401,"API":"/orders"},"timestamp":"2026-05-20 10:15:42,065+0530","service":"FyersAPIRequest"}
{"level":"DEBUG","location":"[get_call:159] fyersModel","message":{"Status Code":401,"API":"/holdings"},"timestamp":"2026-05-20 10:15:42,116+0530","service":"FyersAPIRequest"}
{"level":"DEBUG","location":"[get_call:159] fyersModel","message":{"Status Code":401,"API":"/tradebook"},"timestamp":"2026-05-20 10:15:43,159+0530","service":"FyersAPIRequest"}
{"level":"DEBUG","location":"[get_call:159] fyersModel","message":{"Status Code":401,"API":"/positions"},"timestamp":"2026-05-20 10:15:44,206+0530","service":"FyersAPIRequest"}
{"level":"DEBUG","location":"[get_call:159] fyersModel","message":{"Status Code":401,"API":"/funds"},"timestamp":"2026-05-20 10:15:44,253+0530","service":"FyersAPIRequest"}
{"level":"DEBUG","location":"[get_call:159] fyersModel","message":{"Status Code":401,"API":"/positions"},"timestamp":"2026-05-20 10:15:44,305+0530","service":"FyersAPIRequest"}
{"level":"DEBUG","location":"[get_call:159] fyersModel","message":{"Status Code":401,"API":"/orders"},"timestamp":"2026-05-20 10:15:44,349+0530","service":"FyersAPIRequest"}
{"level":"DEBUG","location":"[get_call:159] fyersModel","message":{"Status Code":401,"API":"/orders"},"timestamp":"2026-05-20 10:15:44,394+0530","service":"FyersAPIRequest"}
{"level":"DEBUG","location":"[get_call:159] fyersModel","message":{"Status Code":401,"API":"/holdings"},"timestamp":"2026-05-20 10:15:44,441+0530","service":"FyersAPIRequest"}
{"level":"DEBUG","location":"[get_call:159] fyersModel","message":{"Status Code":401,"API":"/tradebook"},"timestamp":"2026-05-20 10:15:45,487+0530","service":"FyersAPIRequest"}
{"level":"DEBUG","location":"[get_call:159] fyersModel","message":{"Status Code":401,"API":"/positions"},"timestamp":"2026-05-20 10:15:46,536+0530","service":"FyersAPIRequest"}
{"level":"DEBUG","location":"[get_call:159] fyersModel","message":{"Status Code":401,"API":"/funds"},"timestamp":"2026-05-20 10:15:46,579+0530","service":"FyersAPIRequest"}
{"level":"DEBUG","location":"[get_call:159] fyersModel","message":{"Status Code":401,"API":"/positions"},"timestamp":"2026-05-20 10:15:47,408+0530","service":"FyersAPIRequest"}
{"level":"DEBUG","location":"[get_call:159] fyersModel","message":{"Status Code":401,"API":"/orders"},"timestamp":"2026-05-20 10:15:47,455+0530","service":"FyersAPIRequest"}
{"level":"DEBUG","location":"[get_call:159] fyersModel","message":{"Status Code":401,"API":"/orders"},"timestamp":"2026-05-20 10:15:47,500+0530","service":"FyersAPIRequest"}
{"level":"DEBUG","location":"[get_call:159] fyersModel","message":{"Status Code":401,"API":"/holdings"},"timestamp":"2026-05-20 10:15:47,546+0530","service":"FyersAPIRequest"}
{"level":"DEBUG","location":"[get_call:159] fyersModel","message":{"Status Code":200,"API":"/positions"},"timestamp":"2026-05-20 10:15:57,072+0530","service":"FyersAPIRequest"}
{"level":"DEBUG","location":"[get_call:159] fyersModel","message":{"Status Code":200,"API":"/orders"},"timestamp":"2026-05-20 10:15:57,120+0530","service":"FyersAPIRequest"}
{"level":"DEBUG","location":"[get_call:159] fyersModel","message":{"Status Code":200,"API":"/orders"},"timestamp":"2026-05-20 10:15:57,168+0530","service":"FyersAPIRequest"}
{"level":"DEBUG","location":"[get_call:159] fyersModel","message":{"Status Code":200,"API":"/holdings"},"timestamp":"2026-05-20 10:15:57,222+0530","service":"FyersAPIRequest"}
{"level":"DEBUG","location":"[get_call:159] fyersModel","message":{"Status Code":200,"API":"/tradebook"},"timestamp":"2026-05-20 10:15:58,277+0530","service":"FyersAPIRequest"}
{"level":"DEBUG","location":"[get_call:159] fyersModel","message":{"Status Code":200,"API":"/positions"},"timestamp":"2026-05-20 10:15:59,332+0530","service":"FyersAPIRequest"}
{"level":"DEBUG","location":"[get_call:159] fyersModel","message":{"Status Code":200,"API":"/funds"},"timestamp":"2026-05-20 10:15:59,383+0530","service":"FyersAPIRequest"}
{"level":"DEBUG","location":"[get_call:159] fyersModel","message":{"Status Code":200,"API":"/positions"},"timestamp":"2026-05-20 10:15:59,438+0530","service":"FyersAPIRequest"}
{"level":"DEBUG","location":"[get_call:159] fyersModel","message":{"Status Code":200,"API":"/orders"},"timestamp":"2026-05-20 10:15:59,487+0530","service":"FyersAPIRequest"}
{"level":"DEBUG","location":"[get_call:159] fyersModel","message":{"Status Code":200,"API":"/orders"},"timestamp":"2026-05-20 10:15:59,537+0530","service":"FyersAPIRequest"}
{"level":"DEBUG","location":"[get_call:159] fyersModel","message":{"Status Code":200,"API":"/holdings"},"timestamp":"2026-05-20 10:15:59,589+0530","service":"FyersAPIRequest"}
{"level":"DEBUG","location":"[get_call:159] fyersModel","message":{"Status Code":200,"API":"/tradebook"},"timestamp":"2026-05-20 10:16:00,642+0530","service":"FyersAPIRequest"}
{"level":"DEBUG","location":"[get_call:159] fyersModel","message":{"Status Code":200,"API":"/positions"},"timestamp":"2026-05-20 10:16:01,692+0530","service":"FyersAPIRequest"}
{"level":"DEBUG","location":"[get_call:159] fyersModel","message":{"Status Code":200,"API":"/funds"},"timestamp":"2026-05-20 10:16:01,743+0530","service":"FyersAPIRequest"}
{"level":"DEBUG","location":"[get_call:159] fyersModel","message":{"Status Code":200,"API":"/positions"},"timestamp":"2026-05-20 15:01:02,136+0530","service":"FyersAPIRequest"}
{"level":"DEBUG","location":"[get_call:159] fyersModel","message":{"Status Code":200,"API":"/orders"},"timestamp":"2026-05-20 15:01:02,187+0530","service":"FyersAPIRequest"}
{"level":"DEBUG","location":"[get_call:159] fyersModel","message":{"Status Code":200,"API":"/orders"},"timestamp":"2026-05-20 15:01:02,244+0530","service":"FyersAPIRequest"}
{"level":"DEBUG","location":"[get_call:159] fyersModel","message":{"Status Code":200,"API":"/holdings"},"timestamp":"2026-05-20 15:01:02,298+0530","service":"FyersAPIRequest"}
{"level":"DEBUG","location":"[get_call:159] fyersModel","message":{"Status Code":200,"API":"/tradebook"},"timestamp":"2026-05-20 15:01:03,345+0530","service":"FyersAPIRequest"}
{"level":"DEBUG","location":"[get_call:159] fyersModel","message":{"Status Code":200,"API":"/positions"},"timestamp":"2026-05-20 15:01:04,400+0530","service":"FyersAPIRequest"}
{"level":"DEBUG","location":"[get_call:159] fyersModel","message":{"Status Code":200,"API":"/funds"},"timestamp":"2026-05-20 15:01:04,462+0530","service":"FyersAPIRequest"}
{"level":"DEBUG","location":"[get_call:159] fyersModel","message":{"Status Code":200,"API":"/positions"},"timestamp":"2026-05-20 15:01:34,516+0530","service":"FyersAPIRequest"}
{"level":"DEBUG","location":"[get_call:159] fyersModel","message":{"Status Code":200,"API":"/orders"},"timestamp":"2026-05-20 15:01:34,565+0530","service":"FyersAPIRequest"}
{"level":"DEBUG","location":"[get_call:159] fyersModel","message":{"Status Code":200,"API":"/orders"},"timestamp":"2026-05-20 15:01:34,622+0530","service":"FyersAPIRequest"}
{"level":"DEBUG","location":"[get_call:159] fyersModel","message":{"Status Code":200,"API":"/holdings"},"timestamp":"2026-05-20 15:01:34,683+0530","service":"FyersAPIRequest"}
{"level":"DEBUG","location":"[get_call:159] fyersModel","message":{"Status Code":200,"API":"/tradebook"},"timestamp":"2026-05-20 15:01:35,739+0530","service":"FyersAPIRequest"}
{"level":"DEBUG","location":"[get_call:159] fyersModel","message":{"Status Code":200,"API":"/positions"},"timestamp":"2026-05-20 15:01:36,787+0530","service":"FyersAPIRequest"}
{"level":"DEBUG","location":"[get_call:159] fyersModel","message":{"Status Code":200,"API":"/funds"},"timestamp":"2026-05-20 15:01:36,841+0530","service":"FyersAPIRequest"}
{"level":"DEBUG","location":"[get_call:159] fyersModel","message":{"Status Code":200,"API":"/history"},"timestamp":"2026-05-20 15:07:32,711+0530","service":"FyersAPIRequest"}
{"level":"DEBUG","location":"[get_call:159] fyersModel","message":{"Status Code":200,"API":"/history"},"timestamp":"2026-05-20 15:07:33,051+0530","service":"FyersAPIRequest"}
{"level":"DEBUG","location":"[get_call:159] fyersModel","message":{"Status Code":200,"API":"/history"},"timestamp":"2026-05-20 15:07:33,339+0530","service":"FyersAPIRequest"}
{"level":"DEBUG","location":"[get_call:159] fyersModel","message":{"Status Code":200,"API":"/history"},"timestamp":"2026-05-20 15:07:33,642+0530","service":"FyersAPIRequest"}
{"level":"DEBUG","location":"[get_call:159] fyersModel","message":{"Status Code":200,"API":"/history"},"timestamp":"2026-05-20 15:07:33,950+0530","service":"FyersAPIRequest"}
{"level":"DEBUG","location":"[get_call:159] fyersModel","message":{"Status Code":200,"API":"/history"},"timestamp":"2026-05-20 15:07:34,521+0530","service":"FyersAPIRequest"}
{"level":"DEBUG","location":"[get_call:159] fyersModel","message":{"Status Code":200,"API":"/history"},"timestamp":"2026-05-20 15:07:34,844+0530","service":"FyersAPIRequest"}
{"level":"DEBUG","location":"[get_call:159] fyersModel","message":{"Status Code":200,"API":"/history"},"timestamp":"2026-05-20 15:07:35,115+0530","service":"FyersAPIRequest"}
{"level":"DEBUG","location":"[get_call:159] fyersModel","message":{"Status Code":200,"API":"/history"},"timestamp":"2026-05-20 15:07:35,666+0530","service":"FyersAPIRequest"}
{"level":"DEBUG","location":"[get_call:159] fyersModel","message":{"Status Code":200,"API":"/history"},"timestamp":"2026-05-20 15:07:35,929+0530","service":"FyersAPIRequest"}
{"level":"DEBUG","location":"[get_call:159] fyersModel","message":{"Status Code":200,"API":"/history"},"timestamp":"2026-05-20 15:07:36,212+0530","service":"FyersAPIRequest"}
{"level":"DEBUG","location":"[get_call:159] fyersModel","message":{"Status Code":200,"API":"/history"},"timestamp":"2026-05-20 15:07:36,491+0530","service":"FyersAPIRequest"}
{"level":"DEBUG","location":"[get_call:159] fyersModel","message":{"Status Code":200,"API":"/history"},"timestamp":"2026-05-20 15:07:36,772+0530","service":"FyersAPIRequest"}
{"level":"DEBUG","location":"[get_call:159] fyersModel","message":{"Status Code":200,"API":"/history"},"timestamp":"2026-05-20 15:07:37,061+0530","service":"FyersAPIRequest"}
{"level":"DEBUG","location":"[get_call:159] fyersModel","message":{"Status Code":200,"API":"/history"},"timestamp":"2026-05-20 15:07:37,347+0530","service":"FyersAPIRequest"}
{"level":"DEBUG","location":"[get_call:159] fyersModel","message":{"Status Code":200,"API":"/history"},"timestamp":"2026-05-20 15:07:37,625+0530","service":"FyersAPIRequest"}
{"level":"DEBUG","location":"[get_call:159] fyersModel","message":{"Status Code":200,"API":"/history"},"timestamp":"2026-05-20 15:07:37,928+0530","service":"FyersAPIRequest"}
{"level":"DEBUG","location":"[get_call:159] fyersModel","message":{"Status Code":200,"API":"/history"},"timestamp":"2026-05-20 15:07:38,211+0530","service":"FyersAPIRequest"}
{"level":"DEBUG","location":"[get_call:159] fyersModel","message":{"Status Code":200,"API":"/history"},"timestamp":"2026-05-20 15:07:38,504+0530","service":"FyersAPIRequest"}
{"level":"DEBUG","location":"[get_call:159] fyersModel","message":{"Status Code":200,"API":"/history"},"timestamp":"2026-05-20 15:07:38,775+0530","service":"FyersAPIRequest"}
{"level":"DEBUG","location":"[get_call:159] fyersModel","message":{"Status Code":200,"API":"/history"},"timestamp":"2026-05-20 15:07:39,039+0530","service":"FyersAPIRequest"}
{"level":"DEBUG","location":"[get_call:159] fyersModel","message":{"Status Code":200,"API":"/history"},"timestamp":"2026-05-20 15:07:39,344+0530","service":"FyersAPIRequest"}
{"level":"DEBUG","location":"[get_call:159] fyersModel","message":{"Status Code":200,"API":"/history"},"timestamp":"2026-05-20 15:07:39,602+0530","service":"FyersAPIRequest"}
{"level":"DEBUG","location":"[get_call:159] fyersModel","message":{"Status Code":200,"API":"/history"},"timestamp":"2026-05-20 15:07:39,888+0530","service":"FyersAPIRequest"}
{"level":"DEBUG","location":"[get_call:159] fyersModel","message":{"Status Code":200,"API":"/history"},"timestamp":"2026-05-20 15:07:40,161+0530","service":"FyersAPIRequest"}
{"level":"DEBUG","location":"[get_call:159] fyersModel","message":{"Status Code":200,"API":"/history"},"timestamp":"2026-05-20 15:07:40,447+0530","service":"FyersAPIRequest"}
{"level":"DEBUG","location":"[get_call:159] fyersModel","message":{"Status Code":200,"API":"/history"},"timestamp":"2026-05-20 15:07:40,740+0530","service":"FyersAPIRequest"}
{"level":"DEBUG","location":"[get_call:159] fyersModel","message":{"Status Code":200,"API":"/history"},"timestamp":"2026-05-20 15:07:41,022+0530","service":"FyersAPIRequest"}
{"level":"DEBUG","location":"[get_call:159] fyersModel","message":{"Status Code":200,"API":"/history"},"timestamp":"2026-05-20 15:07:41,303+0530","service":"FyersAPIRequest"}
{"level":"DEBUG","location":"[get_call:159] fyersModel","message":{"Status Code":200,"API":"/history"},"timestamp":"2026-05-20 15:07:41,585+0530","service":"FyersAPIRequest"}
{"level":"DEBUG","location":"[get_call:159] fyersModel","message":{"Status Code":200,"API":"/history"},"timestamp":"2026-05-20 15:07:41,858+0530","service":"FyersAPIRequest"}
{"level":"DEBUG","location":"[get_call:159] fyersModel","message":{"Status Code":200,"API":"/history"},"timestamp":"2026-05-20 15:07:42,149+0530","service":"FyersAPIRequest"}
{"level":"DEBUG","location":"[get_call:159] fyersModel","message":{"Status Code":200,"API":"/history"},"timestamp":"2026-05-20 15:07:42,424+0530","service":"FyersAPIRequest"}
{"level":"DEBUG","location":"[get_call:159] fyersModel","message":{"Status Code":200,"API":"/history"},"timestamp":"2026-05-20 15:07:42,711+0530","service":"FyersAPIRequest"}
{"level":"DEBUG","location":"[get_call:159] fyersModel","message":{"Status Code":200,"API":"/history"},"timestamp":"2026-05-20 15:07:42,997+0530","service":"FyersAPIRequest"}
{"level":"DEBUG","location":"[get_call:159] fyersModel","message":{"Status Code":200,"API":"/history"},"timestamp":"2026-05-20 15:07:43,290+0530","service":"FyersAPIRequest"}
{"level":"DEBUG","location":"[get_call:159] fyersModel","message":{"Status Code":200,"API":"/history"},"timestamp":"2026-05-20 15:07:43,572+0530","service":"FyersAPIRequest"}
{"level":"DEBUG","location":"[get_call:159] fyersModel","message":{"Status Code":200,"API":"/history"},"timestamp":"2026-05-20 15:07:43,840+0530","service":"FyersAPIRequest"}
{"level":"DEBUG","location":"[get_call:159] fyersModel","message":{"Status Code":200,"API":"/history"},"timestamp":"2026-05-20 15:07:44,121+0530","service":"FyersAPIRequest"}
{"level":"DEBUG","location":"[get_call:159] fyersModel","message":{"Status Code":200,"API":"/history"},"timestamp":"2026-05-20 15:07:44,396+0530","service":"FyersAPIRequest"}
{"level":"DEBUG","location":"[get_call:159] fyersModel","message":{"Status Code":200,"API":"/history"},"timestamp":"2026-05-20 15:07:44,689+0530","service":"FyersAPIRequest"}
{"level":"DEBUG","location":"[get_call:159] fyersModel","message":{"Status Code":200,"API":"/history"},"timestamp":"2026-05-20 15:07:44,973+0530","service":"FyersAPIRequest"}
{"level":"DEBUG","location":"[get_call:159] fyersModel","message":{"Status Code":422,"API":"/history"},"timestamp":"2026-05-20 15:07:45,227+0530","service":"FyersAPIRequest"}
{"level":"DEBUG","location":"[get_call:159] fyersModel","message":{"Status Code":422,"API":"/history"},"timestamp":"2026-05-20 15:07:45,333+0530","service":"FyersAPIRequest"}
{"level":"DEBUG","location":"[get_call:159] fyersModel","message":{"Status Code":422,"API":"/history"},"timestamp":"2026-05-20 15:07:45,424+0530","service":"FyersAPIRequest"}
{"level":"DEBUG","location":"[get_call:159] fyersModel","message":{"Status Code":422,"API":"/history"},"timestamp":"2026-05-20 15:07:45,509+0530","service":"FyersAPIRequest"}
{"level":"DEBUG","location":"[get_call:159] fyersModel","message":{"Status Code":422,"API":"/history"},"timestamp":"2026-05-20 15:07:45,602+0530","service":"FyersAPIRequest"}
{"level":"DEBUG","location":"[get_call:159] fyersModel","message":{"Status Code":422,"API":"/history"},"timestamp":"2026-05-20 15:07:45,712+0530","service":"FyersAPIRequest"}
{"level":"DEBUG","location":"[get_call:159] fyersModel","message":{"Status Code":422,"API":"/history"},"timestamp":"2026-05-20 15:07:45,834+0530","service":"FyersAPIRequest"}
{"level":"DEBUG","location":"[get_call:159] fyersModel","message":{"Status Code":422,"API":"/history"},"timestamp":"2026-05-20 15:07:45,940+0530","service":"FyersAPIRequest"}
{"level":"DEBUG","location":"[get_call:159] fyersModel","message":{"Status Code":422,"API":"/history"},"timestamp":"2026-05-20 15:07:46,047+0530","service":"FyersAPIRequest"}
{"level":"DEBUG","location":"[get_call:159] fyersModel","message":{"Status Code":422,"API":"/history"},"timestamp":"2026-05-20 15:07:46,157+0530","service":"FyersAPIRequest"}
{"level":"DEBUG","location":"[get_call:159] fyersModel","message":{"Status Code":422,"API":"/history"},"timestamp":"2026-05-20 15:07:46,258+0530","service":"FyersAPIRequest"}
{"level":"DEBUG","location":"[get_call:159] fyersModel","message":{"Status Code":200,"API":"/history"},"timestamp":"2026-05-20 15:07:46,497+0530","service":"FyersAPIRequest"}
{"level":"DEBUG","location":"[get_call:159] fyersModel","message":{"Status Code":200,"API":"/history"},"timestamp":"2026-05-20 15:07:46,781+0530","service":"FyersAPIRequest"}
{"level":"DEBUG","location":"[get_call:159] fyersModel","message":{"Status Code":200,"API":"/history"},"timestamp":"2026-05-20 15:07:47,076+0530","service":"FyersAPIRequest"}
{"level":"DEBUG","location":"[get_call:159] fyersModel","message":{"Status Code":200,"API":"/history"},"timestamp":"2026-05-20 15:07:47,370+0530","service":"FyersAPIRequest"}
{"level":"DEBUG","location":"[get_call:159] fyersModel","message":{"Status Code":200,"API":"/history"},"timestamp":"2026-05-20 15:07:47,638+0530","service":"FyersAPIRequest"}
{"level":"DEBUG","location":"[get_call:159] fyersModel","message":{"Status Code":200,"API":"/history"},"timestamp":"2026-05-20 15:07:47,930+0530","service":"FyersAPIRequest"}
{"level":"DEBUG","location":"[get_call:159] fyersModel","message":{"Status Code":200,"API":"/history"},"timestamp":"2026-05-20 15:07:48,204+0530","service":"FyersAPIRequest"}
{"level":"DEBUG","location":"[get_call:159] fyersModel","message":{"Status Code":200,"API":"/history"},"timestamp":"2026-05-20 15:07:48,473+0530","service":"FyersAPIRequest"}
{"level":"DEBUG","location":"[get_call:159] fyersModel","message":{"Status Code":200,"API":"/history"},"timestamp":"2026-05-20 15:07:48,762+0530","service":"FyersAPIRequest"}
{"level":"DEBUG","location":"[get_call:159] fyersModel","message":{"Status Code":200,"API":"/history"},"timestamp":"2026-05-20 15:07:49,030+0530","service":"FyersAPIRequest"}
{"level":"DEBUG","location":"[get_call:159] fyersModel","message":{"Status Code":200,"API":"/history"},"timestamp":"2026-05-20 15:07:49,305+0530","service":"FyersAPIRequest"}
{"level":"DEBUG","location":"[get_call:159] fyersModel","message":{"Status Code":200,"API":"/history"},"timestamp":"2026-05-20 15:07:49,575+0530","service":"FyersAPIRequest"}
{"level":"DEBUG","location":"[get_call:159] fyersModel","message":{"Status Code":200,"API":"/history"},"timestamp":"2026-05-20 15:07:49,845+0530","service":"FyersAPIRequest"}
{"level":"DEBUG","location":"[get_call:159] fyersModel","message":{"Status Code":200,"API":"/history"},"timestamp":"2026-05-20 15:07:50,146+0530","service":"FyersAPIRequest"}
{"level":"DEBUG","location":"[get_call:159] fyersModel","message":{"Status Code":200,"API":"/history"},"timestamp":"2026-05-20 15:07:50,442+0530","service":"FyersAPIRequest"}
{"level":"DEBUG","location":"[get_call:159] fyersModel","message":{"Status Code":200,"API":"/history"},"timestamp":"2026-05-20 15:07:50,724+0530","service":"FyersAPIRequest"}
{"level":"DEBUG","location":"[get_call:159] fyersModel","message":{"Status Code":200,"API":"/history"},"timestamp":"2026-05-20 15:07:51,009+0530","service":"FyersAPIRequest"}
{"level":"DEBUG","location":"[get_call:159] fyersModel","message":{"Status Code":200,"API":"/history"},"timestamp":"2026-05-20 15:07:51,320+0530","service":"FyersAPIRequest"}
{"level":"DEBUG","location":"[get_call:159] fyersModel","message":{"Status Code":200,"API":"/history"},"timestamp":"2026-05-20 15:07:51,585+0530","service":"FyersAPIRequest"}
{"level":"DEBUG","location":"[get_call:159] fyersModel","message":{"Status Code":200,"API":"/history"},"timestamp":"2026-05-20 15:07:51,912+0530","service":"FyersAPIRequest"}
{"level":"DEBUG","location":"[get_call:159] fyersModel","message":{"Status Code":200,"API":"/history"},"timestamp":"2026-05-20 15:07:52,187+0530","service":"FyersAPIRequest"}
{"level":"DEBUG","location":"[get_call:159] fyersModel","message":{"Status Code":200,"API":"/history"},"timestamp":"2026-05-20 15:07:52,455+0530","service":"FyersAPIRequest"}
{"level":"DEBUG","location":"[get_call:159] fyersModel","message":{"Status Code":200,"API":"/history"},"timestamp":"2026-05-20 15:07:52,728+0530","service":"FyersAPIRequest"}
{"level":"DEBUG","location":"[get_call:159] fyersModel","message":{"Status Code":200,"API":"/history"},"timestamp":"2026-05-20 15:07:53,257+0530","service":"FyersAPIRequest"}
{"level":"DEBUG","location":"[get_call:159] fyersModel","message":{"Status Code":200,"API":"/history"},"timestamp":"2026-05-20 15:07:53,619+0530","service":"FyersAPIRequest"}
{"level":"DEBUG","location":"[get_call:159] fyersModel","message":{"Status Code":200,"API":"/history"},"timestamp":"2026-05-20 15:07:54,364+0530","service":"FyersAPIRequest"}
{"level":"DEBUG","location":"[get_call:159] fyersModel","message":{"Status Code":200,"API":"/history"},"timestamp":"2026-05-20 15:07:54,964+0530","service":"FyersAPIRequest"}
{"level":"DEBUG","location":"[get_call:159] fyersModel","message":{"Status Code":200,"API":"/history"},"timestamp":"2026-05-20 15:07:55,416+0530","service":"FyersAPIRequest"}
{"level":"DEBUG","location":"[get_call:159] fyersModel","message":{"Status Code":200,"API":"/history"},"timestamp":"2026-05-20 15:07:55,868+0530","service":"FyersAPIRequest"}
{"level":"DEBUG","location":"[get_call:159] fyersModel","message":{"Status Code":200,"API":"/history"},"timestamp":"2026-05-20 15:07:56,320+0530","service":"FyersAPIRequest"}
{"level":"DEBUG","location":"[get_call:159] fyersModel","message":{"Status Code":200,"API":"/history"},"timestamp":"2026-05-20 15:07:56,694+0530","service":"FyersAPIRequest"}
{"level":"DEBUG","location":"[get_call:159] fyersModel","message":{"Status Code":200,"API":"/history"},"timestamp":"2026-05-20 15:07:56,967+0530","service":"FyersAPIRequest"}
{"level":"DEBUG","location":"[get_call:159] fyersModel","message":{"Status Code":200,"API":"/history"},"timestamp":"2026-05-20 15:07:57,247+0530","service":"FyersAPIRequest"}
{"level":"DEBUG","location":"[get_call:159] fyersModel","message":{"Status Code":200,"API":"/history"},"timestamp":"2026-05-20 15:07:57,519+0530","service":"FyersAPIRequest"}
{"level":"DEBUG","location":"[get_call:159] fyersModel","message":{"Status Code":200,"API":"/history"},"timestamp":"2026-05-20 15:07:57,812+0530","service":"FyersAPIRequest"}
{"level":"DEBUG","location":"[get_call:159] fyersModel","message":{"Status Code":200,"API":"/history"},"timestamp":"2026-05-20 15:07:58,077+0530","service":"FyersAPIRequest"}
{"level":"DEBUG","location":"[get_call:159] fyersModel","message":{"Status Code":200,"API":"/history"},"timestamp":"2026-05-20 15:07:58,342+0530","service":"FyersAPIRequest"}
{"level":"DEBUG","location":"[get_call:159] fyersModel","message":{"Status Code":200,"API":"/history"},"timestamp":"2026-05-20 15:07:58,645+0530","service":"FyersAPIRequest"}
{"level":"DEBUG","location":"[get_call:159] fyersModel","message":{"Status Code":200,"API":"/history"},"timestamp":"2026-05-20 15:07:58,918+0530","service":"FyersAPIRequest"}
{"level":"DEBUG","location":"[get_call:159] fyersModel","message":{"Status Code":200,"API":"/history"},"timestamp":"2026-05-20 15:07:59,187+0530","service":"FyersAPIRequest"}
{"level":"DEBUG","location":"[get_call:159] fyersModel","message":{"Status Code":200,"API":"/history"},"timestamp":"2026-05-20 15:07:59,469+0530","service":"FyersAPIRequest"}
{"level":"DEBUG","location":"[get_call:159] fyersModel","message":{"Status Code":200,"API":"/history"},"timestamp":"2026-05-20 15:07:59,755+0530","service":"FyersAPIRequest"}
{"level":"DEBUG","location":"[get_call:159] fyersModel","message":{"Status Code":200,"API":"/history"},"timestamp":"2026-05-20 15:08:00,014+0530","service":"FyersAPIRequest"}
{"level":"DEBUG","location":"[get_call:159] fyersModel","message":{"Status Code":200,"API":"/history"},"timestamp":"2026-05-20 15:08:00,305+0530","service":"FyersAPIRequest"}
{"level":"DEBUG","location":"[get_call:159] fyersModel","message":{"Status Code":200,"API":"/history"},"timestamp":"2026-05-20 15:08:00,600+0530","service":"FyersAPIRequest"}
{"level":"DEBUG","location":"[get_call:159] fyersModel","message":{"Status Code":200,"API":"/history"},"timestamp":"2026-05-20 15:08:00,920+0530","service":"FyersAPIRequest"}
{"level":"DEBUG","location":"[get_call:159] fyersModel","message":{"Status Code":200,"API":"/history"},"timestamp":"2026-05-20 15:08:01,193+0530","service":"FyersAPIRequest"}
{"level":"DEBUG","location":"[get_call:159] fyersModel","message":{"Status Code":200,"API":"/history"},"timestamp":"2026-05-20 15:08:01,499+0530","service":"FyersAPIRequest"}
{"level":"DEBUG","location":"[get_call:159] fyersModel","message":{"Status Code":200,"API":"/history"},"timestamp":"2026-05-20 15:08:01,794+0530","service":"FyersAPIRequest"}
{"level":"DEBUG","location":"[get_call:159] fyersModel","message":{"Status Code":200,"API":"/history"},"timestamp":"2026-05-20 15:08:02,118+0530","service":"FyersAPIRequest"}
{"level":"DEBUG","location":"[get_call:159] fyersModel","message":{"Status Code":200,"API":"/history"},"timestamp":"2026-05-20 15:08:02,408+0530","service":"FyersAPIRequest"}
{"level":"DEBUG","location":"[get_call:159] fyersModel","message":{"Status Code":200,"API":"/history"},"timestamp":"2026-05-20 15:08:02,675+0530","service":"FyersAPIRequest"}
{"level":"DEBUG","location":"[get_call:159] fyersModel","message":{"Status Code":200,"API":"/history"},"timestamp":"2026-05-20 15:08:02,997+0530","service":"FyersAPIRequest"}
{"level":"DEBUG","location":"[get_call:159] fyersModel","message":{"Status Code":200,"API":"/history"},"timestamp":"2026-05-20 15:08:03,286+0530","service":"FyersAPIRequest"}
{"level":"DEBUG","location":"[get_call:159] fyersModel","message":{"Status Code":200,"API":"/history"},"timestamp":"2026-05-20 15:08:03,568+0530","service":"FyersAPIRequest"}
{"level":"DEBUG","location":"[get_call:159] fyersModel","message":{"Status Code":200,"API":"/history"},"timestamp":"2026-05-20 15:08:03,894+0530","service":"FyersAPIRequest"}
{"level":"DEBUG","location":"[get_call:159] fyersModel","message":{"Status Code":200,"API":"/history"},"timestamp":"2026-05-20 15:08:04,183+0530","service":"FyersAPIRequest"}
{"level":"DEBUG","location":"[get_call:159] fyersModel","message":{"Status Code":200,"API":"/history"},"timestamp":"2026-05-20 15:08:04,476+0530","service":"FyersAPIRequest"}
{"level":"DEBUG","location":"[get_call:159] fyersModel","message":{"Status Code":200,"API":"/history"},"timestamp":"2026-05-20 15:08:04,738+0530","service":"FyersAPIRequest"}
{"level":"DEBUG","location":"[get_call:159] fyersModel","message":{"Status Code":200,"API":"/history"},"timestamp":"2026-05-20 15:08:05,037+0530","service":"FyersAPIRequest"}
{"level":"DEBUG","location":"[get_call:159] fyersModel","message":{"Status Code":200,"API":"/history"},"timestamp":"2026-05-20 15:08:05,345+0530","service":"FyersAPIRequest"}
{"level":"DEBUG","location":"[get_call:159] fyersModel","message":{"Status Code":200,"API":"/history"},"timestamp":"2026-05-20 15:08:05,659+0530","service":"FyersAPIRequest"}
{"level":"DEBUG","location":"[get_call:159] fyersModel","message":{"Status Code":200,"API":"/history"},"timestamp":"2026-05-20 15:08:05,934+0530","service":"FyersAPIRequest"}
{"level":"DEBUG","location":"[get_call:159] fyersModel","message":{"Status Code":200,"API":"/history"},"timestamp":"2026-05-20 15:08:06,239+0530","service":"FyersAPIRequest"}
{"level":"DEBUG","location":"[get_call:159] fyersModel","message":{"Status Code":200,"API":"/history"},"timestamp":"2026-05-20 15:08:06,631+0530","service":"FyersAPIRequest"}
{"level":"DEBUG","location":"[get_call:159] fyersModel","message":{"Status Code":200,"API":"/history"},"timestamp":"2026-05-20 15:08:06,914+0530","service":"FyersAPIRequest"}
{"level":"DEBUG","location":"[get_call:159] fyersModel","message":{"Status Code":200,"API":"/history"},"timestamp":"2026-05-20 15:08:07,202+0530","service":"FyersAPIRequest"}
{"level":"DEBUG","location":"[get_call:159] fyersModel","message":{"Status Code":200,"API":"/history"},"timestamp":"2026-05-20 15:08:07,513+0530","service":"FyersAPIRequest"}
{"level":"DEBUG","location":"[get_call:159] fyersModel","message":{"Status Code":200,"API":"/history"},"timestamp":"2026-05-20 15:08:07,835+0530","service":"FyersAPIRequest"}
{"level":"DEBUG","location":"[get_call:159] fyersModel","message":{"Status Code":200,"API":"/history"},"timestamp":"2026-05-20 15:08:08,120+0530","service":"FyersAPIRequest"}
{"level":"DEBUG","location":"[get_call:159] fyersModel","message":{"Status Code":200,"API":"/history"},"timestamp":"2026-05-20 15:08:08,444+0530","service":"FyersAPIRequest"}
{"level":"DEBUG","location":"[get_call:159] fyersModel","message":{"Status Code":200,"API":"/history"},"timestamp":"2026-05-20 15:08:08,708+0530","service":"FyersAPIRequest"}
{"level":"DEBUG","location":"[get_call:159] fyersModel","message":{"Status Code":200,"API":"/history"},"timestamp":"2026-05-20 15:08:09,058+0530","service":"FyersAPIRequest"}
{"level":"DEBUG","location":"[get_call:159] fyersModel","message":{"Status Code":200,"API":"/history"},"timestamp":"2026-05-20 15:08:09,362+0530","service":"FyersAPIRequest"}
{"level":"DEBUG","location":"[get_call:159] fyersModel","message":{"Status Code":200,"API":"/history"},"timestamp":"2026-05-20 15:08:09,706+0530","service":"FyersAPIRequest"}
{"level":"DEBUG","location":"[get_call:159] fyersModel","message":{"Status Code":200,"API":"/history"},"timestamp":"2026-05-20 15:08:09,990+0530","service":"FyersAPIRequest"}
{"level":"DEBUG","location":"[get_call:159] fyersModel","message":{"Status Code":200,"API":"/history"},"timestamp":"2026-05-20 15:08:10,281+0530","service":"FyersAPIRequest"}
{"level":"DEBUG","location":"[get_call:159] fyersModel","message":{"Status Code":200,"API":"/history"},"timestamp":"2026-05-20 15:08:10,578+0530","service":"FyersAPIRequest"}
{"level":"DEBUG","location":"[get_call:159] fyersModel","message":{"Status Code":200,"API":"/history"},"timestamp":"2026-05-20 15:08:10,878+0530","service":"FyersAPIRequest"}
{"level":"DEBUG","location":"[get_call:159] fyersModel","message":{"Status Code":200,"API":"/history"},"timestamp":"2026-05-20 15:08:11,212+0530","service":"FyersAPIRequest"}
{"level":"DEBUG","location":"[get_call:159] fyersModel","message":{"Status Code":200,"API":"/history"},"timestamp":"2026-05-20 15:08:11,536+0530","service":"FyersAPIRequest"}
{"level":"DEBUG","location":"[get_call:159] fyersModel","message":{"Status Code":200,"API":"/history"},"timestamp":"2026-05-20 15:08:11,844+0530","service":"FyersAPIRequest"}
{"level":"DEBUG","location":"[get_call:159] fyersModel","message":{"Status Code":200,"API":"/history"},"timestamp":"2026-05-20 15:08:12,175+0530","service":"FyersAPIRequest"}
{"level":"DEBUG","location":"[get_call:159] fyersModel","message":{"Status Code":200,"API":"/history"},"timestamp":"2026-05-20 15:08:12,507+0530","service":"FyersAPIRequest"}
{"level":"DEBUG","location":"[get_call:159] fyersModel","message":{"Status Code":200,"API":"/history"},"timestamp":"2026-05-20 15:08:13,811+0530","service":"FyersAPIRequest"}
{"level":"DEBUG","location":"[get_call:159] fyersModel","message":{"Status Code":200,"API":"/history"},"timestamp":"2026-05-20 15:08:14,126+0530","service":"FyersAPIRequest"}
{"level":"DEBUG","location":"[get_call:159] fyersModel","message":{"Status Code":200,"API":"/history"},"timestamp":"2026-05-20 15:08:14,433+0530","service":"FyersAPIRequest"}
{"level":"DEBUG","location":"[get_call:159] fyersModel","message":{"Status Code":200,"API":"/history"},"timestamp":"2026-05-20 15:08:14,747+0530","service":"FyersAPIRequest"}
{"level":"DEBUG","location":"[get_call:159] fyersModel","message":{"Status Code":200,"API":"/history"},"timestamp":"2026-05-20 15:08:15,075+0530","service":"FyersAPIRequest"}
{"level":"DEBUG","location":"[get_call:159] fyersModel","message":{"Status Code":200,"API":"/history"},"timestamp":"2026-05-20 15:08:15,418+0530","service":"FyersAPIRequest"}
{"level":"DEBUG","location":"[get_call:159] fyersModel","message":{"Status Code":200,"API":"/history"},"timestamp":"2026-05-20 15:08:15,748+0530","service":"FyersAPIRequest"}
{"level":"DEBUG","location":"[get_call:159] fyersModel","message":{"Status Code":200,"API":"/history"},"timestamp":"2026-05-20 15:08:16,100+0530","service":"FyersAPIRequest"}
{"level":"DEBUG","location":"[get_call:159] fyersModel","message":{"Status Code":200,"API":"/history"},"timestamp":"2026-05-20 15:08:16,403+0530","service":"FyersAPIRequest"}
{"level":"DEBUG","location":"[get_call:159] fyersModel","message":{"Status Code":200,"API":"/history"},"timestamp":"2026-05-20 15:08:16,712+0530","service":"FyersAPIRequest"}
{"level":"DEBUG","location":"[get_call:159] fyersModel","message":{"Status Code":200,"API":"/history"},"timestamp":"2026-05-20 15:08:16,999+0530","service":"FyersAPIRequest"}
{"level":"DEBUG","location":"[get_call:159] fyersModel","message":{"Status Code":200,"API":"/history"},"timestamp":"2026-05-20 15:08:17,311+0530","service":"FyersAPIRequest"}
{"level":"DEBUG","location":"[get_call:159] fyersModel","message":{"Status Code":200,"API":"/history"},"timestamp":"2026-05-20 15:08:17,618+0530","service":"FyersAPIRequest"}
{"level":"DEBUG","location":"[get_call:159] fyersModel","message":{"Status Code":200,"API":"/history"},"timestamp":"2026-05-20 15:08:17,911+0530","service":"FyersAPIRequest"}
{"level":"DEBUG","location":"[get_call:159] fyersModel","message":{"Status Code":200,"API":"/history"},"timestamp":"2026-05-20 15:08:18,195+0530","service":"FyersAPIRequest"}
{"level":"DEBUG","location":"[get_call:159] fyersModel","message":{"Status Code":200,"API":"/history"},"timestamp":"2026-05-20 15:08:18,468+0530","service":"FyersAPIRequest"}
{"level":"DEBUG","location":"[get_call:159] fyersModel","message":{"Status Code":200,"API":"/history"},"timestamp":"2026-05-20 15:08:18,772+0530","service":"FyersAPIRequest"}
{"level":"DEBUG","location":"[get_call:159] fyersModel","message":{"Status Code":200,"API":"/history"},"timestamp":"2026-05-20 15:08:19,057+0530","service":"FyersAPIRequest"}
{"level":"DEBUG","location":"[get_call:159] fyersModel","message":{"Status Code":200,"API":"/history"},"timestamp":"2026-05-20 15:08:19,359+0530","service":"FyersAPIRequest"}
{"level":"DEBUG","location":"[get_call:159] fyersModel","message":{"Status Code":200,"API":"/history"},"timestamp":"2026-05-20 15:08:19,678+0530","service":"FyersAPIRequest"}
{"level":"DEBUG","location":"[get_call:159] fyersModel","message":{"Status Code":200,"API":"/history"},"timestamp":"2026-05-20 15:08:19,979+0530","service":"FyersAPIRequest"}
{"level":"DEBUG","location":"[get_call:159] fyersModel","message":{"Status Code":200,"API":"/history"},"timestamp":"2026-05-20 15:08:20,290+0530","service":"FyersAPIRequest"}
{"level":"DEBUG","location":"[get_call:159] fyersModel","message":{"Status Code":200,"API":"/history"},"timestamp":"2026-05-20 15:08:20,576+0530","service":"FyersAPIRequest"}
{"level":"DEBUG","location":"[get_call:159] fyersModel","message":{"Status Code":200,"API":"/history"},"timestamp":"2026-05-20 15:08:20,858+0530","service":"FyersAPIRequest"}
{"level":"DEBUG","location":"[get_call:159] fyersModel","message":{"Status Code":200,"API":"/history"},"timestamp":"2026-05-20 15:08:21,125+0530","service":"FyersAPIRequest"}
{"level":"DEBUG","location":"[get_call:159] fyersModel","message":{"Status Code":200,"API":"/history"},"timestamp":"2026-05-20 15:08:21,406+0530","service":"FyersAPIRequest"}
{"level":"DEBUG","location":"[get_call:159] fyersModel","message":{"Status Code":200,"API":"/history"},"timestamp":"2026-05-20 15:08:21,696+0530","service":"FyersAPIRequest"}
{"level":"DEBUG","location":"[get_call:159] fyersModel","message":{"Status Code":200,"API":"/history"},"timestamp":"2026-05-20 15:08:21,982+0530","service":"FyersAPIRequest"}
{"level":"DEBUG","location":"[get_call:159] fyersModel","message":{"Status Code":200,"API":"/history"},"timestamp":"2026-05-20 15:08:22,275+0530","service":"FyersAPIRequest"}
{"level":"DEBUG","location":"[get_call:159] fyersModel","message":{"Status Code":200,"API":"/history"},"timestamp":"2026-05-20 15:08:22,544+0530","service":"FyersAPIRequest"}
{"level":"DEBUG","location":"[get_call:159] fyersModel","message":{"Status Code":200,"API":"/history"},"timestamp":"2026-05-20 15:08:22,856+0530","service":"FyersAPIRequest"}
{"level":"DEBUG","location":"[get_call:159] fyersModel","message":{"Status Code":200,"API":"/history"},"timestamp":"2026-05-20 15:08:23,133+0530","service":"FyersAPIRequest"}
{"level":"DEBUG","location":"[get_call:159] fyersModel","message":{"Status Code":422,"API":"/history"},"timestamp":"2026-05-20 15:08:23,409+0530","service":"FyersAPIRequest"}
{"level":"DEBUG","location":"[get_call:159] fyersModel","message":{"Status Code":422,"API":"/history"},"timestamp":"2026-05-20 15:08:23,517+0530","service":"FyersAPIRequest"}
{"level":"DEBUG","location":"[get_call:159] fyersModel","message":{"Status Code":422,"API":"/history"},"timestamp":"2026-05-20 15:08:23,629+0530","service":"FyersAPIRequest"}
{"level":"DEBUG","location":"[get_call:159] fyersModel","message":{"Status Code":422,"API":"/history"},"timestamp":"2026-05-20 15:08:23,720+0530","service":"FyersAPIRequest"}
{"level":"DEBUG","location":"[get_call:159] fyersModel","message":{"Status Code":422,"API":"/history"},"timestamp":"2026-05-20 15:08:23,811+0530","service":"FyersAPIRequest"}
{"level":"DEBUG","location":"[get_call:159] fyersModel","message":{"Status Code":422,"API":"/history"},"timestamp":"2026-05-20 15:08:23,912+0530","service":"FyersAPIRequest"}
{"level":"DEBUG","location":"[get_call:159] fyersModel","message":{"Status Code":422,"API":"/history"},"timestamp":"2026-05-20 15:08:24,011+0530","service":"FyersAPIRequest"}
{"level":"DEBUG","location":"[get_call:159] fyersModel","message":{"Status Code":422,"API":"/history"},"timestamp":"2026-05-20 15:08:24,107+0530","service":"FyersAPIRequest"}
{"level":"DEBUG","location":"[get_call:159] fyersModel","message":{"Status Code":422,"API":"/history"},"timestamp":"2026-05-20 15:08:24,216+0530","service":"FyersAPIRequest"}
{"level":"DEBUG","location":"[get_call:159] fyersModel","message":{"Status Code":422,"API":"/history"},"timestamp":"2026-05-20 15:08:24,341+0530","service":"FyersAPIRequest"}
{"level":"DEBUG","location":"[get_call:159] fyersModel","message":{"Status Code":422,"API":"/history"},"timestamp":"2026-05-20 15:08:24,462+0530","service":"FyersAPIRequest"}
{"level":"DEBUG","location":"[get_call:159] fyersModel","message":{"Status Code":422,"API":"/history"},"timestamp":"2026-05-20 15:08:24,681+0530","service":"FyersAPIRequest"}
{"level":"DEBUG","location":"[get_call:159] fyersModel","message":{"Status Code":422,"API":"/history"},"timestamp":"2026-05-20 15:08:24,765+0530","service":"FyersAPIRequest"}
{"level":"DEBUG","location":"[get_call:159] fyersModel","message":{"Status Code":422,"API":"/history"},"timestamp":"2026-05-20 15:08:24,908+0530","service":"FyersAPIRequest"}
{"level":"DEBUG","location":"[get_call:159] fyersModel","message":{"Status Code":422,"API":"/history"},"timestamp":"2026-05-20 15:08:25,004+0530","service":"FyersAPIRequest"}
{"level":"DEBUG","location":"[get_call:159] fyersModel","message":{"Status Code":422,"API":"/history"},"timestamp":"2026-05-20 15:08:25,113+0530","service":"FyersAPIRequest"}
{"level":"DEBUG","location":"[get_call:159] fyersModel","message":{"Status Code":422,"API":"/history"},"timestamp":"2026-05-20 15:08:25,217+0530","service":"FyersAPIRequest"}
{"level":"DEBUG","location":"[get_call:159] fyersModel","message":{"Status Code":422,"API":"/history"},"timestamp":"2026-05-20 15:08:25,321+0530","service":"FyersAPIRequest"}
{"level":"DEBUG","location":"[get_call:159] fyersModel","message":{"Status Code":422,"API":"/history"},"timestamp":"2026-05-20 15:08:25,421+0530","service":"FyersAPIRequest"}
{"level":"DEBUG","location":"[get_call:159] fyersModel","message":{"Status Code":422,"API":"/history"},"timestamp":"2026-05-20 15:08:25,533+0530","service":"FyersAPIRequest"}
{"level":"DEBUG","location":"[get_call:159] fyersModel","message":{"Status Code":422,"API":"/history"},"timestamp":"2026-05-20 15:08:25,630+0530","service":"FyersAPIRequest"}
{"level":"DEBUG","location":"[get_call:159] fyersModel","message":{"Status Code":422,"API":"/history"},"timestamp":"2026-05-20 15:08:25,737+0530","service":"FyersAPIRequest"}
{"level":"DEBUG","location":"[get_call:159] fyersModel","message":{"Status Code":422,"API":"/history"},"timestamp":"2026-05-20 15:08:25,959+0530","service":"FyersAPIRequest"}
{"level":"DEBUG","location":"[get_call:159] fyersModel","message":{"Status Code":422,"API":"/history"},"timestamp":"2026-05-20 15:08:26,058+0530","service":"FyersAPIRequest"}
{"level":"DEBUG","location":"[get_call:159] fyersModel","message":{"Status Code":422,"API":"/history"},"timestamp":"2026-05-20 15:08:26,162+0530","service":"FyersAPIRequest"}
{"level":"DEBUG","location":"[get_call:159] fyersModel","message":{"Status Code":422,"API":"/history"},"timestamp":"2026-05-20 15:08:26,270+0530","service":"FyersAPIRequest"}
{"level":"DEBUG","location":"[get_call:159] fyersModel","message":{"Status Code":422,"API":"/history"},"timestamp":"2026-05-20 15:08:26,400+0530","service":"FyersAPIRequest"}
{"level":"DEBUG","location":"[get_call:159] fyersModel","message":{"Status Code":422,"API":"/history"},"timestamp":"2026-05-20 15:08:26,498+0530","service":"FyersAPIRequest"}
{"level":"DEBUG","location":"[get_call:159] fyersModel","message":{"Status Code":422,"API":"/history"},"timestamp":"2026-05-20 15:08:26,588+0530","service":"FyersAPIRequest"}
{"level":"DEBUG","location":"[get_call:159] fyersModel","message":{"Status Code":422,"API":"/history"},"timestamp":"2026-05-20 15:08:26,797+0530","service":"FyersAPIRequest"}
{"level":"DEBUG","location":"[get_call:159] fyersModel","message":{"Status Code":422,"API":"/history"},"timestamp":"2026-05-20 15:08:27,159+0530","service":"FyersAPIRequest"}
{"level":"DEBUG","location":"[get_call:159] fyersModel","message":{"Status Code":422,"API":"/history"},"timestamp":"2026-05-20 15:08:27,340+0530","service":"FyersAPIRequest"}
{"level":"DEBUG","location":"[get_call:159] fyersModel","message":{"Status Code":429,"API":"/history"},"timestamp":"2026-05-20 15:08:27,914+0530","service":"FyersAPIRequest"}
{"level":"DEBUG","location":"[get_call:159] fyersModel","message":{"Status Code":429,"API":"/history"},"timestamp":"2026-05-20 15:08:29,144+0530","service":"FyersAPIRequest"}
{"level":"DEBUG","location":"[get_call:159] fyersModel","message":{"Status Code":429,"API":"/history"},"timestamp":"2026-05-20 15:08:31,257+0530","service":"FyersAPIRequest"}
{"level":"DEBUG","location":"[get_call:159] fyersModel","message":{"Status Code":422,"API":"/history"},"timestamp":"2026-05-20 15:08:35,355+0530","service":"FyersAPIRequest"}
{"level":"DEBUG","location":"[get_call:159] fyersModel","message":{"Status Code":200,"API":"/history"},"timestamp":"2026-05-20 15:08:35,595+0530","service":"FyersAPIRequest"}
{"level":"DEBUG","location":"[get_call:159] fyersModel","message":{"Status Code":200,"API":"/history"},"timestamp":"2026-05-20 15:08:35,874+0530","service":"FyersAPIRequest"}
{"level":"DEBUG","location":"[get_call:159] fyersModel","message":{"Status Code":200,"API":"/history"},"timestamp":"2026-05-20 15:08:36,152+0530","service":"FyersAPIRequest"}
{"level":"DEBUG","location":"[get_call:159] fyersModel","message":{"Status Code":200,"API":"/history"},"timestamp":"2026-05-20 15:08:36,437+0530","service":"FyersAPIRequest"}
{"level":"DEBUG","location":"[get_call:159] fyersModel","message":{"Status Code":200,"API":"/history"},"timestamp":"2026-05-20 15:08:36,722+0530","service":"FyersAPIRequest"}
{"level":"DEBUG","location":"[get_call:159] fyersModel","message":{"Status Code":200,"API":"/history"},"timestamp":"2026-05-20 15:08:36,989+0530","service":"FyersAPIRequest"}
{"level":"DEBUG","location":"[get_call:159] fyersModel","message":{"Status Code":200,"API":"/history"},"timestamp":"2026-05-20 15:08:37,309+0530","service":"FyersAPIRequest"}
{"level":"DEBUG","location":"[get_call:159] fyersModel","message":{"Status Code":200,"API":"/history"},"timestamp":"2026-05-20 15:08:37,600+0530","service":"FyersAPIRequest"}
{"level":"DEBUG","location":"[get_call:159] fyersModel","message":{"Status Code":200,"API":"/history"},"timestamp":"2026-05-20 15:08:37,877+0530","service":"FyersAPIRequest"}
{"level":"DEBUG","location":"[get_call:159] fyersModel","message":{"Status Code":200,"API":"/history"},"timestamp":"2026-05-20 15:08:38,150+0530","service":"FyersAPIRequest"}
{"level":"DEBUG","location":"[get_call:159] fyersModel","message":{"Status Code":200,"API":"/history"},"timestamp":"2026-05-20 15:08:38,440+0530","service":"FyersAPIRequest"}
{"level":"DEBUG","location":"[get_call:159] fyersModel","message":{"Status Code":200,"API":"/history"},"timestamp":"2026-05-20 15:08:38,723+0530","service":"FyersAPIRequest"}
{"level":"DEBUG","location":"[get_call:159] fyersModel","message":{"Status Code":200,"API":"/history"},"timestamp":"2026-05-20 15:08:38,995+0530","service":"FyersAPIRequest"}
{"level":"DEBUG","location":"[get_call:159] fyersModel","message":{"Status Code":200,"API":"/history"},"timestamp":"2026-05-20 15:08:39,273+0530","service":"FyersAPIRequest"}
{"level":"DEBUG","location":"[get_call:159] fyersModel","message":{"Status Code":200,"API":"/history"},"timestamp":"2026-05-20 15:08:39,568+0530","service":"FyersAPIRequest"}
{"level":"DEBUG","location":"[get_call:159] fyersModel","message":{"Status Code":200,"API":"/history"},"timestamp":"2026-05-20 15:08:39,849+0530","service":"FyersAPIRequest"}
{"level":"DEBUG","location":"[get_call:159] fyersModel","message":{"Status Code":200,"API":"/history"},"timestamp":"2026-05-20 15:08:40,136+0530","service":"FyersAPIRequest"}
{"level":"DEBUG","location":"[get_call:159] fyersModel","message":{"Status Code":200,"API":"/history"},"timestamp":"2026-05-20 15:08:40,446+0530","service":"FyersAPIRequest"}
{"level":"DEBUG","location":"[get_call:159] fyersModel","message":{"Status Code":200,"API":"/history"},"timestamp":"2026-05-20 15:08:40,720+0530","service":"FyersAPIRequest"}
{"level":"DEBUG","location":"[get_call:159] fyersModel","message":{"Status Code":200,"API":"/history"},"timestamp":"2026-05-20 15:08:41,009+0530","service":"FyersAPIRequest"}
{"level":"DEBUG","location":"[get_call:159] fyersModel","message":{"Status Code":200,"API":"/history"},"timestamp":"2026-05-20 15:08:41,288+0530","service":"FyersAPIRequest"}
{"level":"DEBUG","location":"[get_call:159] fyersModel","message":{"Status Code":200,"API":"/history"},"timestamp":"2026-05-20 15:08:41,588+0530","service":"FyersAPIRequest"}
{"level":"DEBUG","location":"[get_call:159] fyersModel","message":{"Status Code":200,"API":"/history"},"timestamp":"2026-05-20 15:08:41,863+0530","service":"FyersAPIRequest"}
{"level":"DEBUG","location":"[get_call:159] fyersModel","message":{"Status Code":200,"API":"/history"},"timestamp":"2026-05-20 15:08:42,152+0530","service":"FyersAPIRequest"}
{"level":"DEBUG","location":"[get_call:159] fyersModel","message":{"Status Code":200,"API":"/history"},"timestamp":"2026-05-20 15:08:42,430+0530","service":"FyersAPIRequest"}
{"level":"DEBUG","location":"[get_call:159] fyersModel","message":{"Status Code":200,"API":"/history"},"timestamp":"2026-05-20 15:08:42,687+0530","service":"FyersAPIRequest"}
{"level":"DEBUG","location":"[get_call:159] fyersModel","message":{"Status Code":200,"API":"/history"},"timestamp":"2026-05-20 15:08:42,965+0530","service":"FyersAPIRequest"}
{"level":"DEBUG","location":"[get_call:159] fyersModel","message":{"Status Code":200,"API":"/history"},"timestamp":"2026-05-20 15:08:43,233+0530","service":"FyersAPIRequest"}
{"level":"DEBUG","location":"[get_call:159] fyersModel","message":{"Status Code":200,"API":"/history"},"timestamp":"2026-05-20 15:08:43,507+0530","service":"FyersAPIRequest"}
{"level":"DEBUG","location":"[get_call:159] fyersModel","message":{"Status Code":200,"API":"/history"},"timestamp":"2026-05-20 15:08:43,775+0530","service":"FyersAPIRequest"}
{"level":"DEBUG","location":"[get_call:159] fyersModel","message":{"Status Code":200,"API":"/history"},"timestamp":"2026-05-20 15:08:44,060+0530","service":"FyersAPIRequest"}
{"level":"DEBUG","location":"[get_call:159] fyersModel","message":{"Status Code":200,"API":"/history"},"timestamp":"2026-05-20 15:08:44,334+0530","service":"FyersAPIRequest"}
{"level":"DEBUG","location":"[get_call:159] fyersModel","message":{"Status Code":200,"API":"/history"},"timestamp":"2026-05-20 15:08:44,608+0530","service":"FyersAPIRequest"}
{"level":"DEBUG","location":"[post_call:100] fyersModel","message":{"Status Code":400,"API":"/orders/sync"},"timestamp":"2026-05-20 15:09:36,593+0530","service":"FyersAPIRequest"}
{"level":"DEBUG","location":"[post_call:100] fyersModel","message":{"Status Code":400,"API":"/orders/sync"},"timestamp":"2026-05-20 15:09:36,743+0530","service":"FyersAPIRequest"}
{"level":"DEBUG","location":"[get_call:159] fyersModel","message":{"Status Code":200,"API":"/positions"},"timestamp":"2026-05-21 00:45:44,138+0530","service":"FyersAPIRequest"}
{"level":"DEBUG","location":"[get_call:159] fyersModel","message":{"Status Code":200,"API":"/orders"},"timestamp":"2026-05-21 00:45:44,203+0530","service":"FyersAPIRequest"}
{"level":"DEBUG","location":"[get_call:159] fyersModel","message":{"Status Code":200,"API":"/orders"},"timestamp":"2026-05-21 00:45:44,253+0530","service":"FyersAPIRequest"}
{"level":"DEBUG","location":"[get_call:159] fyersModel","message":{"Status Code":200,"API":"/holdings"},"timestamp":"2026-05-21 00:45:44,306+0530","service":"FyersAPIRequest"}
{"level":"DEBUG","location":"[get_call:159] fyersModel","message":{"Status Code":200,"API":"/tradebook"},"timestamp":"2026-05-21 00:45:45,368+0530","service":"FyersAPIRequest"}
{"level":"DEBUG","location":"[get_call:159] fyersModel","message":{"Status Code":200,"API":"/positions"},"timestamp":"2026-05-21 11:04:10,044+0530","service":"FyersAPIRequest"}
{"level":"DEBUG","location":"[get_call:159] fyersModel","message":{"Status Code":200,"API":"/orders"},"timestamp":"2026-05-21 11:04:10,102+0530","service":"FyersAPIRequest"}
{"level":"DEBUG","location":"[get_call:159] fyersModel","message":{"Status Code":200,"API":"/orders"},"timestamp":"2026-05-21 11:04:10,182+0530","service":"FyersAPIRequest"}
{"level":"DEBUG","location":"[get_call:159] fyersModel","message":{"Status Code":200,"API":"/holdings"},"timestamp":"2026-05-21 11:04:10,271+0530","service":"FyersAPIRequest"}
{"level":"DEBUG","location":"[get_call:159] fyersModel","message":{"Status Code":200,"API":"/tradebook"},"timestamp":"2026-05-21 11:04:11,332+0530","service":"FyersAPIRequest"}
{"level":"DEBUG","location":"[get_call:159] fyersModel","message":{"Status Code":200,"API":"/positions"},"timestamp":"2026-05-21 11:04:12,481+0530","service":"FyersAPIRequest"}
{"level":"DEBUG","location":"[get_call:159] fyersModel","message":{"Status Code":200,"API":"/funds"},"timestamp":"2026-05-21 11:04:12,570+0530","service":"FyersAPIRequest"}
{"level":"DEBUG","location":"[get_call:159] fyersModel","message":{"Status Code":200,"API":"/positions"},"timestamp":"2026-05-21 11:04:12,648+0530","service":"FyersAPIRequest"}
{"level":"DEBUG","location":"[get_call:159] fyersModel","message":{"Status Code":200,"API":"/orders"},"timestamp":"2026-05-21 11:04:12,728+0530","service":"FyersAPIRequest"}
{"level":"DEBUG","location":"[get_call:159] fyersModel","message":{"Status Code":200,"API":"/orders"},"timestamp":"2026-05-21 11:04:12,813+0530","service":"FyersAPIRequest"}
{"level":"DEBUG","location":"[get_call:159] fyersModel","message":{"Status Code":200,"API":"/holdings"},"timestamp":"2026-05-21 11:04:12,894+0530","service":"FyersAPIRequest"}
{"level":"DEBUG","location":"[get_call:159] fyersModel","message":{"Status Code":200,"API":"/tradebook"},"timestamp":"2026-05-21 11:04:13,966+0530","service":"FyersAPIRequest"}
{"level":"DEBUG","location":"[get_call:159] fyersModel","message":{"Status Code":200,"API":"/positions"},"timestamp":"2026-05-21 11:04:15,041+0530","service":"FyersAPIRequest"}
{"level":"DEBUG","location":"[get_call:159] fyersModel","message":{"Status Code":200,"API":"/funds"},"timestamp":"2026-05-21 11:04:15,116+0530","service":"FyersAPIRequest"}
{"level":"DEBUG","location":"[get_call:159] fyersModel","message":{"Status Code":200,"API":"/positions"},"timestamp":"2026-05-21 11:05:50,301+0530","service":"FyersAPIRequest"}
{"level":"DEBUG","location":"[get_call:159] fyersModel","message":{"Status Code":200,"API":"/orders"},"timestamp":"2026-05-21 11:05:50,371+0530","service":"FyersAPIRequest"}
{"level":"DEBUG","location":"[get_call:159] fyersModel","message":{"Status Code":200,"API":"/orders"},"timestamp":"2026-05-21 11:05:50,440+0530","service":"FyersAPIRequest"}
{"level":"DEBUG","location":"[get_call:159] fyersModel","message":{"Status Code":200,"API":"/holdings"},"timestamp":"2026-05-21 11:05:50,524+0530","service":"FyersAPIRequest"}
{"level":"DEBUG","location":"[get_call:159] fyersModel","message":{"Status Code":200,"API":"/tradebook"},"timestamp":"2026-05-21 11:05:51,616+0530","service":"FyersAPIRequest"}
{"level":"DEBUG","location":"[get_call:159] fyersModel","message":{"Status Code":200,"API":"/positions"},"timestamp":"2026-05-21 11:05:52,743+0530","service":"FyersAPIRequest"}
{"level":"DEBUG","location":"[get_call:159] fyersModel","message":{"Status Code":200,"API":"/funds"},"timestamp":"2026-05-21 11:05:52,831+0530","service":"FyersAPIRequest"}
{"level":"DEBUG","location":"[get_call:159] fyersModel","message":{"Status Code":200,"API":"/positions"},"timestamp":"2026-05-22 00:32:17,346+0530","service":"FyersAPIRequest"}
{"level":"DEBUG","location":"[get_call:159] fyersModel","message":{"Status Code":200,"API":"/orders"},"timestamp":"2026-05-22 00:32:17,399+0530","service":"FyersAPIRequest"}
{"level":"DEBUG","location":"[get_call:159] fyersModel","message":{"Status Code":200,"API":"/orders"},"timestamp":"2026-05-22 00:32:17,449+0530","service":"FyersAPIRequest"}
{"level":"DEBUG","location":"[get_call:159] fyersModel","message":{"Status Code":200,"API":"/holdings"},"timestamp":"2026-05-22 00:32:17,495+0530","service":"FyersAPIRequest"}
{"level":"DEBUG","location":"[get_call:159] fyersModel","message":{"Status Code":200,"API":"/tradebook"},"timestamp":"2026-05-22 00:32:18,542+0530","service":"FyersAPIRequest"}
{"level":"DEBUG","location":"[get_call:159] fyersModel","message":{"Status Code":200,"API":"/positions"},"timestamp":"2026-05-22 00:32:19,591+0530","service":"FyersAPIRequest"}
{"level":"DEBUG","location":"[get_call:159] fyersModel","message":{"Status Code":200,"API":"/funds"},"timestamp":"2026-05-22 00:32:19,649+0530","service":"FyersAPIRequest"}
{"level":"DEBUG","location":"[get_call:159] fyersModel","message":{"Status Code":200,"API":"/positions"},"timestamp":"2026-05-22 00:32:23,477+0530","service":"FyersAPIRequest"}
{"level":"DEBUG","location":"[get_call:159] fyersModel","message":{"Status Code":200,"API":"/orders"},"timestamp":"2026-05-22 00:32:23,522+0530","service":"FyersAPIRequest"}
{"level":"DEBUG","location":"[get_call:159] fyersModel","message":{"Status Code":200,"API":"/orders"},"timestamp":"2026-05-22 00:32:23,572+0530","service":"FyersAPIRequest"}
{"level":"DEBUG","location":"[get_call:159] fyersModel","message":{"Status Code":200,"API":"/holdings"},"timestamp":"2026-05-22 00:32:23,616+0530","service":"FyersAPIRequest"}
{"level":"DEBUG","location":"[get_call:159] fyersModel","message":{"Status Code":200,"API":"/tradebook"},"timestamp":"2026-05-22 00:32:24,660+0530","service":"FyersAPIRequest"}
{"level":"DEBUG","location":"[get_call:159] fyersModel","message":{"Status Code":200,"API":"/positions"},"timestamp":"2026-05-22 00:32:25,709+0530","service":"FyersAPIRequest"}
{"level":"DEBUG","location":"[get_call:159] fyersModel","message":{"Status Code":200,"API":"/funds"},"timestamp":"2026-05-22 00:32:25,755+0530","service":"FyersAPIRequest"}
{"level":"DEBUG","location":"[get_call:159] fyersModel","message":{"Status Code":401,"API":"/positions"},"timestamp":"2026-05-22 11:03:06,840+0530","service":"FyersAPIRequest"}
{"level":"DEBUG","location":"[get_call:159] fyersModel","message":{"Status Code":401,"API":"/orders"},"timestamp":"2026-05-22 11:03:06,890+0530","service":"FyersAPIRequest"}
{"level":"DEBUG","location":"[get_call:159] fyersModel","message":{"Status Code":401,"API":"/orders"},"timestamp":"2026-05-22 11:03:06,937+0530","service":"FyersAPIRequest"}
{"level":"DEBUG","location":"[get_call:159] fyersModel","message":{"Status Code":401,"API":"/holdings"},"timestamp":"2026-05-22 11:03:06,980+0530","service":"FyersAPIRequest"}
{"level":"DEBUG","location":"[get_call:159] fyersModel","message":{"Status Code":401,"API":"/tradebook"},"timestamp":"2026-05-22 11:03:08,022+0530","service":"FyersAPIRequest"}
{"level":"DEBUG","location":"[get_call:159] fyersModel","message":{"Status Code":401,"API":"/positions"},"timestamp":"2026-05-22 11:03:09,070+0530","service":"FyersAPIRequest"}
{"level":"DEBUG","location":"[get_call:159] fyersModel","message":{"Status Code":401,"API":"/funds"},"timestamp":"2026-05-22 11:03:09,116+0530","service":"FyersAPIRequest"}
{"level":"DEBUG","location":"[get_call:159] fyersModel","message":{"Status Code":401,"API":"/positions"},"timestamp":"2026-05-22 11:03:09,164+0530","service":"FyersAPIRequest"}
{"level":"DEBUG","location":"[get_call:159] fyersModel","message":{"Status Code":401,"API":"/orders"},"timestamp":"2026-05-22 11:03:09,208+0530","service":"FyersAPIRequest"}
{"level":"DEBUG","location":"[get_call:159] fyersModel","message":{"Status Code":401,"API":"/orders"},"timestamp":"2026-05-22 11:03:09,252+0530","service":"FyersAPIRequest"}
{"level":"DEBUG","location":"[get_call:159] fyersModel","message":{"Status Code":401,"API":"/holdings"},"timestamp":"2026-05-22 11:03:09,293+0530","service":"FyersAPIRequest"}
{"level":"DEBUG","location":"[get_call:159] fyersModel","message":{"Status Code":401,"API":"/positions"},"timestamp":"2026-05-22 11:03:09,969+0530","service":"FyersAPIRequest"}
{"level":"DEBUG","location":"[get_call:159] fyersModel","message":{"Status Code":401,"API":"/orders"},"timestamp":"2026-05-22 11:03:10,014+0530","service":"FyersAPIRequest"}
{"level":"DEBUG","location":"[get_call:159] fyersModel","message":{"Status Code":401,"API":"/orders"},"timestamp":"2026-05-22 11:03:10,057+0530","service":"FyersAPIRequest"}
{"level":"DEBUG","location":"[get_call:159] fyersModel","message":{"Status Code":200,"API":"/positions"},"timestamp":"2026-05-22 11:03:17,981+0530","service":"FyersAPIRequest"}
{"level":"DEBUG","location":"[get_call:159] fyersModel","message":{"Status Code":200,"API":"/orders"},"timestamp":"2026-05-22 11:03:18,030+0530","service":"FyersAPIRequest"}
{"level":"DEBUG","location":"[get_call:159] fyersModel","message":{"Status Code":200,"API":"/orders"},"timestamp":"2026-05-22 11:03:18,079+0530","service":"FyersAPIRequest"}
{"level":"DEBUG","location":"[get_call:159] fyersModel","message":{"Status Code":200,"API":"/holdings"},"timestamp":"2026-05-22 11:03:18,126+0530","service":"FyersAPIRequest"}
{"level":"DEBUG","location":"[get_call:159] fyersModel","message":{"Status Code":200,"API":"/tradebook"},"timestamp":"2026-05-22 11:03:19,174+0530","service":"FyersAPIRequest"}
{"level":"DEBUG","location":"[get_call:159] fyersModel","message":{"Status Code":200,"API":"/positions"},"timestamp":"2026-05-22 11:03:20,226+0530","service":"FyersAPIRequest"}
{"level":"DEBUG","location":"[get_call:159] fyersModel","message":{"Status Code":200,"API":"/funds"},"timestamp":"2026-05-22 11:03:20,273+0530","service":"FyersAPIRequest"}
{"level":"DEBUG","location":"[get_call:159] fyersModel","message":{"Status Code":200,"API":"/positions"},"timestamp":"2026-05-22 11:03:20,324+0530","service":"FyersAPIRequest"}
{"level":"DEBUG","location":"[get_call:159] fyersModel","message":{"Status Code":200,"API":"/orders"},"timestamp":"2026-05-22 11:03:20,372+0530","service":"FyersAPIRequest"}
{"level":"DEBUG","location":"[get_call:159] fyersModel","message":{"Status Code":200,"API":"/orders"},"timestamp":"2026-05-22 11:03:20,419+0530","service":"FyersAPIRequest"}
{"level":"DEBUG","location":"[get_call:159] fyersModel","message":{"Status Code":200,"API":"/holdings"},"timestamp":"2026-05-22 11:03:20,469+0530","service":"FyersAPIRequest"}
{"level":"DEBUG","location":"[get_call:159] fyersModel","message":{"Status Code":200,"API":"/tradebook"},"timestamp":"2026-05-22 11:03:21,511+0530","service":"FyersAPIRequest"}
{"level":"DEBUG","location":"[get_call:159] fyersModel","message":{"Status Code":200,"API":"/positions"},"timestamp":"2026-05-22 11:03:22,558+0530","service":"FyersAPIRequest"}
{"level":"DEBUG","location":"[get_call:159] fyersModel","message":{"Status Code":200,"API":"/funds"},"timestamp":"2026-05-22 11:03:22,608+0530","service":"FyersAPIRequest"}
{"level":"DEBUG","location":"[get_call:159] fyersModel","message":{"Status Code":200,"API":"/positions"},"timestamp":"2026-05-22 11:03:43,439+0530","service":"FyersAPIRequest"}
{"level":"DEBUG","location":"[get_call:159] fyersModel","message":{"Status Code":200,"API":"/orders"},"timestamp":"2026-05-22 11:03:43,484+0530","service":"FyersAPIRequest"}
{"level":"DEBUG","location":"[get_call:159] fyersModel","message":{"Status Code":200,"API":"/orders"},"timestamp":"2026-05-22 11:03:43,540+0530","service":"FyersAPIRequest"}
{"level":"DEBUG","location":"[get_call:159] fyersModel","message":{"Status Code":200,"API":"/holdings"},"timestamp":"2026-05-22 11:03:43,590+0530","service":"FyersAPIRequest"}
{"level":"DEBUG","location":"[get_call:159] fyersModel","message":{"Status Code":200,"API":"/tradebook"},"timestamp":"2026-05-22 11:03:44,638+0530","service":"FyersAPIRequest"}
{"level":"DEBUG","location":"[get_call:159] fyersModel","message":{"Status Code":200,"API":"/positions"},"timestamp":"2026-05-22 11:03:45,686+0530","service":"FyersAPIRequest"}
{"level":"DEBUG","location":"[get_call:159] fyersModel","message":{"Status Code":200,"API":"/funds"},"timestamp":"2026-05-22 11:03:45,736+0530","service":"FyersAPIRequest"}
{"level":"DEBUG","location":"[get_call:159] fyersModel","message":{"Status Code":200,"API":"/positions"},"timestamp":"2026-05-22 18:51:46,967+0530","service":"FyersAPIRequest"}
{"level":"DEBUG","location":"[get_call:159] fyersModel","message":{"Status Code":200,"API":"/orders"},"timestamp":"2026-05-22 18:51:47,015+0530","service":"FyersAPIRequest"}
{"level":"DEBUG","location":"[get_call:159] fyersModel","message":{"Status Code":200,"API":"/orders"},"timestamp":"2026-05-22 18:51:47,060+0530","service":"FyersAPIRequest"}
{"level":"DEBUG","location":"[get_call:159] fyersModel","message":{"Status Code":200,"API":"/holdings"},"timestamp":"2026-05-22 18:51:47,110+0530","service":"FyersAPIRequest"}
{"level":"DEBUG","location":"[get_call:159] fyersModel","message":{"Status Code":200,"API":"/tradebook"},"timestamp":"2026-05-22 18:51:48,155+0530","service":"FyersAPIRequest"}
{"level":"DEBUG","location":"[get_call:159] fyersModel","message":{"Status Code":200,"API":"/positions"},"timestamp":"2026-05-22 18:51:49,196+0530","service":"FyersAPIRequest"}
{"level":"DEBUG","location":"[get_call:159] fyersModel","message":{"Status Code":200,"API":"/funds"},"timestamp":"2026-05-22 18:51:49,242+0530","service":"FyersAPIRequest"}
{"level":"DEBUG","location":"[get_call:159] fyersModel","message":{"Status Code":200,"API":"/positions"},"timestamp":"2026-05-22 18:51:52,474+0530","service":"FyersAPIRequest"}
{"level":"DEBUG","location":"[get_call:159] fyersModel","message":{"Status Code":200,"API":"/orders"},"timestamp":"2026-05-22 18:51:52,520+0530","service":"FyersAPIRequest"}
{"level":"DEBUG","location":"[get_call:159] fyersModel","message":{"Status Code":200,"API":"/orders"},"timestamp":"2026-05-22 18:51:52,571+0530","service":"FyersAPIRequest"}
{"level":"DEBUG","location":"[get_call:159] fyersModel","message":{"Status Code":200,"API":"/holdings"},"timestamp":"2026-05-22 18:51:52,616+0530","service":"FyersAPIRequest"}
{"level":"DEBUG","location":"[get_call:159] fyersModel","message":{"Status Code":200,"API":"/tradebook"},"timestamp":"2026-05-22 18:51:53,663+0530","service":"FyersAPIRequest"}
{"level":"DEBUG","location":"[get_call:159] fyersModel","message":{"Status Code":200,"API":"/positions"},"timestamp":"2026-05-22 18:51:54,709+0530","service":"FyersAPIRequest"}
{"level":"DEBUG","location":"[get_call:159] fyersModel","message":{"Status Code":200,"API":"/funds"},"timestamp":"2026-05-22 18:51:54,754+0530","service":"FyersAPIRequest"}
{"level":"DEBUG","location":"[get_call:159] fyersModel","message":{"Status Code":401,"API":"/positions"},"timestamp":"2026-05-23 11:38:51,797+0530","service":"FyersAPIRequest"}
{"level":"DEBUG","location":"[get_call:159] fyersModel","message":{"Status Code":401,"API":"/orders"},"timestamp":"2026-05-23 11:38:51,847+0530","service":"FyersAPIRequest"}
{"level":"DEBUG","location":"[get_call:159] fyersModel","message":{"Status Code":401,"API":"/orders"},"timestamp":"2026-05-23 11:38:51,899+0530","service":"FyersAPIRequest"}
{"level":"DEBUG","location":"[get_call:159] fyersModel","message":{"Status Code":401,"API":"/holdings"},"timestamp":"2026-05-23 11:38:51,944+0530","service":"FyersAPIRequest"}
{"level":"DEBUG","location":"[get_call:159] fyersModel","message":{"Status Code":401,"API":"/tradebook"},"timestamp":"2026-05-23 11:38:52,996+0530","service":"FyersAPIRequest"}
{"level":"DEBUG","location":"[get_call:159] fyersModel","message":{"Status Code":401,"API":"/positions"},"timestamp":"2026-05-23 11:38:54,053+0530","service":"FyersAPIRequest"}
{"level":"DEBUG","location":"[get_call:159] fyersModel","message":{"Status Code":401,"API":"/funds"},"timestamp":"2026-05-23 11:38:54,118+0530","service":"FyersAPIRequest"}
{"level":"DEBUG","location":"[get_call:159] fyersModel","message":{"Status Code":401,"API":"/positions"},"timestamp":"2026-05-23 11:38:57,461+0530","service":"FyersAPIRequest"}
{"level":"DEBUG","location":"[get_call:159] fyersModel","message":{"Status Code":401,"API":"/orders"},"timestamp":"2026-05-23 11:38:57,505+0530","service":"FyersAPIRequest"}
{"level":"DEBUG","location":"[get_call:159] fyersModel","message":{"Status Code":401,"API":"/orders"},"timestamp":"2026-05-23 11:38:57,545+0530","service":"FyersAPIRequest"}
{"level":"DEBUG","location":"[get_call:159] fyersModel","message":{"Status Code":401,"API":"/holdings"},"timestamp":"2026-05-23 11:38:57,612+0530","service":"FyersAPIRequest"}
{"level":"DEBUG","location":"[get_call:159] fyersModel","message":{"Status Code":200,"API":"/positions"},"timestamp":"2026-05-23 11:40:11,829+0530","service":"FyersAPIRequest"}
{"level":"DEBUG","location":"[get_call:159] fyersModel","message":{"Status Code":200,"API":"/orders"},"timestamp":"2026-05-23 11:40:11,878+0530","service":"FyersAPIRequest"}
{"level":"DEBUG","location":"[get_call:159] fyersModel","message":{"Status Code":200,"API":"/orders"},"timestamp":"2026-05-23 11:40:11,930+0530","service":"FyersAPIRequest"}
{"level":"DEBUG","location":"[get_call:159] fyersModel","message":{"Status Code":200,"API":"/holdings"},"timestamp":"2026-05-23 11:40:11,991+0530","service":"FyersAPIRequest"}
{"level":"DEBUG","location":"[get_call:159] fyersModel","message":{"Status Code":200,"API":"/tradebook"},"timestamp":"2026-05-23 11:40:13,045+0530","service":"FyersAPIRequest"}
{"level":"DEBUG","location":"[get_call:159] fyersModel","message":{"Status Code":200,"API":"/positions"},"timestamp":"2026-05-23 11:40:14,100+0530","service":"FyersAPIRequest"}
{"level":"DEBUG","location":"[get_call:159] fyersModel","message":{"Status Code":200,"API":"/funds"},"timestamp":"2026-05-23 11:40:14,159+0530","service":"FyersAPIRequest"}
{"level":"DEBUG","location":"[get_call:159] fyersModel","message":{"Status Code":200,"API":"/positions"},"timestamp":"2026-05-23 11:40:17,180+0530","service":"FyersAPIRequest"}
{"level":"DEBUG","location":"[get_call:159] fyersModel","message":{"Status Code":200,"API":"/orders"},"timestamp":"2026-05-23 11:40:17,232+0530","service":"FyersAPIRequest"}
{"level":"DEBUG","location":"[get_call:159] fyersModel","message":{"Status Code":200,"API":"/orders"},"timestamp":"2026-05-23 11:40:17,290+0530","service":"FyersAPIRequest"}
{"level":"DEBUG","location":"[get_call:159] fyersModel","message":{"Status Code":200,"API":"/holdings"},"timestamp":"2026-05-23 11:40:17,340+0530","service":"FyersAPIRequest"}
{"level":"DEBUG","location":"[get_call:159] fyersModel","message":{"Status Code":200,"API":"/positions"},"timestamp":"2026-05-23 11:42:23,841+0530","service":"FyersAPIRequest"}
{"level":"DEBUG","location":"[get_call:159] fyersModel","message":{"Status Code":200,"API":"/orders"},"timestamp":"2026-05-23 11:42:24,020+0530","service":"FyersAPIRequest"}
{"level":"DEBUG","location":"[get_call:159] fyersModel","message":{"Status Code":200,"API":"/orders"},"timestamp":"2026-05-23 11:42:24,069+0530","service":"FyersAPIRequest"}
{"level":"DEBUG","location":"[get_call:159] fyersModel","message":{"Status Code":200,"API":"/holdings"},"timestamp":"2026-05-23 11:42:24,121+0530","service":"FyersAPIRequest"}
{"level":"DEBUG","location":"[get_call:159] fyersModel","message":{"Status Code":200,"API":"/tradebook"},"timestamp":"2026-05-23 11:42:25,177+0530","service":"FyersAPIRequest"}
{"level":"DEBUG","location":"[get_call:159] fyersModel","message":{"Status Code":200,"API":"/positions"},"timestamp":"2026-05-23 11:42:26,230+0530","service":"FyersAPIRequest"}
{"level":"DEBUG","location":"[get_call:159] fyersModel","message":{"Status Code":200,"API":"/funds"},"timestamp":"2026-05-23 11:42:26,287+0530","service":"FyersAPIRequest"}
{"level":"DEBUG","location":"[get_call:159] fyersModel","message":{"Status Code":200,"API":"/positions"},"timestamp":"2026-05-23 11:42:26,340+0530","service":"FyersAPIRequest"}
{"level":"DEBUG","location":"[get_call:159] fyersModel","message":{"Status Code":200,"API":"/orders"},"timestamp":"2026-05-23 11:42:26,390+0530","service":"FyersAPIRequest"}
{"level":"DEBUG","location":"[get_call:159] fyersModel","message":{"Status Code":200,"API":"/orders"},"timestamp":"2026-05-23 11:42:26,446+0530","service":"FyersAPIRequest"}
{"level":"DEBUG","location":"[get_call:159] fyersModel","message":{"Status Code":200,"API":"/holdings"},"timestamp":"2026-05-23 11:42:26,497+0530","service":"FyersAPIRequest"}
{"level":"DEBUG","location":"[get_call:159] fyersModel","message":{"Status Code":200,"API":"/tradebook"},"timestamp":"2026-05-23 11:42:27,550+0530","service":"FyersAPIRequest"}
{"level":"DEBUG","location":"[get_call:159] fyersModel","message":{"Status Code":200,"API":"/positions"},"timestamp":"2026-05-23 11:42:28,598+0530","service":"FyersAPIRequest"}
{"level":"DEBUG","location":"[get_call:159] fyersModel","message":{"Status Code":200,"API":"/funds"},"timestamp":"2026-05-23 11:42:28,669+0530","service":"FyersAPIRequest"}
{"level":"DEBUG","location":"[get_call:159] fyersModel","message":{"Status Code":200,"API":"/positions"},"timestamp":"2026-05-23 11:47:55,085+0530","service":"FyersAPIRequest"}
{"level":"DEBUG","location":"[get_call:159] fyersModel","message":{"Status Code":200,"API":"/orders"},"timestamp":"2026-05-23 11:47:55,138+0530","service":"FyersAPIRequest"}
{"level":"DEBUG","location":"[get_call:159] fyersModel","message":{"Status Code":200,"API":"/orders"},"timestamp":"2026-05-23 11:47:55,187+0530","service":"FyersAPIRequest"}
{"level":"DEBUG","location":"[get_call:159] fyersModel","message":{"Status Code":200,"API":"/holdings"},"timestamp":"2026-05-23 11:47:55,238+0530","service":"FyersAPIRequest"}
{"level":"DEBUG","location":"[post_call:100] fyersModel","message":{"Status Code":200,"API":"/orders/sync"},"timestamp":"2026-05-23 11:53:56,845+0530","service":"FyersAPIRequest"}
{"level":"DEBUG","location":"[get_call:159] fyersModel","message":{"Status Code":200,"API":"/orders"},"timestamp":"2026-05-23 11:53:56,901+0530","service":"FyersAPIRequest"}
{"level":"DEBUG","location":"[post_call:100] fyersModel","message":{"Status Code":200,"API":"/orders/sync"},"timestamp":"2026-05-23 11:59:49,420+0530","service":"FyersAPIRequest"}
{"level":"DEBUG","location":"[get_call:159] fyersModel","message":{"Status Code":200,"API":"/orders"},"timestamp":"2026-05-23 11:59:49,472+0530","service":"FyersAPIRequest"}
{"level":"DEBUG","location":"[post_call:100] fyersModel","message":{"Status Code":200,"API":"/orders/sync"},"timestamp":"2026-05-23 11:59:49,536+0530","service":"FyersAPIRequest"}
{"level":"DEBUG","location":"[get_call:159] fyersModel","message":{"Status Code":200,"API":"/orders"},"timestamp":"2026-05-23 11:59:49,586+0530","service":"FyersAPIRequest"}
{"level":"DEBUG","location":"[post_call:100] fyersModel","message":{"Status Code":200,"API":"/orders/sync"},"timestamp":"2026-05-23 11:59:49,650+0530","service":"FyersAPIRequest"}
{"level":"DEBUG","location":"[get_call:159] fyersModel","message":{"Status Code":200,"API":"/orders"},"timestamp":"2026-05-23 11:59:49,706+0530","service":"FyersAPIRequest"}
{"level":"DEBUG","location":"[get_call:159] fyersModel","message":{"Status Code":200,"API":"/positions"},"timestamp":"2026-05-23 12:02:54,720+0530","service":"FyersAPIRequest"}
{"level":"DEBUG","location":"[get_call:159] fyersModel","message":{"Status Code":200,"API":"/orders"},"timestamp":"2026-05-23 12:02:54,771+0530","service":"FyersAPIRequest"}
{"level":"DEBUG","location":"[get_call:159] fyersModel","message":{"Status Code":200,"API":"/orders"},"timestamp":"2026-05-23 12:02:54,830+0530","service":"FyersAPIRequest"}
{"level":"DEBUG","location":"[get_call:159] fyersModel","message":{"Status Code":200,"API":"/holdings"},"timestamp":"2026-05-23 12:02:54,885+0530","service":"FyersAPIRequest"}
{"level":"DEBUG","location":"[get_call:159] fyersModel","message":{"Status Code":200,"API":"/tradebook"},"timestamp":"2026-05-23 12:02:55,939+0530","service":"FyersAPIRequest"}
{"level":"DEBUG","location":"[get_call:159] fyersModel","message":{"Status Code":200,"API":"/positions"},"timestamp":"2026-05-23 12:02:56,994+0530","service":"FyersAPIRequest"}
{"level":"DEBUG","location":"[get_call:159] fyersModel","message":{"Status Code":200,"API":"/funds"},"timestamp":"2026-05-23 12:02:57,047+0530","service":"FyersAPIRequest"}
{"level":"DEBUG","location":"[get_call:159] fyersModel","message":{"Status Code":200,"API":"/positions"},"timestamp":"2026-05-23 12:02:57,101+0530","service":"FyersAPIRequest"}
{"level":"DEBUG","location":"[get_call:159] fyersModel","message":{"Status Code":200,"API":"/orders"},"timestamp":"2026-05-23 12:02:57,157+0530","service":"FyersAPIRequest"}
{"level":"DEBUG","location":"[get_call:159] fyersModel","message":{"Status Code":200,"API":"/orders"},"timestamp":"2026-05-23 12:02:57,209+0530","service":"FyersAPIRequest"}
{"level":"DEBUG","location":"[get_call:159] fyersModel","message":{"Status Code":200,"API":"/holdings"},"timestamp":"2026-05-23 12:02:57,258+0530","service":"FyersAPIRequest"}
{"level":"DEBUG","location":"[get_call:159] fyersModel","message":{"Status Code":200,"API":"/positions"},"timestamp":"2026-05-23 12:02:57,665+0530","service":"FyersAPIRequest"}
{"level":"DEBUG","location":"[get_call:159] fyersModel","message":{"Status Code":200,"API":"/orders"},"timestamp":"2026-05-23 12:02:57,716+0530","service":"FyersAPIRequest"}
{"level":"DEBUG","location":"[get_call:159] fyersModel","message":{"Status Code":200,"API":"/orders"},"timestamp":"2026-05-23 12:02:57,769+0530","service":"FyersAPIRequest"}
{"level":"DEBUG","location":"[get_call:159] fyersModel","message":{"Status Code":200,"API":"/holdings"},"timestamp":"2026-05-23 12:02:57,817+0530","service":"FyersAPIRequest"}
{"level":"DEBUG","location":"[post_call:100] fyersModel","message":{"Status Code":200,"API":"/orders/sync"},"timestamp":"2026-05-23 12:03:14,167+0530","service":"FyersAPIRequest"}
{"level":"DEBUG","location":"[get_call:159] fyersModel","message":{"Status Code":200,"API":"/orders"},"timestamp":"2026-05-23 12:03:14,223+0530","service":"FyersAPIRequest"}
{"level":"DEBUG","location":"[post_call:100] fyersModel","message":{"Status Code":200,"API":"/orders/sync"},"timestamp":"2026-05-23 12:03:14,279+0530","service":"FyersAPIRequest"}
{"level":"DEBUG","location":"[get_call:159] fyersModel","message":{"Status Code":200,"API":"/orders"},"timestamp":"2026-05-23 12:03:14,332+0530","service":"FyersAPIRequest"}
{"level":"DEBUG","location":"[post_call:100] fyersModel","message":{"Status Code":200,"API":"/orders/sync"},"timestamp":"2026-05-23 12:03:14,390+0530","service":"FyersAPIRequest"}
{"level":"DEBUG","location":"[get_call:159] fyersModel","message":{"Status Code":200,"API":"/orders"},"timestamp":"2026-05-23 12:03:14,444+0530","service":"FyersAPIRequest"}
{"level":"DEBUG","location":"[get_call:159] fyersModel","message":{"Status Code":200,"API":"/positions"},"timestamp":"2026-05-23 12:07:37,610+0530","service":"FyersAPIRequest"}
{"level":"DEBUG","location":"[get_call:159] fyersModel","message":{"Status Code":200,"API":"/orders"},"timestamp":"2026-05-23 12:07:37,653+0530","service":"FyersAPIRequest"}
{"level":"DEBUG","location":"[get_call:159] fyersModel","message":{"Status Code":200,"API":"/orders"},"timestamp":"2026-05-23 12:07:37,698+0530","service":"FyersAPIRequest"}
{"level":"DEBUG","location":"[get_call:159] fyersModel","message":{"Status Code":200,"API":"/holdings"},"timestamp":"2026-05-23 12:07:37,750+0530","service":"FyersAPIRequest"}
{"level":"DEBUG","location":"[get_call:159] fyersModel","message":{"Status Code":200,"API":"/tradebook"},"timestamp":"2026-05-23 12:07:38,799+0530","service":"FyersAPIRequest"}
{"level":"DEBUG","location":"[get_call:159] fyersModel","message":{"Status Code":200,"API":"/positions"},"timestamp":"2026-05-23 12:07:39,903+0530","service":"FyersAPIRequest"}
{"level":"DEBUG","location":"[get_call:159] fyersModel","message":{"Status Code":200,"API":"/funds"},"timestamp":"2026-05-23 12:07:40,029+0530","service":"FyersAPIRequest"}
{"level":"DEBUG","location":"[get_call:159] fyersModel","message":{"Status Code":200,"API":"/positions"},"timestamp":"2026-05-23 12:07:40,077+0530","service":"FyersAPIRequest"}
{"level":"DEBUG","location":"[get_call:159] fyersModel","message":{"Status Code":200,"API":"/orders"},"timestamp":"2026-05-23 12:07:40,131+0530","service":"FyersAPIRequest"}
{"level":"DEBUG","location":"[get_call:159] fyersModel","message":{"Status Code":200,"API":"/orders"},"timestamp":"2026-05-23 12:07:40,226+0530","service":"FyersAPIRequest"}
{"level":"DEBUG","location":"[get_call:159] fyersModel","message":{"Status Code":200,"API":"/holdings"},"timestamp":"2026-05-23 12:07:40,319+0530","service":"FyersAPIRequest"}
{"level":"DEBUG","location":"[get_call:159] fyersModel","message":{"Status Code":200,"API":"/tradebook"},"timestamp":"2026-05-23 12:07:41,367+0530","service":"FyersAPIRequest"}
{"level":"DEBUG","location":"[get_call:159] fyersModel","message":{"Status Code":200,"API":"/positions"},"timestamp":"2026-05-23 12:07:41,975+0530","service":"FyersAPIRequest"}
{"level":"DEBUG","location":"[get_call:159] fyersModel","message":{"Status Code":200,"API":"/orders"},"timestamp":"2026-05-23 12:07:42,068+0530","service":"FyersAPIRequest"}
{"level":"DEBUG","location":"[get_call:159] fyersModel","message":{"Status Code":200,"API":"/orders"},"timestamp":"2026-05-23 12:07:42,179+0530","service":"FyersAPIRequest"}
{"level":"DEBUG","location":"[get_call:159] fyersModel","message":{"Status Code":200,"API":"/holdings"},"timestamp":"2026-05-23 12:07:42,230+0530","service":"FyersAPIRequest"}
{"level":"DEBUG","location":"[get_call:159] fyersModel","message":{"Status Code":200,"API":"/positions"},"timestamp":"2026-05-23 12:10:49,499+0530","service":"FyersAPIRequest"}
{"level":"DEBUG","location":"[get_call:159] fyersModel","message":{"Status Code":200,"API":"/orders"},"timestamp":"2026-05-23 12:10:49,797+0530","service":"FyersAPIRequest"}
{"level":"DEBUG","location":"[get_call:159] fyersModel","message":{"Status Code":200,"API":"/orders"},"timestamp":"2026-05-23 12:10:49,947+0530","service":"FyersAPIRequest"}
{"level":"DEBUG","location":"[get_call:159] fyersModel","message":{"Status Code":200,"API":"/holdings"},"timestamp":"2026-05-23 12:10:50,098+0530","service":"FyersAPIRequest"}
{"level":"DEBUG","location":"[get_call:159] fyersModel","message":{"Status Code":200,"API":"/tradebook"},"timestamp":"2026-05-23 12:10:51,152+0530","service":"FyersAPIRequest"}
{"level":"DEBUG","location":"[get_call:159] fyersModel","message":{"Status Code":200,"API":"/positions"},"timestamp":"2026-05-23 12:10:52,236+0530","service":"FyersAPIRequest"}
{"level":"DEBUG","location":"[get_call:159] fyersModel","message":{"Status Code":200,"API":"/funds"},"timestamp":"2026-05-23 12:10:52,339+0530","service":"FyersAPIRequest"}
{"level":"DEBUG","location":"[get_call:159] fyersModel","message":{"Status Code":200,"API":"/positions"},"timestamp":"2026-05-23 12:10:52,443+0530","service":"FyersAPIRequest"}
{"level":"DEBUG","location":"[get_call:159] fyersModel","message":{"Status Code":200,"API":"/orders"},"timestamp":"2026-05-23 12:10:52,497+0530","service":"FyersAPIRequest"}
{"level":"DEBUG","location":"[get_call:159] fyersModel","message":{"Status Code":200,"API":"/orders"},"timestamp":"2026-05-23 12:10:52,552+0530","service":"FyersAPIRequest"}
{"level":"DEBUG","location":"[get_call:159] fyersModel","message":{"Status Code":200,"API":"/holdings"},"timestamp":"2026-05-23 12:10:52,602+0530","service":"FyersAPIRequest"}
{"level":"DEBUG","location":"[get_call:159] fyersModel","message":{"Status Code":200,"API":"/tradebook"},"timestamp":"2026-05-23 12:10:53,664+0530","service":"FyersAPIRequest"}
{"level":"DEBUG","location":"[get_call:159] fyersModel","message":{"Status Code":200,"API":"/positions"},"timestamp":"2026-05-23 12:10:54,796+0530","service":"FyersAPIRequest"}
{"level":"DEBUG","location":"[get_call:159] fyersModel","message":{"Status Code":200,"API":"/funds"},"timestamp":"2026-05-23 12:10:54,899+0530","service":"FyersAPIRequest"}
{"level":"DEBUG","location":"[get_call:159] fyersModel","message":{"Status Code":200,"API":"/positions"},"timestamp":"2026-05-23 12:21:20,861+0530","service":"FyersAPIRequest"}
{"level":"DEBUG","location":"[get_call:159] fyersModel","message":{"Status Code":200,"API":"/orders"},"timestamp":"2026-05-23 12:21:20,971+0530","service":"FyersAPIRequest"}
{"level":"DEBUG","location":"[get_call:159] fyersModel","message":{"Status Code":200,"API":"/orders"},"timestamp":"2026-05-23 12:21:21,039+0530","service":"FyersAPIRequest"}
{"level":"DEBUG","location":"[get_call:159] fyersModel","message":{"Status Code":200,"API":"/holdings"},"timestamp":"2026-05-23 12:21:21,180+0530","service":"FyersAPIRequest"}
{"level":"DEBUG","location":"[get_call:159] fyersModel","message":{"Status Code":200,"API":"/tradebook"},"timestamp":"2026-05-23 12:21:22,264+0530","service":"FyersAPIRequest"}
{"level":"DEBUG","location":"[get_call:159] fyersModel","message":{"Status Code":200,"API":"/positions"},"timestamp":"2026-05-23 12:21:23,327+0530","service":"FyersAPIRequest"}
{"level":"DEBUG","location":"[get_call:159] fyersModel","message":{"Status Code":200,"API":"/funds"},"timestamp":"2026-05-23 12:21:23,383+0530","service":"FyersAPIRequest"}
{"level":"DEBUG","location":"[get_call:159] fyersModel","message":{"Status Code":200,"API":"/positions"},"timestamp":"2026-05-23 12:21:23,512+0530","service":"FyersAPIRequest"}
{"level":"DEBUG","location":"[get_call:159] fyersModel","message":{"Status Code":200,"API":"/orders"},"timestamp":"2026-05-23 12:21:23,570+0530","service":"FyersAPIRequest"}
{"level":"DEBUG","location":"[get_call:159] fyersModel","message":{"Status Code":200,"API":"/orders"},"timestamp":"2026-05-23 12:21:23,622+0530","service":"FyersAPIRequest"}
{"level":"DEBUG","location":"[get_call:159] fyersModel","message":{"Status Code":200,"API":"/holdings"},"timestamp":"2026-05-23 12:21:23,671+0530","service":"FyersAPIRequest"}
{"level":"DEBUG","location":"[get_call:159] fyersModel","message":{"Status Code":200,"API":"/positions"},"timestamp":"2026-05-23 12:21:24,090+0530","service":"FyersAPIRequest"}
{"level":"DEBUG","location":"[get_call:159] fyersModel","message":{"Status Code":200,"API":"/orders"},"timestamp":"2026-05-23 12:21:24,137+0530","service":"FyersAPIRequest"}
{"level":"DEBUG","location":"[get_call:159] fyersModel","message":{"Status Code":200,"API":"/orders"},"timestamp":"2026-05-23 12:21:24,190+0530","service":"FyersAPIRequest"}
{"level":"DEBUG","location":"[get_call:159] fyersModel","message":{"Status Code":200,"API":"/holdings"},"timestamp":"2026-05-23 12:21:24,241+0530","service":"FyersAPIRequest"}
{"level":"DEBUG","location":"[get_call:159] fyersModel","message":{"Status Code":200,"API":"/positions"},"timestamp":"2026-05-23 12:24:09,547+0530","service":"FyersAPIRequest"}
{"level":"DEBUG","location":"[get_call:159] fyersModel","message":{"Status Code":200,"API":"/orders"},"timestamp":"2026-05-23 12:24:09,599+0530","service":"FyersAPIRequest"}
{"level":"DEBUG","location":"[get_call:159] fyersModel","message":{"Status Code":200,"API":"/orders"},"timestamp":"2026-05-23 12:24:09,650+0530","service":"FyersAPIRequest"}
{"level":"DEBUG","location":"[get_call:159] fyersModel","message":{"Status Code":200,"API":"/holdings"},"timestamp":"2026-05-23 12:24:09,698+0530","service":"FyersAPIRequest"}
{"level":"DEBUG","location":"[get_call:159] fyersModel","message":{"Status Code":200,"API":"/tradebook"},"timestamp":"2026-05-23 12:24:10,746+0530","service":"FyersAPIRequest"}
{"level":"DEBUG","location":"[get_call:159] fyersModel","message":{"Status Code":200,"API":"/positions"},"timestamp":"2026-05-23 12:24:22,612+0530","service":"FyersAPIRequest"}
{"level":"DEBUG","location":"[get_call:159] fyersModel","message":{"Status Code":200,"API":"/orders"},"timestamp":"2026-05-23 12:24:22,665+0530","service":"FyersAPIRequest"}
{"level":"DEBUG","location":"[get_call:159] fyersModel","message":{"Status Code":200,"API":"/orders"},"timestamp":"2026-05-23 12:24:22,719+0530","service":"FyersAPIRequest"}
{"level":"DEBUG","location":"[get_call:159] fyersModel","message":{"Status Code":200,"API":"/holdings"},"timestamp":"2026-05-23 12:24:22,771+0530","service":"FyersAPIRequest"}
{"level":"DEBUG","location":"[get_call:159] fyersModel","message":{"Status Code":200,"API":"/tradebook"},"timestamp":"2026-05-23 12:24:23,853+0530","service":"FyersAPIRequest"}
{"level":"DEBUG","location":"[get_call:159] fyersModel","message":{"Status Code":200,"API":"/positions"},"timestamp":"2026-05-23 12:24:24,942+0530","service":"FyersAPIRequest"}
{"level":"DEBUG","location":"[get_call:159] fyersModel","message":{"Status Code":200,"API":"/funds"},"timestamp":"2026-05-23 12:24:25,082+0530","service":"FyersAPIRequest"}
{"level":"DEBUG","location":"[get_call:159] fyersModel","message":{"Status Code":200,"API":"/positions"},"timestamp":"2026-05-23 12:24:25,142+0530","service":"FyersAPIRequest"}
{"level":"DEBUG","location":"[get_call:159] fyersModel","message":{"Status Code":200,"API":"/orders"},"timestamp":"2026-05-23 12:24:25,194+0530","service":"FyersAPIRequest"}
{"level":"DEBUG","location":"[get_call:159] fyersModel","message":{"Status Code":200,"API":"/orders"},"timestamp":"2026-05-23 12:24:25,248+0530","service":"FyersAPIRequest"}
{"level":"DEBUG","location":"[get_call:159] fyersModel","message":{"Status Code":200,"API":"/holdings"},"timestamp":"2026-05-23 12:24:25,338+0530","service":"FyersAPIRequest"}
{"level":"DEBUG","location":"[get_call:159] fyersModel","message":{"Status Code":200,"API":"/tradebook"},"timestamp":"2026-05-23 12:24:26,390+0530","service":"FyersAPIRequest"}
{"level":"DEBUG","location":"[get_call:159] fyersModel","message":{"Status Code":200,"API":"/positions"},"timestamp":"2026-05-23 12:24:27,445+0530","service":"FyersAPIRequest"}
{"level":"DEBUG","location":"[get_call:159] fyersModel","message":{"Status Code":200,"API":"/funds"},"timestamp":"2026-05-23 12:24:27,533+0530","service":"FyersAPIRequest"}
{"level":"DEBUG","location":"[get_call:159] fyersModel","message":{"Status Code":200,"API":"/positions"},"timestamp":"2026-05-23 12:24:28,987+0530","service":"FyersAPIRequest"}
{"level":"DEBUG","location":"[get_call:159] fyersModel","message":{"Status Code":200,"API":"/orders"},"timestamp":"2026-05-23 12:24:29,039+0530","service":"FyersAPIRequest"}
{"level":"DEBUG","location":"[get_call:159] fyersModel","message":{"Status Code":200,"API":"/orders"},"timestamp":"2026-05-23 12:24:29,098+0530","service":"FyersAPIRequest"}
{"level":"DEBUG","location":"[get_call:159] fyersModel","message":{"Status Code":200,"API":"/holdings"},"timestamp":"2026-05-23 12:24:29,149+0530","service":"FyersAPIRequest"}
{"level":"DEBUG","location":"[get_call:159] fyersModel","message":{"Status Code":200,"API":"/positions"},"timestamp":"2026-05-23 12:27:51,948+0530","service":"FyersAPIRequest"}
{"level":"DEBUG","location":"[get_call:159] fyersModel","message":{"Status Code":200,"API":"/orders"},"timestamp":"2026-05-23 12:27:51,996+0530","service":"FyersAPIRequest"}
{"level":"DEBUG","location":"[get_call:159] fyersModel","message":{"Status Code":200,"API":"/orders"},"timestamp":"2026-05-23 12:27:52,071+0530","service":"FyersAPIRequest"}
{"level":"DEBUG","location":"[get_call:159] fyersModel","message":{"Status Code":200,"API":"/holdings"},"timestamp":"2026-05-23 12:27:52,127+0530","service":"FyersAPIRequest"}
{"level":"DEBUG","location":"[get_call:159] fyersModel","message":{"Status Code":200,"API":"/tradebook"},"timestamp":"2026-05-23 12:27:53,204+0530","service":"FyersAPIRequest"}
{"level":"DEBUG","location":"[get_call:159] fyersModel","message":{"Status Code":200,"API":"/positions"},"timestamp":"2026-05-23 12:27:54,292+0530","service":"FyersAPIRequest"}
{"level":"DEBUG","location":"[get_call:159] fyersModel","message":{"Status Code":200,"API":"/funds"},"timestamp":"2026-05-23 12:27:54,346+0530","service":"FyersAPIRequest"}
{"level":"DEBUG","location":"[get_call:159] fyersModel","message":{"Status Code":200,"API":"/positions"},"timestamp":"2026-05-23 12:27:54,431+0530","service":"FyersAPIRequest"}
{"level":"DEBUG","location":"[get_call:159] fyersModel","message":{"Status Code":200,"API":"/orders"},"timestamp":"2026-05-23 12:27:54,482+0530","service":"FyersAPIRequest"}
{"level":"DEBUG","location":"[get_call:159] fyersModel","message":{"Status Code":200,"API":"/orders"},"timestamp":"2026-05-23 12:27:54,599+0530","service":"FyersAPIRequest"}
{"level":"DEBUG","location":"[get_call:159] fyersModel","message":{"Status Code":200,"API":"/holdings"},"timestamp":"2026-05-23 12:27:54,658+0530","service":"FyersAPIRequest"}
{"level":"DEBUG","location":"[get_call:159] fyersModel","message":{"Status Code":200,"API":"/tradebook"},"timestamp":"2026-05-23 12:27:55,718+0530","service":"FyersAPIRequest"}
{"level":"DEBUG","location":"[get_call:159] fyersModel","message":{"Status Code":200,"API":"/positions"},"timestamp":"2026-05-23 12:27:56,766+0530","service":"FyersAPIRequest"}
{"level":"DEBUG","location":"[get_call:159] fyersModel","message":{"Status Code":200,"API":"/funds"},"timestamp":"2026-05-23 12:27:56,818+0530","service":"FyersAPIRequest"}
{"level":"DEBUG","location":"[get_call:159] fyersModel","message":{"Status Code":200,"API":"/positions"},"timestamp":"2026-05-23 12:28:00,534+0530","service":"FyersAPIRequest"}
{"level":"DEBUG","location":"[get_call:159] fyersModel","message":{"Status Code":200,"API":"/orders"},"timestamp":"2026-05-23 12:28:00,586+0530","service":"FyersAPIRequest"}
{"level":"DEBUG","location":"[get_call:159] fyersModel","message":{"Status Code":200,"API":"/orders"},"timestamp":"2026-05-23 12:28:00,640+0530","service":"FyersAPIRequest"}
{"level":"DEBUG","location":"[get_call:159] fyersModel","message":{"Status Code":200,"API":"/holdings"},"timestamp":"2026-05-23 12:28:00,690+0530","service":"FyersAPIRequest"}
{"level":"DEBUG","location":"[get_call:159] fyersModel","message":{"Status Code":200,"API":"/tradebook"},"timestamp":"2026-05-23 12:28:01,770+0530","service":"FyersAPIRequest"}
{"level":"DEBUG","location":"[get_call:159] fyersModel","message":{"Status Code":200,"API":"/positions"},"timestamp":"2026-05-23 12:28:02,831+0530","service":"FyersAPIRequest"}
{"level":"DEBUG","location":"[get_call:159] fyersModel","message":{"Status Code":200,"API":"/funds"},"timestamp":"2026-05-23 12:28:02,890+0530","service":"FyersAPIRequest"}
{"level":"DEBUG","location":"[get_call:159] fyersModel","message":{"Status Code":200,"API":"/positions"},"timestamp":"2026-05-23 12:28:40,472+0530","service":"FyersAPIRequest"}
{"level":"DEBUG","location":"[get_call:159] fyersModel","message":{"Status Code":200,"API":"/orders"},"timestamp":"2026-05-23 12:28:40,537+0530","service":"FyersAPIRequest"}
{"level":"DEBUG","location":"[get_call:159] fyersModel","message":{"Status Code":200,"API":"/orders"},"timestamp":"2026-05-23 12:28:40,587+0530","service":"FyersAPIRequest"}
{"level":"DEBUG","location":"[get_call:159] fyersModel","message":{"Status Code":200,"API":"/holdings"},"timestamp":"2026-05-23 12:28:40,679+0530","service":"FyersAPIRequest"}
{"level":"DEBUG","location":"[get_call:159] fyersModel","message":{"Status Code":200,"API":"/tradebook"},"timestamp":"2026-05-23 12:28:41,807+0530","service":"FyersAPIRequest"}
{"level":"DEBUG","location":"[get_call:159] fyersModel","message":{"Status Code":200,"API":"/positions"},"timestamp":"2026-05-23 12:28:42,937+0530","service":"FyersAPIRequest"}
{"level":"DEBUG","location":"[get_call:159] fyersModel","message":{"Status Code":200,"API":"/funds"},"timestamp":"2026-05-23 12:28:43,040+0530","service":"FyersAPIRequest"}
{"level":"DEBUG","location":"[get_call:159] fyersModel","message":{"Status Code":200,"API":"/positions"},"timestamp":"2026-05-23 12:28:43,138+0530","service":"FyersAPIRequest"}
{"level":"DEBUG","location":"[get_call:159] fyersModel","message":{"Status Code":200,"API":"/orders"},"timestamp":"2026-05-23 12:28:43,195+0530","service":"FyersAPIRequest"}
{"level":"DEBUG","location":"[get_call:159] fyersModel","message":{"Status Code":200,"API":"/orders"},"timestamp":"2026-05-23 12:28:43,294+0530","service":"FyersAPIRequest"}
{"level":"DEBUG","location":"[get_call:159] fyersModel","message":{"Status Code":200,"API":"/holdings"},"timestamp":"2026-05-23 12:28:43,346+0530","service":"FyersAPIRequest"}
{"level":"DEBUG","location":"[debug:90] fyers_logger","message":{"Status Code":200,"API":"/tradebook"},"timestamp":"2026-05-23 12:28:44,429+0530","service":"FyersAPIRequest"}
{"level":"DEBUG","location":"[get_call:159] fyersModel","message":{"Status Code":200,"API":"/positions"},"timestamp":"2026-05-23 12:28:45,487+0530","service":"FyersAPIRequest"}
{"level":"DEBUG","location":"[get_call:159] fyersModel","message":{"Status Code":200,"API":"/funds"},"timestamp":"2026-05-23 12:28:45,539+0530","service":"FyersAPIRequest"}
{"level":"DEBUG","location":"[get_call:159] fyersModel","message":{"Status Code":200,"API":"/positions"},"timestamp":"2026-05-23 12:28:48,720+0530","service":"FyersAPIRequest"}
{"level":"DEBUG","location":"[get_call:159] fyersModel","message":{"Status Code":200,"API":"/orders"},"timestamp":"2026-05-23 12:28:48,867+0530","service":"FyersAPIRequest"}
{"level":"DEBUG","location":"[get_call:159] fyersModel","message":{"Status Code":200,"API":"/orders"},"timestamp":"2026-05-23 12:28:49,028+0530","service":"FyersAPIRequest"}
{"level":"DEBUG","location":"[get_call:159] fyersModel","message":{"Status Code":200,"API":"/holdings"},"timestamp":"2026-05-23 12:28:49,171+0530","service":"FyersAPIRequest"}
{"level":"DEBUG","location":"[get_call:159] fyersModel","message":{"Status Code":200,"API":"/tradebook"},"timestamp":"2026-05-23 12:28:50,405+0530","service":"FyersAPIRequest"}
{"level":"DEBUG","location":"[get_call:159] fyersModel","message":{"Status Code":200,"API":"/positions"},"timestamp":"2026-05-23 23:09:02,134+0530","service":"FyersAPIRequest"}
{"level":"DEBUG","location":"[get_call:159] fyersModel","message":{"Status Code":200,"API":"/orders"},"timestamp":"2026-05-23 23:09:02,201+0530","service":"FyersAPIRequest"}
{"level":"DEBUG","location":"[get_call:159] fyersModel","message":{"Status Code":200,"API":"/orders"},"timestamp":"2026-05-23 23:09:02,265+0530","service":"FyersAPIRequest"}
{"level":"DEBUG","location":"[get_call:159] fyersModel","message":{"Status Code":200,"API":"/holdings"},"timestamp":"2026-05-23 23:09:02,324+0530","service":"FyersAPIRequest"}
{"level":"DEBUG","location":"[get_call:159] fyersModel","message":{"Status Code":200,"API":"/tradebook"},"timestamp":"2026-05-23 23:09:03,391+0530","service":"FyersAPIRequest"}
{"level":"DEBUG","location":"[get_call:159] fyersModel","message":{"Status Code":200,"API":"/positions"},"timestamp":"2026-05-23 23:09:04,452+0530","service":"FyersAPIRequest"}
{"level":"DEBUG","location":"[get_call:159] fyersModel","message":{"Status Code":200,"API":"/funds"},"timestamp":"2026-05-23 23:09:04,529+0530","service":"FyersAPIRequest"}
{"level":"DEBUG","location":"[get_call:159] fyersModel","message":{"Status Code":200,"API":"/positions"},"timestamp":"2026-05-24 12:45:52,264+0530","service":"FyersAPIRequest"}
{"level":"DEBUG","location":"[get_call:159] fyersModel","message":{"Status Code":200,"API":"/orders"},"timestamp":"2026-05-24 12:45:52,311+0530","service":"FyersAPIRequest"}
{"level":"DEBUG","location":"[get_call:159] fyersModel","message":{"Status Code":200,"API":"/orders"},"timestamp":"2026-05-24 12:45:52,373+0530","service":"FyersAPIRequest"}
{"level":"DEBUG","location":"[get_call:159] fyersModel","message":{"Status Code":200,"API":"/holdings"},"timestamp":"2026-05-24 12:45:52,426+0530","service":"FyersAPIRequest"}
{"level":"DEBUG","location":"[get_call:159] fyersModel","message":{"Status Code":200,"API":"/tradebook"},"timestamp":"2026-05-24 12:45:53,471+0530","service":"FyersAPIRequest"}
{"level":"DEBUG","location":"[get_call:159] fyersModel","message":{"Status Code":200,"API":"/positions"},"timestamp":"2026-05-24 12:45:54,526+0530","service":"FyersAPIRequest"}
{"level":"DEBUG","location":"[get_call:159] fyersModel","message":{"Status Code":200,"API":"/funds"},"timestamp":"2026-05-24 12:45:54,586+0530","service":"FyersAPIRequest"}
{"level":"DEBUG","location":"[get_call:159] fyersModel","message":{"Status Code":200,"API":"/positions"},"timestamp":"2026-05-24 12:45:54,642+0530","service":"FyersAPIRequest"}
{"level":"DEBUG","location":"[get_call:159] fyersModel","message":{"Status Code":200,"API":"/orders"},"timestamp":"2026-05-24 12:45:54,704+0530","service":"FyersAPIRequest"}
{"level":"DEBUG","location":"[get_call:159] fyersModel","message":{"Status Code":200,"API":"/orders"},"timestamp":"2026-05-24 12:45:54,756+0530","service":"FyersAPIRequest"}
{"level":"DEBUG","location":"[get_call:159] fyersModel","message":{"Status Code":200,"API":"/holdings"},"timestamp":"2026-05-24 12:45:54,802+0530","service":"FyersAPIRequest"}
{"level":"DEBUG","location":"[get_call:159] fyersModel","message":{"Status Code":200,"API":"/tradebook"},"timestamp":"2026-05-24 12:45:55,858+0530","service":"FyersAPIRequest"}
{"level":"DEBUG","location":"[get_call:159] fyersModel","message":{"Status Code":200,"API":"/positions"},"timestamp":"2026-05-24 12:45:56,915+0530","service":"FyersAPIRequest"}
{"level":"DEBUG","location":"[get_call:159] fyersModel","message":{"Status Code":200,"API":"/funds"},"timestamp":"2026-05-24 12:45:56,968+0530","service":"FyersAPIRequest"}
{"level":"DEBUG","location":"[get_call:159] fyersModel","message":{"Status Code":200,"API":"/positions"},"timestamp":"2026-05-24 12:45:57,684+0530","service":"FyersAPIRequest"}
{"level":"DEBUG","location":"[get_call:159] fyersModel","message":{"Status Code":200,"API":"/orders"},"timestamp":"2026-05-24 12:45:57,758+0530","service":"FyersAPIRequest"}
{"level":"DEBUG","location":"[get_call:159] fyersModel","message":{"Status Code":200,"API":"/orders"},"timestamp":"2026-05-24 12:45:57,822+0530","service":"FyersAPIRequest"}
{"level":"DEBUG","location":"[get_call:159] fyersModel","message":{"Status Code":200,"API":"/holdings"},"timestamp":"2026-05-24 12:45:57,875+0530","service":"FyersAPIRequest"}
{"level":"DEBUG","location":"[get_call:159] fyersModel","message":{"Status Code":200,"API":"/positions"},"timestamp":"2026-05-24 12:46:00,050+0530","service":"FyersAPIRequest"}
{"level":"DEBUG","location":"[get_call:159] fyersModel","message":{"Status Code":200,"API":"/orders"},"timestamp":"2026-05-24 12:46:00,108+0530","service":"FyersAPIRequest"}
{"level":"DEBUG","location":"[get_call:159] fyersModel","message":{"Status Code":200,"API":"/orders"},"timestamp":"2026-05-24 12:46:00,164+0530","service":"FyersAPIRequest"}
{"level":"DEBUG","location":"[get_call:159] fyersModel","message":{"Status Code":200,"API":"/holdings"},"timestamp":"2026-05-24 12:46:00,215+0530","service":"FyersAPIRequest"}
{"level":"DEBUG","location":"[get_call:159] fyersModel","message":{"Status Code":200,"API":"/tradebook"},"timestamp":"2026-05-24 12:46:01,269+0530","service":"FyersAPIRequest"}
{"level":"DEBUG","location":"[get_call:159] fyersModel","message":{"Status Code":200,"API":"/positions"},"timestamp":"2026-05-24 12:46:02,315+0530","service":"FyersAPIRequest"}
{"level":"DEBUG","location":"[get_call:159] fyersModel","message":{"Status Code":200,"API":"/funds"},"timestamp":"2026-05-24 12:46:02,372+0530","service":"FyersAPIRequest"}
{"level":"DEBUG","location":"[get_call:159] fyersModel","message":{"Status Code":200,"API":"/positions"},"timestamp":"2026-05-24 12:46:24,437+0530","service":"FyersAPIRequest"}
{"level":"DEBUG","location":"[get_call:159] fyersModel","message":{"Status Code":200,"API":"/orders"},"timestamp":"2026-05-24 12:46:24,489+0530","service":"FyersAPIRequest"}
{"level":"DEBUG","location":"[get_call:159] fyersModel","message":{"Status Code":200,"API":"/orders"},"timestamp":"2026-05-24 12:46:24,537+0530","service":"FyersAPIRequest"}
{"level":"DEBUG","location":"[get_call:159] fyersModel","message":{"Status Code":200,"API":"/holdings"},"timestamp":"2026-05-24 12:46:24,592+0530","service":"FyersAPIRequest"}
{"level":"DEBUG","location":"[get_call:159] fyersModel","message":{"Status Code":200,"API":"/tradebook"},"timestamp":"2026-05-24 12:46:25,644+0530","service":"FyersAPIRequest"}
{"level":"DEBUG","location":"[get_call:159] fyersModel","message":{"Status Code":200,"API":"/positions"},"timestamp":"2026-05-24 12:46:26,709+0530","service":"FyersAPIRequest"}
{"level":"DEBUG","location":"[get_call:159] fyersModel","message":{"Status Code":200,"API":"/funds"},"timestamp":"2026-05-24 12:46:26,769+0530","service":"FyersAPIRequest"}
{"level":"DEBUG","location":"[get_call:159] fyersModel","message":{"Status Code":200,"API":"/positions"},"timestamp":"2026-05-24 12:46:26,818+0530","service":"FyersAPIRequest"}
{"level":"DEBUG","location":"[get_call:159] fyersModel","message":{"Status Code":200,"API":"/orders"},"timestamp":"2026-05-24 12:46:26,876+0530","service":"FyersAPIRequest"}
{"level":"DEBUG","location":"[get_call:159] fyersModel","message":{"Status Code":200,"API":"/orders"},"timestamp":"2026-05-24 12:46:26,925+0530","service":"FyersAPIRequest"}
{"level":"DEBUG","location":"[get_call:159] fyersModel","message":{"Status Code":200,"API":"/holdings"},"timestamp":"2026-05-24 12:46:26,987+0530","service":"FyersAPIRequest"}
{"level":"DEBUG","location":"[get_call:159] fyersModel","message":{"Status Code":200,"API":"/tradebook"},"timestamp":"2026-05-24 12:46:28,062+0530","service":"FyersAPIRequest"}
{"level":"DEBUG","location":"[get_call:159] fyersModel","message":{"Status Code":200,"API":"/positions"},"timestamp":"2026-05-24 12:46:28,784+0530","service":"FyersAPIRequest"}
{"level":"DEBUG","location":"[get_call:159] fyersModel","message":{"Status Code":200,"API":"/orders"},"timestamp":"2026-05-24 12:46:28,900+0530","service":"FyersAPIRequest"}
{"level":"DEBUG","location":"[get_call:159] fyersModel","message":{"Status Code":200,"API":"/orders"},"timestamp":"2026-05-24 12:46:28,951+0530","service":"FyersAPIRequest"}
{"level":"DEBUG","location":"[get_call:159] fyersModel","message":{"Status Code":200,"API":"/holdings"},"timestamp":"2026-05-24 12:46:29,003+0530","service":"FyersAPIRequest"}
{"level":"DEBUG","location":"[get_call:159] fyersModel","message":{"Status Code":200,"API":"/positions"},"timestamp":"2026-05-24 12:46:31,185+0530","service":"FyersAPIRequest"}
{"level":"DEBUG","location":"[get_call:159] fyersModel","message":{"Status Code":200,"API":"/orders"},"timestamp":"2026-05-24 12:46:31,236+0530","service":"FyersAPIRequest"}
{"level":"DEBUG","location":"[get_call:159] fyersModel","message":{"Status Code":200,"API":"/orders"},"timestamp":"2026-05-24 12:46:31,292+0530","service":"FyersAPIRequest"}
{"level":"DEBUG","location":"[get_call:159] fyersModel","message":{"Status Code":200,"API":"/holdings"},"timestamp":"2026-05-24 12:46:31,371+0530","service":"FyersAPIRequest"}
{"level":"DEBUG","location":"[get_call:159] fyersModel","message":{"Status Code":200,"API":"/tradebook"},"timestamp":"2026-05-24 12:46:32,433+0530","service":"FyersAPIRequest"}
{"level":"DEBUG","location":"[get_call:159] fyersModel","message":{"Status Code":200,"API":"/positions"},"timestamp":"2026-05-24 12:46:33,489+0530","service":"FyersAPIRequest"}
{"level":"DEBUG","location":"[get_call:159] fyersModel","message":{"Status Code":200,"API":"/funds"},"timestamp":"2026-05-24 12:46:33,589+0530","service":"FyersAPIRequest"}
{"level":"DEBUG","location":"[get_call:159] fyersModel","message":{"Status Code":200,"API":"/positions"},"timestamp":"2026-05-24 13:13:46,300+0530","service":"FyersAPIRequest"}
{"level":"DEBUG","location":"[get_call:159] fyersModel","message":{"Status Code":200,"API":"/orders"},"timestamp":"2026-05-24 13:13:46,356+0530","service":"FyersAPIRequest"}
{"level":"DEBUG","location":"[get_call:159] fyersModel","message":{"Status Code":200,"API":"/orders"},"timestamp":"2026-05-24 13:13:46,403+0530","service":"FyersAPIRequest"}
{"level":"DEBUG","location":"[get_call:159] fyersModel","message":{"Status Code":200,"API":"/holdings"},"timestamp":"2026-05-24 13:13:46,458+0530","service":"FyersAPIRequest"}
{"level":"DEBUG","location":"[get_call:159] fyersModel","message":{"Status Code":200,"API":"/tradebook"},"timestamp":"2026-05-24 13:13:47,517+0530","service":"FyersAPIRequest"}
{"level":"DEBUG","location":"[get_call:159] fyersModel","message":{"Status Code":200,"API":"/positions"},"timestamp":"2026-05-24 13:13:48,561+0530","service":"FyersAPIRequest"}
{"level":"DEBUG","location":"[get_call:159] fyersModel","message":{"Status Code":200,"API":"/funds"},"timestamp":"2026-05-24 13:13:48,610+0530","service":"FyersAPIRequest"}
{"level":"DEBUG","location":"[get_call:159] fyersModel","message":{"Status Code":200,"API":"/positions"},"timestamp":"2026-05-24 13:13:48,652+0530","service":"FyersAPIRequest"}
{"level":"DEBUG","location":"[get_call:159] fyersModel","message":{"Status Code":200,"API":"/orders"},"timestamp":"2026-05-24 13:13:48,700+0530","service":"FyersAPIRequest"}
{"level":"DEBUG","location":"[get_call:159] fyersModel","message":{"Status Code":200,"API":"/orders"},"timestamp":"2026-05-24 13:13:48,749+0530","service":"FyersAPIRequest"}
{"level":"DEBUG","location":"[get_call:159] fyersModel","message":{"Status Code":200,"API":"/holdings"},"timestamp":"2026-05-24 13:13:48,796+0530","service":"FyersAPIRequest"}
{"level":"DEBUG","location":"[get_call:159] fyersModel","message":{"Status Code":200,"API":"/tradebook"},"timestamp":"2026-05-24 13:13:49,844+0530","service":"FyersAPIRequest"}
{"level":"DEBUG","location":"[get_call:159] fyersModel","message":{"Status Code":200,"API":"/positions"},"timestamp":"2026-05-24 13:13:50,067+0530","service":"FyersAPIRequest"}
{"level":"DEBUG","location":"[get_call:159] fyersModel","message":{"Status Code":200,"API":"/orders"},"timestamp":"2026-05-24 13:13:50,118+0530","service":"FyersAPIRequest"}
{"level":"DEBUG","location":"[get_call:159] fyersModel","message":{"Status Code":200,"API":"/orders"},"timestamp":"2026-05-24 13:13:50,164+0530","service":"FyersAPIRequest"}
{"level":"DEBUG","location":"[get_call:159] fyersModel","message":{"Status Code":200,"API":"/holdings"},"timestamp":"2026-05-24 13:13:50,225+0530","service":"FyersAPIRequest"}
{"level":"DEBUG","location":"[get_call:159] fyersModel","message":{"Status Code":200,"API":"/positions"},"timestamp":"2026-05-24 13:13:55,566+0530","service":"FyersAPIRequest"}
{"level":"DEBUG","location":"[get_call:159] fyersModel","message":{"Status Code":200,"API":"/orders"},"timestamp":"2026-05-24 13:13:55,635+0530","service":"FyersAPIRequest"}
{"level":"DEBUG","location":"[get_call:159] fyersModel","message":{"Status Code":200,"API":"/orders"},"timestamp":"2026-05-24 13:13:55,681+0530","service":"FyersAPIRequest"}
{"level":"DEBUG","location":"[get_call:159] fyersModel","message":{"Status Code":200,"API":"/holdings"},"timestamp":"2026-05-24 13:13:55,730+0530","service":"FyersAPIRequest"}
{"level":"DEBUG","location":"[get_call:159] fyersModel","message":{"Status Code":200,"API":"/tradebook"},"timestamp":"2026-05-24 13:13:56,784+0530","service":"FyersAPIRequest"}
{"level":"DEBUG","location":"[get_call:159] fyersModel","message":{"Status Code":200,"API":"/positions"},"timestamp":"2026-05-24 13:13:57,842+0530","service":"FyersAPIRequest"}
{"level":"DEBUG","location":"[get_call:159] fyersModel","message":{"Status Code":200,"API":"/funds"},"timestamp":"2026-05-24 13:13:57,884+0530","service":"FyersAPIRequest"}
{"level":"DEBUG","location":"[get_call:159] fyersModel","message":{"Status Code":200,"API":"/positions"},"timestamp":"2026-05-25 09:50:37,628+0530","service":"FyersAPIRequest"}
{"level":"DEBUG","location":"[get_call:159] fyersModel","message":{"Status Code":200,"API":"/orders"},"timestamp":"2026-05-25 09:50:37,674+0530","service":"FyersAPIRequest"}
{"level":"DEBUG","location":"[get_call:159] fyersModel","message":{"Status Code":200,"API":"/orders"},"timestamp":"2026-05-25 09:50:37,717+0530","service":"FyersAPIRequest"}
{"level":"DEBUG","location":"[get_call:159] fyersModel","message":{"Status Code":200,"API":"/holdings"},"timestamp":"2026-05-25 09:50:37,762+0530","service":"FyersAPIRequest"}
{"level":"DEBUG","location":"[get_call:159] fyersModel","message":{"Status Code":200,"API":"/tradebook"},"timestamp":"2026-05-25 09:50:38,805+0530","service":"FyersAPIRequest"}
{"level":"DEBUG","location":"[get_call:159] fyersModel","message":{"Status Code":200,"API":"/positions"},"timestamp":"2026-05-25 09:50:39,876+0530","service":"FyersAPIRequest"}
{"level":"DEBUG","location":"[get_call:159] fyersModel","message":{"Status Code":200,"API":"/funds"},"timestamp":"2026-05-25 09:50:39,930+0530","service":"FyersAPIRequest"}
{"level":"DEBUG","location":"[get_call:159] fyersModel","message":{"Status Code":200,"API":"/positions"},"timestamp":"2026-05-25 09:50:39,974+0530","service":"FyersAPIRequest"}
{"level":"DEBUG","location":"[get_call:159] fyersModel","message":{"Status Code":200,"API":"/orders"},"timestamp":"2026-05-25 09:50:40,015+0530","service":"FyersAPIRequest"}
{"level":"DEBUG","location":"[get_call:159] fyersModel","message":{"Status Code":200,"API":"/orders"},"timestamp":"2026-05-25 09:50:40,057+0530","service":"FyersAPIRequest"}
{"level":"DEBUG","location":"[get_call:159] fyersModel","message":{"Status Code":200,"API":"/holdings"},"timestamp":"2026-05-25 09:50:40,103+0530","service":"FyersAPIRequest"}
{"level":"DEBUG","location":"[get_call:159] fyersModel","message":{"Status Code":200,"API":"/tradebook"},"timestamp":"2026-05-25 09:50:41,158+0530","service":"FyersAPIRequest"}
{"level":"DEBUG","location":"[get_call:159] fyersModel","message":{"Status Code":200,"API":"/positions"},"timestamp":"2026-05-25 09:50:42,203+0530","service":"FyersAPIRequest"}
{"level":"DEBUG","location":"[get_call:159] fyersModel","message":{"Status Code":200,"API":"/funds"},"timestamp":"2026-05-25 09:50:42,247+0530","service":"FyersAPIRequest"}
{"level":"DEBUG","location":"[get_call:159] fyersModel","message":{"Status Code":200,"API":"/positions"},"timestamp":"2026-05-25 09:50:46,379+0530","service":"FyersAPIRequest"}
{"level":"DEBUG","location":"[get_call:159] fyersModel","message":{"Status Code":200,"API":"/orders"},"timestamp":"2026-05-25 09:50:46,422+0530","service":"FyersAPIRequest"}
{"level":"DEBUG","location":"[get_call:159] fyersModel","message":{"Status Code":200,"API":"/orders"},"timestamp":"2026-05-25 09:50:46,467+0530","service":"FyersAPIRequest"}
{"level":"DEBUG","location":"[get_call:159] fyersModel","message":{"Status Code":200,"API":"/holdings"},"timestamp":"2026-05-25 09:50:46,529+0530","service":"FyersAPIRequest"}
{"level":"DEBUG","location":"[get_call:159] fyersModel","message":{"Status Code":200,"API":"/tradebook"},"timestamp":"2026-05-25 09:50:47,577+0530","service":"FyersAPIRequest"}
{"level":"DEBUG","location":"[get_call:159] fyersModel","message":{"Status Code":200,"API":"/positions"},"timestamp":"2026-05-25 09:50:48,622+0530","service":"FyersAPIRequest"}
{"level":"DEBUG","location":"[get_call:159] fyersModel","message":{"Status Code":200,"API":"/funds"},"timestamp":"2026-05-25 09:50:48,672+0530","service":"FyersAPIRequest"}
{"level":"DEBUG","location":"[get_call:159] fyersModel","message":{"Status Code":200,"API":"/positions"},"timestamp":"2026-05-25 15:11:37,805+0530","service":"FyersAPIRequest"}
{"level":"DEBUG","location":"[get_call:159] fyersModel","message":{"Status Code":200,"API":"/orders"},"timestamp":"2026-05-25 15:11:37,913+0530","service":"FyersAPIRequest"}
{"level":"DEBUG","location":"[get_call:159] fyersModel","message":{"Status Code":200,"API":"/orders"},"timestamp":"2026-05-25 15:11:37,999+0530","service":"FyersAPIRequest"}
{"level":"DEBUG","location":"[get_call:159] fyersModel","message":{"Status Code":200,"API":"/holdings"},"timestamp":"2026-05-25 15:11:38,076+0530","service":"FyersAPIRequest"}
{"level":"DEBUG","location":"[get_call:159] fyersModel","message":{"Status Code":200,"API":"/tradebook"},"timestamp":"2026-05-25 15:11:39,168+0530","service":"FyersAPIRequest"}
{"level":"DEBUG","location":"[get_call:159] fyersModel","message":{"Status Code":200,"API":"/positions"},"timestamp":"2026-05-25 15:11:40,257+0530","service":"FyersAPIRequest"}
{"level":"DEBUG","location":"[get_call:159] fyersModel","message":{"Status Code":200,"API":"/funds"},"timestamp":"2026-05-25 15:11:40,324+0530","service":"FyersAPIRequest"}
{"level":"DEBUG","location":"[get_call:159] fyersModel","message":{"Status Code":200,"API":"/positions"},"timestamp":"2026-05-25 15:11:40,381+0530","service":"FyersAPIRequest"}
{"level":"DEBUG","location":"[get_call:159] fyersModel","message":{"Status Code":200,"API":"/orders"},"timestamp":"2026-05-25 15:11:40,432+0530","service":"FyersAPIRequest"}
{"level":"DEBUG","location":"[get_call:159] fyersModel","message":{"Status Code":200,"API":"/orders"},"timestamp":"2026-05-25 15:11:40,484+0530","service":"FyersAPIRequest"}
{"level":"DEBUG","location":"[get_call:159] fyersModel","message":{"Status Code":200,"API":"/holdings"},"timestamp":"2026-05-25 15:11:40,534+0530","service":"FyersAPIRequest"}
{"level":"DEBUG","location":"[get_call:159] fyersModel","message":{"Status Code":200,"API":"/tradebook"},"timestamp":"2026-05-25 15:11:41,585+0530","service":"FyersAPIRequest"}
{"level":"DEBUG","location":"[get_call:159] fyersModel","message":{"Status Code":200,"API":"/positions"},"timestamp":"2026-05-25 15:11:42,635+0530","service":"FyersAPIRequest"}
{"level":"DEBUG","location":"[get_call:159] fyersModel","message":{"Status Code":200,"API":"/funds"},"timestamp":"2026-05-25 15:11:42,707+0530","service":"FyersAPIRequest"}
{"level":"DEBUG","location":"[get_call:159] fyersModel","message":{"Status Code":200,"API":"/history"},"timestamp":"2026-05-25 15:13:41,155+0530","service":"FyersAPIRequest"}
{"level":"DEBUG","location":"[get_call:159] fyersModel","message":{"Status Code":200,"API":"/history"},"timestamp":"2026-05-25 15:13:41,499+0530","service":"FyersAPIRequest"}
{"level":"DEBUG","location":"[get_call:159] fyersModel","message":{"Status Code":200,"API":"/history"},"timestamp":"2026-05-25 15:13:41,839+0530","service":"FyersAPIRequest"}
{"level":"DEBUG","location":"[get_call:159] fyersModel","message":{"Status Code":200,"API":"/history"},"timestamp":"2026-05-25 15:13:42,148+0530","service":"FyersAPIRequest"}
{"level":"DEBUG","location":"[get_call:159] fyersModel","message":{"Status Code":200,"API":"/history"},"timestamp":"2026-05-25 15:13:42,438+0530","service":"FyersAPIRequest"}
{"level":"DEBUG","location":"[get_call:159] fyersModel","message":{"Status Code":200,"API":"/history"},"timestamp":"2026-05-25 15:13:42,999+0530","service":"FyersAPIRequest"}
{"level":"DEBUG","location":"[get_call:159] fyersModel","message":{"Status Code":200,"API":"/history"},"timestamp":"2026-05-25 15:13:43,320+0530","service":"FyersAPIRequest"}
{"level":"DEBUG","location":"[get_call:159] fyersModel","message":{"Status Code":200,"API":"/history"},"timestamp":"2026-05-25 15:13:43,618+0530","service":"FyersAPIRequest"}
{"level":"DEBUG","location":"[get_call:159] fyersModel","message":{"Status Code":200,"API":"/history"},"timestamp":"2026-05-25 15:13:44,182+0530","service":"FyersAPIRequest"}
{"level":"DEBUG","location":"[get_call:159] fyersModel","message":{"Status Code":200,"API":"/history"},"timestamp":"2026-05-25 15:13:44,481+0530","service":"FyersAPIRequest"}
{"level":"DEBUG","location":"[get_call:159] fyersModel","message":{"Status Code":200,"API":"/history"},"timestamp":"2026-05-25 15:13:44,777+0530","service":"FyersAPIRequest"}
{"level":"DEBUG","location":"[get_call:159] fyersModel","message":{"Status Code":200,"API":"/history"},"timestamp":"2026-05-25 15:13:45,094+0530","service":"FyersAPIRequest"}
{"level":"DEBUG","location":"[get_call:159] fyersModel","message":{"Status Code":200,"API":"/history"},"timestamp":"2026-05-25 15:13:45,400+0530","service":"FyersAPIRequest"}
{"level":"DEBUG","location":"[get_call:159] fyersModel","message":{"Status Code":200,"API":"/history"},"timestamp":"2026-05-25 15:13:45,698+0530","service":"FyersAPIRequest"}
{"level":"DEBUG","location":"[get_call:159] fyersModel","message":{"Status Code":200,"API":"/history"},"timestamp":"2026-05-25 15:13:46,009+0530","service":"FyersAPIRequest"}
{"level":"DEBUG","location":"[get_call:159] fyersModel","message":{"Status Code":200,"API":"/history"},"timestamp":"2026-05-25 15:13:46,318+0530","service":"FyersAPIRequest"}
{"level":"DEBUG","location":"[get_call:159] fyersModel","message":{"Status Code":200,"API":"/history"},"timestamp":"2026-05-25 15:13:46,623+0530","service":"FyersAPIRequest"}
{"level":"DEBUG","location":"[get_call:159] fyersModel","message":{"Status Code":200,"API":"/history"},"timestamp":"2026-05-25 15:13:46,942+0530","service":"FyersAPIRequest"}
{"level":"DEBUG","location":"[get_call:159] fyersModel","message":{"Status Code":200,"API":"/history"},"timestamp":"2026-05-25 15:13:47,245+0530","service":"FyersAPIRequest"}
{"level":"DEBUG","location":"[get_call:159] fyersModel","message":{"Status Code":200,"API":"/history"},"timestamp":"2026-05-25 15:13:47,521+0530","service":"FyersAPIRequest"}
{"level":"DEBUG","location":"[get_call:159] fyersModel","message":{"Status Code":200,"API":"/history"},"timestamp":"2026-05-25 15:13:47,840+0530","service":"FyersAPIRequest"}
{"level":"DEBUG","location":"[get_call:159] fyersModel","message":{"Status Code":200,"API":"/history"},"timestamp":"2026-05-25 15:13:48,169+0530","service":"FyersAPIRequest"}
{"level":"DEBUG","location":"[get_call:159] fyersModel","message":{"Status Code":200,"API":"/history"},"timestamp":"2026-05-25 15:13:48,460+0530","service":"FyersAPIRequest"}
{"level":"DEBUG","location":"[get_call:159] fyersModel","message":{"Status Code":200,"API":"/history"},"timestamp":"2026-05-25 15:13:48,754+0530","service":"FyersAPIRequest"}
{"level":"DEBUG","location":"[get_call:159] fyersModel","message":{"Status Code":200,"API":"/history"},"timestamp":"2026-05-25 15:13:49,065+0530","service":"FyersAPIRequest"}
{"level":"DEBUG","location":"[get_call:159] fyersModel","message":{"Status Code":200,"API":"/history"},"timestamp":"2026-05-25 15:13:49,389+0530","service":"FyersAPIRequest"}
{"level":"DEBUG","location":"[get_call:159] fyersModel","message":{"Status Code":200,"API":"/history"},"timestamp":"2026-05-25 15:13:49,686+0530","service":"FyersAPIRequest"}
{"level":"DEBUG","location":"[get_call:159] fyersModel","message":{"Status Code":200,"API":"/history"},"timestamp":"2026-05-25 15:13:49,995+0530","service":"FyersAPIRequest"}
{"level":"DEBUG","location":"[get_call:159] fyersModel","message":{"Status Code":200,"API":"/history"},"timestamp":"2026-05-25 15:13:50,303+0530","service":"FyersAPIRequest"}
{"level":"DEBUG","location":"[get_call:159] fyersModel","message":{"Status Code":200,"API":"/history"},"timestamp":"2026-05-25 15:13:50,619+0530","service":"FyersAPIRequest"}
{"level":"DEBUG","location":"[get_call:159] fyersModel","message":{"Status Code":200,"API":"/history"},"timestamp":"2026-05-25 15:13:50,923+0530","service":"FyersAPIRequest"}
{"level":"DEBUG","location":"[get_call:159] fyersModel","message":{"Status Code":200,"API":"/history"},"timestamp":"2026-05-25 15:13:51,201+0530","service":"FyersAPIRequest"}
{"level":"DEBUG","location":"[get_call:159] fyersModel","message":{"Status Code":200,"API":"/history"},"timestamp":"2026-05-25 15:13:51,517+0530","service":"FyersAPIRequest"}
{"level":"DEBUG","location":"[get_call:159] fyersModel","message":{"Status Code":200,"API":"/history"},"timestamp":"2026-05-25 15:13:51,840+0530","service":"FyersAPIRequest"}
{"level":"DEBUG","location":"[get_call:159] fyersModel","message":{"Status Code":200,"API":"/history"},"timestamp":"2026-05-25 15:13:52,158+0530","service":"FyersAPIRequest"}
{"level":"DEBUG","location":"[get_call:159] fyersModel","message":{"Status Code":200,"API":"/history"},"timestamp":"2026-05-25 15:13:52,450+0530","service":"FyersAPIRequest"}
{"level":"DEBUG","location":"[get_call:159] fyersModel","message":{"Status Code":200,"API":"/history"},"timestamp":"2026-05-25 15:13:52,741+0530","service":"FyersAPIRequest"}
{"level":"DEBUG","location":"[get_call:159] fyersModel","message":{"Status Code":200,"API":"/history"},"timestamp":"2026-05-25 15:13:53,064+0530","service":"FyersAPIRequest"}
{"level":"DEBUG","location":"[get_call:159] fyersModel","message":{"Status Code":200,"API":"/history"},"timestamp":"2026-05-25 15:13:53,344+0530","service":"FyersAPIRequest"}
{"level":"DEBUG","location":"[get_call:159] fyersModel","message":{"Status Code":200,"API":"/history"},"timestamp":"2026-05-25 15:13:53,671+0530","service":"FyersAPIRequest"}
{"level":"DEBUG","location":"[get_call:159] fyersModel","message":{"Status Code":200,"API":"/history"},"timestamp":"2026-05-25 15:13:53,989+0530","service":"FyersAPIRequest"}
{"level":"DEBUG","location":"[get_call:159] fyersModel","message":{"Status Code":200,"API":"/history"},"timestamp":"2026-05-25 15:13:54,311+0530","service":"FyersAPIRequest"}
{"level":"DEBUG","location":"[get_call:159] fyersModel","message":{"Status Code":422,"API":"/history"},"timestamp":"2026-05-25 15:13:54,593+0530","service":"FyersAPIRequest"}
{"level":"DEBUG","location":"[get_call:159] fyersModel","message":{"Status Code":422,"API":"/history"},"timestamp":"2026-05-25 15:13:54,674+0530","service":"FyersAPIRequest"}
{"level":"DEBUG","location":"[get_call:159] fyersModel","message":{"Status Code":422,"API":"/history"},"timestamp":"2026-05-25 15:13:54,768+0530","service":"FyersAPIRequest"}
{"level":"DEBUG","location":"[get_call:159] fyersModel","message":{"Status Code":422,"API":"/history"},"timestamp":"2026-05-25 15:13:54,919+0530","service":"FyersAPIRequest"}
{"level":"DEBUG","location":"[get_call:159] fyersModel","message":{"Status Code":422,"API":"/history"},"timestamp":"2026-05-25 15:13:55,019+0530","service":"FyersAPIRequest"}
{"level":"DEBUG","location":"[get_call:159] fyersModel","message":{"Status Code":422,"API":"/history"},"timestamp":"2026-05-25 15:13:55,117+0530","service":"FyersAPIRequest"}
{"level":"DEBUG","location":"[get_call:159] fyersModel","message":{"Status Code":422,"API":"/history"},"timestamp":"2026-05-25 15:13:55,223+0530","service":"FyersAPIRequest"}
{"level":"DEBUG","location":"[get_call:159] fyersModel","message":{"Status Code":422,"API":"/history"},"timestamp":"2026-05-25 15:13:55,342+0530","service":"FyersAPIRequest"}
{"level":"DEBUG","location":"[get_call:159] fyersModel","message":{"Status Code":422,"API":"/history"},"timestamp":"2026-05-25 15:13:55,437+0530","service":"FyersAPIRequest"}
{"level":"DEBUG","location":"[get_call:159] fyersModel","message":{"Status Code":422,"API":"/history"},"timestamp":"2026-05-25 15:13:55,539+0530","service":"FyersAPIRequest"}
{"level":"DEBUG","location":"[get_call:159] fyersModel","message":{"Status Code":422,"API":"/history"},"timestamp":"2026-05-25 15:13:55,643+0530","service":"FyersAPIRequest"}
{"level":"DEBUG","location":"[get_call:159] fyersModel","message":{"Status Code":200,"API":"/history"},"timestamp":"2026-05-25 15:13:55,904+0530","service":"FyersAPIRequest"}
{"level":"DEBUG","location":"[get_call:159] fyersModel","message":{"Status Code":200,"API":"/history"},"timestamp":"2026-05-25 15:13:56,187+0530","service":"FyersAPIRequest"}
{"level":"DEBUG","location":"[get_call:159] fyersModel","message":{"Status Code":200,"API":"/history"},"timestamp":"2026-05-25 15:13:56,471+0530","service":"FyersAPIRequest"}
{"level":"DEBUG","location":"[get_call:159] fyersModel","message":{"Status Code":200,"API":"/history"},"timestamp":"2026-05-25 15:13:56,800+0530","service":"FyersAPIRequest"}
{"level":"DEBUG","location":"[get_call:159] fyersModel","message":{"Status Code":200,"API":"/history"},"timestamp":"2026-05-25 15:13:57,092+0530","service":"FyersAPIRequest"}
{"level":"DEBUG","location":"[get_call:159] fyersModel","message":{"Status Code":200,"API":"/history"},"timestamp":"2026-05-25 15:13:57,401+0530","service":"FyersAPIRequest"}
{"level":"DEBUG","location":"[get_call:159] fyersModel","message":{"Status Code":200,"API":"/history"},"timestamp":"2026-05-25 15:13:57,690+0530","service":"FyersAPIRequest"}
{"level":"DEBUG","location":"[get_call:159] fyersModel","message":{"Status Code":200,"API":"/history"},"timestamp":"2026-05-25 15:13:58,023+0530","service":"FyersAPIRequest"}
{"level":"DEBUG","location":"[get_call:159] fyersModel","message":{"Status Code":200,"API":"/history"},"timestamp":"2026-05-25 15:13:58,397+0530","service":"FyersAPIRequest"}
{"level":"DEBUG","location":"[get_call:159] fyersModel","message":{"Status Code":200,"API":"/history"},"timestamp":"2026-05-25 15:13:58,679+0530","service":"FyersAPIRequest"}
{"level":"DEBUG","location":"[get_call:159] fyersModel","message":{"Status Code":200,"API":"/history"},"timestamp":"2026-05-25 15:13:58,987+0530","service":"FyersAPIRequest"}
{"level":"DEBUG","location":"[get_call:159] fyersModel","message":{"Status Code":200,"API":"/history"},"timestamp":"2026-05-25 15:13:59,273+0530","service":"FyersAPIRequest"}
{"level":"DEBUG","location":"[get_call:159] fyersModel","message":{"Status Code":200,"API":"/history"},"timestamp":"2026-05-25 15:13:59,596+0530","service":"FyersAPIRequest"}
{"level":"DEBUG","location":"[get_call:159] fyersModel","message":{"Status Code":200,"API":"/history"},"timestamp":"2026-05-25 15:13:59,914+0530","service":"FyersAPIRequest"}
{"level":"DEBUG","location":"[get_call:159] fyersModel","message":{"Status Code":200,"API":"/history"},"timestamp":"2026-05-25 15:14:00,214+0530","service":"FyersAPIRequest"}
{"level":"DEBUG","location":"[get_call:159] fyersModel","message":{"Status Code":200,"API":"/history"},"timestamp":"2026-05-25 15:14:00,494+0530","service":"FyersAPIRequest"}
{"level":"DEBUG","location":"[get_call:159] fyersModel","message":{"Status Code":200,"API":"/history"},"timestamp":"2026-05-25 15:14:00,817+0530","service":"FyersAPIRequest"}
{"level":"DEBUG","location":"[get_call:159] fyersModel","message":{"Status Code":200,"API":"/history"},"timestamp":"2026-05-25 15:14:01,101+0530","service":"FyersAPIRequest"}
{"level":"DEBUG","location":"[get_call:159] fyersModel","message":{"Status Code":200,"API":"/history"},"timestamp":"2026-05-25 15:14:01,400+0530","service":"FyersAPIRequest"}
{"level":"DEBUG","location":"[get_call:159] fyersModel","message":{"Status Code":200,"API":"/history"},"timestamp":"2026-05-25 15:14:01,689+0530","service":"FyersAPIRequest"}
{"level":"DEBUG","location":"[get_call:159] fyersModel","message":{"Status Code":200,"API":"/history"},"timestamp":"2026-05-25 15:14:01,979+0530","service":"FyersAPIRequest"}
{"level":"DEBUG","location":"[get_call:159] fyersModel","message":{"Status Code":200,"API":"/history"},"timestamp":"2026-05-25 15:14:02,266+0530","service":"FyersAPIRequest"}
{"level":"DEBUG","location":"[get_call:159] fyersModel","message":{"Status Code":200,"API":"/history"},"timestamp":"2026-05-25 15:14:02,562+0530","service":"FyersAPIRequest"}
{"level":"DEBUG","location":"[get_call:159] fyersModel","message":{"Status Code":200,"API":"/history"},"timestamp":"2026-05-25 15:14:02,884+0530","service":"FyersAPIRequest"}
{"level":"DEBUG","location":"[get_call:159] fyersModel","message":{"Status Code":200,"API":"/history"},"timestamp":"2026-05-25 15:14:03,200+0530","service":"FyersAPIRequest"}
{"level":"DEBUG","location":"[get_call:159] fyersModel","message":{"Status Code":200,"API":"/history"},"timestamp":"2026-05-25 15:14:03,701+0530","service":"FyersAPIRequest"}
{"level":"DEBUG","location":"[get_call:159] fyersModel","message":{"Status Code":200,"API":"/history"},"timestamp":"2026-05-25 15:14:04,130+0530","service":"FyersAPIRequest"}
{"level":"DEBUG","location":"[get_call:159] fyersModel","message":{"Status Code":200,"API":"/history"},"timestamp":"2026-05-25 15:14:04,430+0530","service":"FyersAPIRequest"}
{"level":"DEBUG","location":"[get_call:159] fyersModel","message":{"Status Code":200,"API":"/history"},"timestamp":"2026-05-25 15:14:04,724+0530","service":"FyersAPIRequest"}
{"level":"DEBUG","location":"[get_call:159] fyersModel","message":{"Status Code":200,"API":"/history"},"timestamp":"2026-05-25 15:14:05,044+0530","service":"FyersAPIRequest"}
{"level":"DEBUG","location":"[get_call:159] fyersModel","message":{"Status Code":200,"API":"/history"},"timestamp":"2026-05-25 15:14:05,359+0530","service":"FyersAPIRequest"}
{"level":"DEBUG","location":"[get_call:159] fyersModel","message":{"Status Code":200,"API":"/history"},"timestamp":"2026-05-25 15:14:05,663+0530","service":"FyersAPIRequest"}
{"level":"DEBUG","location":"[get_call:159] fyersModel","message":{"Status Code":200,"API":"/history"},"timestamp":"2026-05-25 15:14:06,082+0530","service":"FyersAPIRequest"}
{"level":"DEBUG","location":"[get_call:159] fyersModel","message":{"Status Code":200,"API":"/history"},"timestamp":"2026-05-25 15:14:06,398+0530","service":"FyersAPIRequest"}
{"level":"DEBUG","location":"[get_call:159] fyersModel","message":{"Status Code":200,"API":"/history"},"timestamp":"2026-05-25 15:14:06,703+0530","service":"FyersAPIRequest"}
{"level":"DEBUG","location":"[get_call:159] fyersModel","message":{"Status Code":200,"API":"/history"},"timestamp":"2026-05-25 15:14:06,994+0530","service":"FyersAPIRequest"}
{"level":"DEBUG","location":"[get_call:159] fyersModel","message":{"Status Code":200,"API":"/history"},"timestamp":"2026-05-25 15:14:07,286+0530","service":"FyersAPIRequest"}
{"level":"DEBUG","location":"[get_call:159] fyersModel","message":{"Status Code":200,"API":"/history"},"timestamp":"2026-05-25 15:14:07,583+0530","service":"FyersAPIRequest"}
{"level":"DEBUG","location":"[get_call:159] fyersModel","message":{"Status Code":200,"API":"/history"},"timestamp":"2026-05-25 15:14:07,878+0530","service":"FyersAPIRequest"}
{"level":"DEBUG","location":"[get_call:159] fyersModel","message":{"Status Code":200,"API":"/history"},"timestamp":"2026-05-25 15:14:08,169+0530","service":"FyersAPIRequest"}
{"level":"DEBUG","location":"[get_call:159] fyersModel","message":{"Status Code":200,"API":"/history"},"timestamp":"2026-05-25 15:14:08,487+0530","service":"FyersAPIRequest"}
{"level":"DEBUG","location":"[get_call:159] fyersModel","message":{"Status Code":200,"API":"/history"},"timestamp":"2026-05-25 15:14:08,797+0530","service":"FyersAPIRequest"}
{"level":"DEBUG","location":"[get_call:159] fyersModel","message":{"Status Code":200,"API":"/history"},"timestamp":"2026-05-25 15:14:09,072+0530","service":"FyersAPIRequest"}
{"level":"DEBUG","location":"[get_call:159] fyersModel","message":{"Status Code":200,"API":"/history"},"timestamp":"2026-05-25 15:14:09,394+0530","service":"FyersAPIRequest"}
{"level":"DEBUG","location":"[get_call:159] fyersModel","message":{"Status Code":200,"API":"/history"},"timestamp":"2026-05-25 15:14:09,677+0530","service":"FyersAPIRequest"}
{"level":"DEBUG","location":"[get_call:159] fyersModel","message":{"Status Code":200,"API":"/history"},"timestamp":"2026-05-25 15:14:09,959+0530","service":"FyersAPIRequest"}
{"level":"DEBUG","location":"[get_call:159] fyersModel","message":{"Status Code":200,"API":"/history"},"timestamp":"2026-05-25 15:14:10,325+0530","service":"FyersAPIRequest"}
{"level":"DEBUG","location":"[get_call:159] fyersModel","message":{"Status Code":200,"API":"/history"},"timestamp":"2026-05-25 15:14:10,628+0530","service":"FyersAPIRequest"}
{"level":"DEBUG","location":"[get_call:159] fyersModel","message":{"Status Code":200,"API":"/history"},"timestamp":"2026-05-25 15:14:10,930+0530","service":"FyersAPIRequest"}
{"level":"DEBUG","location":"[get_call:159] fyersModel","message":{"Status Code":200,"API":"/history"},"timestamp":"2026-05-25 15:14:11,229+0530","service":"FyersAPIRequest"}
{"level":"DEBUG","location":"[get_call:159] fyersModel","message":{"Status Code":200,"API":"/history"},"timestamp":"2026-05-25 15:14:11,542+0530","service":"FyersAPIRequest"}
{"level":"DEBUG","location":"[get_call:159] fyersModel","message":{"Status Code":200,"API":"/history"},"timestamp":"2026-05-25 15:14:11,823+0530","service":"FyersAPIRequest"}
{"level":"DEBUG","location":"[get_call:159] fyersModel","message":{"Status Code":200,"API":"/history"},"timestamp":"2026-05-25 15:14:12,134+0530","service":"FyersAPIRequest"}
{"level":"DEBUG","location":"[get_call:159] fyersModel","message":{"Status Code":200,"API":"/history"},"timestamp":"2026-05-25 15:14:12,452+0530","service":"FyersAPIRequest"}
{"level":"DEBUG","location":"[get_call:159] fyersModel","message":{"Status Code":200,"API":"/history"},"timestamp":"2026-05-25 15:14:12,746+0530","service":"FyersAPIRequest"}
{"level":"DEBUG","location":"[get_call:159] fyersModel","message":{"Status Code":200,"API":"/history"},"timestamp":"2026-05-25 15:14:13,053+0530","service":"FyersAPIRequest"}
{"level":"DEBUG","location":"[get_call:159] fyersModel","message":{"Status Code":200,"API":"/history"},"timestamp":"2026-05-25 15:14:13,345+0530","service":"FyersAPIRequest"}
{"level":"DEBUG","location":"[get_call:159] fyersModel","message":{"Status Code":200,"API":"/history"},"timestamp":"2026-05-25 15:14:13,692+0530","service":"FyersAPIRequest"}
{"level":"DEBUG","location":"[get_call:159] fyersModel","message":{"Status Code":200,"API":"/history"},"timestamp":"2026-05-25 15:14:13,963+0530","service":"FyersAPIRequest"}
{"level":"DEBUG","location":"[get_call:159] fyersModel","message":{"Status Code":200,"API":"/history"},"timestamp":"2026-05-25 15:14:14,287+0530","service":"FyersAPIRequest"}
{"level":"DEBUG","location":"[get_call:159] fyersModel","message":{"Status Code":200,"API":"/history"},"timestamp":"2026-05-25 15:14:14,611+0530","service":"FyersAPIRequest"}
{"level":"DEBUG","location":"[get_call:159] fyersModel","message":{"Status Code":200,"API":"/history"},"timestamp":"2026-05-25 15:14:14,895+0530","service":"FyersAPIRequest"}
{"level":"DEBUG","location":"[get_call:159] fyersModel","message":{"Status Code":200,"API":"/history"},"timestamp":"2026-05-25 15:14:15,215+0530","service":"FyersAPIRequest"}
{"level":"DEBUG","location":"[get_call:159] fyersModel","message":{"Status Code":200,"API":"/history"},"timestamp":"2026-05-25 15:14:15,503+0530","service":"FyersAPIRequest"}
{"level":"DEBUG","location":"[get_call:159] fyersModel","message":{"Status Code":200,"API":"/history"},"timestamp":"2026-05-25 15:14:15,786+0530","service":"FyersAPIRequest"}
{"level":"DEBUG","location":"[get_call:159] fyersModel","message":{"Status Code":200,"API":"/history"},"timestamp":"2026-05-25 15:14:16,100+0530","service":"FyersAPIRequest"}
{"level":"DEBUG","location":"[get_call:159] fyersModel","message":{"Status Code":200,"API":"/history"},"timestamp":"2026-05-25 15:14:16,388+0530","service":"FyersAPIRequest"}
{"level":"DEBUG","location":"[get_call:159] fyersModel","message":{"Status Code":200,"API":"/history"},"timestamp":"2026-05-25 15:14:16,665+0530","service":"FyersAPIRequest"}
{"level":"DEBUG","location":"[get_call:159] fyersModel","message":{"Status Code":200,"API":"/history"},"timestamp":"2026-05-25 15:14:16,946+0530","service":"FyersAPIRequest"}
{"level":"DEBUG","location":"[get_call:159] fyersModel","message":{"Status Code":200,"API":"/history"},"timestamp":"2026-05-25 15:14:17,233+0530","service":"FyersAPIRequest"}
{"level":"DEBUG","location":"[get_call:159] fyersModel","message":{"Status Code":200,"API":"/history"},"timestamp":"2026-05-25 15:14:17,546+0530","service":"FyersAPIRequest"}
{"level":"DEBUG","location":"[get_call:159] fyersModel","message":{"Status Code":200,"API":"/history"},"timestamp":"2026-05-25 15:14:17,823+0530","service":"FyersAPIRequest"}
{"level":"DEBUG","location":"[get_call:159] fyersModel","message":{"Status Code":200,"API":"/history"},"timestamp":"2026-05-25 15:14:18,099+0530","service":"FyersAPIRequest"}
{"level":"DEBUG","location":"[get_call:159] fyersModel","message":{"Status Code":200,"API":"/history"},"timestamp":"2026-05-25 15:14:18,370+0530","service":"FyersAPIRequest"}
{"level":"DEBUG","location":"[get_call:159] fyersModel","message":{"Status Code":200,"API":"/history"},"timestamp":"2026-05-25 15:14:18,668+0530","service":"FyersAPIRequest"}
{"level":"DEBUG","location":"[get_call:159] fyersModel","message":{"Status Code":200,"API":"/history"},"timestamp":"2026-05-25 15:14:18,964+0530","service":"FyersAPIRequest"}
{"level":"DEBUG","location":"[get_call:159] fyersModel","message":{"Status Code":200,"API":"/history"},"timestamp":"2026-05-25 15:14:19,272+0530","service":"FyersAPIRequest"}
{"level":"DEBUG","location":"[get_call:159] fyersModel","message":{"Status Code":200,"API":"/history"},"timestamp":"2026-05-25 15:14:19,570+0530","service":"FyersAPIRequest"}
{"level":"DEBUG","location":"[get_call:159] fyersModel","message":{"Status Code":200,"API":"/history"},"timestamp":"2026-05-25 15:14:19,871+0530","service":"FyersAPIRequest"}
{"level":"DEBUG","location":"[get_call:159] fyersModel","message":{"Status Code":200,"API":"/history"},"timestamp":"2026-05-25 15:14:20,172+0530","service":"FyersAPIRequest"}
{"level":"DEBUG","location":"[get_call:159] fyersModel","message":{"Status Code":200,"API":"/history"},"timestamp":"2026-05-25 15:14:20,505+0530","service":"FyersAPIRequest"}
{"level":"DEBUG","location":"[get_call:159] fyersModel","message":{"Status Code":200,"API":"/history"},"timestamp":"2026-05-25 15:14:20,830+0530","service":"FyersAPIRequest"}
{"level":"DEBUG","location":"[get_call:159] fyersModel","message":{"Status Code":200,"API":"/history"},"timestamp":"2026-05-25 15:14:21,139+0530","service":"FyersAPIRequest"}
{"level":"DEBUG","location":"[get_call:159] fyersModel","message":{"Status Code":200,"API":"/history"},"timestamp":"2026-05-25 15:14:21,493+0530","service":"FyersAPIRequest"}
{"level":"DEBUG","location":"[get_call:159] fyersModel","message":{"Status Code":200,"API":"/history"},"timestamp":"2026-05-25 15:14:21,781+0530","service":"FyersAPIRequest"}
{"level":"DEBUG","location":"[get_call:159] fyersModel","message":{"Status Code":200,"API":"/history"},"timestamp":"2026-05-25 15:14:22,117+0530","service":"FyersAPIRequest"}
{"level":"DEBUG","location":"[get_call:159] fyersModel","message":{"Status Code":200,"API":"/history"},"timestamp":"2026-05-25 15:14:22,411+0530","service":"FyersAPIRequest"}
{"level":"DEBUG","location":"[get_call:159] fyersModel","message":{"Status Code":200,"API":"/history"},"timestamp":"2026-05-25 15:14:22,691+0530","service":"FyersAPIRequest"}
{"level":"DEBUG","location":"[get_call:159] fyersModel","message":{"Status Code":200,"API":"/history"},"timestamp":"2026-05-25 15:14:23,049+0530","service":"FyersAPIRequest"}
{"level":"DEBUG","location":"[get_call:159] fyersModel","message":{"Status Code":200,"API":"/history"},"timestamp":"2026-05-25 15:14:23,350+0530","service":"FyersAPIRequest"}
{"level":"DEBUG","location":"[get_call:159] fyersModel","message":{"Status Code":200,"API":"/history"},"timestamp":"2026-05-25 15:14:23,723+0530","service":"FyersAPIRequest"}
{"level":"DEBUG","location":"[get_call:159] fyersModel","message":{"Status Code":200,"API":"/history"},"timestamp":"2026-05-25 15:14:24,025+0530","service":"FyersAPIRequest"}
{"level":"DEBUG","location":"[get_call:159] fyersModel","message":{"Status Code":200,"API":"/history"},"timestamp":"2026-05-25 15:14:24,326+0530","service":"FyersAPIRequest"}
{"level":"DEBUG","location":"[get_call:159] fyersModel","message":{"Status Code":200,"API":"/history"},"timestamp":"2026-05-25 15:14:24,628+0530","service":"FyersAPIRequest"}
{"level":"DEBUG","location":"[get_call:159] fyersModel","message":{"Status Code":200,"API":"/history"},"timestamp":"2026-05-25 15:14:24,923+0530","service":"FyersAPIRequest"}
{"level":"DEBUG","location":"[get_call:159] fyersModel","message":{"Status Code":200,"API":"/history"},"timestamp":"2026-05-25 15:14:25,214+0530","service":"FyersAPIRequest"}
{"level":"DEBUG","location":"[get_call:159] fyersModel","message":{"Status Code":200,"API":"/history"},"timestamp":"2026-05-25 15:14:25,559+0530","service":"FyersAPIRequest"}
{"level":"DEBUG","location":"[get_call:159] fyersModel","message":{"Status Code":200,"API":"/history"},"timestamp":"2026-05-25 15:14:25,860+0530","service":"FyersAPIRequest"}
{"level":"DEBUG","location":"[get_call:159] fyersModel","message":{"Status Code":200,"API":"/history"},"timestamp":"2026-05-25 15:14:26,194+0530","service":"FyersAPIRequest"}
{"level":"DEBUG","location":"[get_call:159] fyersModel","message":{"Status Code":200,"API":"/history"},"timestamp":"2026-05-25 15:14:26,505+0530","service":"FyersAPIRequest"}
{"level":"DEBUG","location":"[get_call:159] fyersModel","message":{"Status Code":200,"API":"/history"},"timestamp":"2026-05-25 15:14:26,859+0530","service":"FyersAPIRequest"}
{"level":"DEBUG","location":"[get_call:159] fyersModel","message":{"Status Code":200,"API":"/history"},"timestamp":"2026-05-25 15:14:27,217+0530","service":"FyersAPIRequest"}
{"level":"DEBUG","location":"[get_call:159] fyersModel","message":{"Status Code":200,"API":"/history"},"timestamp":"2026-05-25 15:14:27,501+0530","service":"FyersAPIRequest"}
{"level":"DEBUG","location":"[get_call:159] fyersModel","message":{"Status Code":200,"API":"/history"},"timestamp":"2026-05-25 15:14:27,785+0530","service":"FyersAPIRequest"}
{"level":"DEBUG","location":"[get_call:159] fyersModel","message":{"Status Code":200,"API":"/history"},"timestamp":"2026-05-25 15:14:28,194+0530","service":"FyersAPIRequest"}
{"level":"DEBUG","location":"[get_call:159] fyersModel","message":{"Status Code":200,"API":"/history"},"timestamp":"2026-05-25 15:14:28,502+0530","service":"FyersAPIRequest"}
{"level":"DEBUG","location":"[get_call:159] fyersModel","message":{"Status Code":200,"API":"/history"},"timestamp":"2026-05-25 15:14:28,878+0530","service":"FyersAPIRequest"}
{"level":"DEBUG","location":"[get_call:159] fyersModel","message":{"Status Code":200,"API":"/history"},"timestamp":"2026-05-25 15:14:29,208+0530","service":"FyersAPIRequest"}
{"level":"DEBUG","location":"[get_call:159] fyersModel","message":{"Status Code":200,"API":"/history"},"timestamp":"2026-05-25 15:14:29,535+0530","service":"FyersAPIRequest"}
{"level":"DEBUG","location":"[get_call:159] fyersModel","message":{"Status Code":200,"API":"/history"},"timestamp":"2026-05-25 15:14:29,857+0530","service":"FyersAPIRequest"}
{"level":"DEBUG","location":"[get_call:159] fyersModel","message":{"Status Code":200,"API":"/history"},"timestamp":"2026-05-25 15:14:30,150+0530","service":"FyersAPIRequest"}
{"level":"DEBUG","location":"[get_call:159] fyersModel","message":{"Status Code":200,"API":"/history"},"timestamp":"2026-05-25 15:14:30,470+0530","service":"FyersAPIRequest"}
{"level":"DEBUG","location":"[get_call:159] fyersModel","message":{"Status Code":200,"API":"/history"},"timestamp":"2026-05-25 15:14:30,765+0530","service":"FyersAPIRequest"}
{"level":"DEBUG","location":"[get_call:159] fyersModel","message":{"Status Code":200,"API":"/history"},"timestamp":"2026-05-25 15:14:31,069+0530","service":"FyersAPIRequest"}
{"level":"DEBUG","location":"[get_call:159] fyersModel","message":{"Status Code":200,"API":"/history"},"timestamp":"2026-05-25 15:14:31,393+0530","service":"FyersAPIRequest"}
{"level":"DEBUG","location":"[get_call:159] fyersModel","message":{"Status Code":200,"API":"/history"},"timestamp":"2026-05-25 15:14:31,717+0530","service":"FyersAPIRequest"}
{"level":"DEBUG","location":"[get_call:159] fyersModel","message":{"Status Code":422,"API":"/history"},"timestamp":"2026-05-25 15:14:31,992+0530","service":"FyersAPIRequest"}
{"level":"DEBUG","location":"[get_call:159] fyersModel","message":{"Status Code":422,"API":"/history"},"timestamp":"2026-05-25 15:14:32,083+0530","service":"FyersAPIRequest"}
{"level":"DEBUG","location":"[get_call:159] fyersModel","message":{"Status Code":422,"API":"/history"},"timestamp":"2026-05-25 15:14:32,180+0530","service":"FyersAPIRequest"}
{"level":"DEBUG","location":"[get_call:159] fyersModel","message":{"Status Code":422,"API":"/history"},"timestamp":"2026-05-25 15:14:32,260+0530","service":"FyersAPIRequest"}
{"level":"DEBUG","location":"[get_call:159] fyersModel","message":{"Status Code":422,"API":"/history"},"timestamp":"2026-05-25 15:14:32,343+0530","service":"FyersAPIRequest"}
{"level":"DEBUG","location":"[get_call:159] fyersModel","message":{"Status Code":422,"API":"/history"},"timestamp":"2026-05-25 15:14:32,427+0530","service":"FyersAPIRequest"}
{"level":"DEBUG","location":"[get_call:159] fyersModel","message":{"Status Code":422,"API":"/history"},"timestamp":"2026-05-25 15:14:32,565+0530","service":"FyersAPIRequest"}
{"level":"DEBUG","location":"[get_call:159] fyersModel","message":{"Status Code":422,"API":"/history"},"timestamp":"2026-05-25 15:14:32,642+0530","service":"FyersAPIRequest"}
{"level":"DEBUG","location":"[get_call:159] fyersModel","message":{"Status Code":422,"API":"/history"},"timestamp":"2026-05-25 15:14:32,724+0530","service":"FyersAPIRequest"}
{"level":"DEBUG","location":"[get_call:159] fyersModel","message":{"Status Code":422,"API":"/history"},"timestamp":"2026-05-25 15:14:32,813+0530","service":"FyersAPIRequest"}
{"level":"DEBUG","location":"[get_call:159] fyersModel","message":{"Status Code":422,"API":"/history"},"timestamp":"2026-05-25 15:14:32,921+0530","service":"FyersAPIRequest"}
{"level":"DEBUG","location":"[get_call:159] fyersModel","message":{"Status Code":422,"API":"/history"},"timestamp":"2026-05-25 15:14:33,138+0530","service":"FyersAPIRequest"}
{"level":"DEBUG","location":"[get_call:159] fyersModel","message":{"Status Code":422,"API":"/history"},"timestamp":"2026-05-25 15:14:33,218+0530","service":"FyersAPIRequest"}
{"level":"DEBUG","location":"[get_call:159] fyersModel","message":{"Status Code":422,"API":"/history"},"timestamp":"2026-05-25 15:14:33,332+0530","service":"FyersAPIRequest"}
{"level":"DEBUG","location":"[get_call:159] fyersModel","message":{"Status Code":422,"API":"/history"},"timestamp":"2026-05-25 15:14:33,496+0530","service":"FyersAPIRequest"}
{"level":"DEBUG","location":"[get_call:159] fyersModel","message":{"Status Code":422,"API":"/history"},"timestamp":"2026-05-25 15:14:33,583+0530","service":"FyersAPIRequest"}
{"level":"DEBUG","location":"[get_call:159] fyersModel","message":{"Status Code":422,"API":"/history"},"timestamp":"2026-05-25 15:14:33,733+0530","service":"FyersAPIRequest"}
{"level":"DEBUG","location":"[get_call:159] fyersModel","message":{"Status Code":422,"API":"/history"},"timestamp":"2026-05-25 15:14:33,813+0530","service":"FyersAPIRequest"}
{"level":"DEBUG","location":"[get_call:159] fyersModel","message":{"Status Code":422,"API":"/history"},"timestamp":"2026-05-25 15:14:33,934+0530","service":"FyersAPIRequest"}
{"level":"DEBUG","location":"[get_call:159] fyersModel","message":{"Status Code":422,"API":"/history"},"timestamp":"2026-05-25 15:14:34,020+0530","service":"FyersAPIRequest"}
{"level":"DEBUG","location":"[get_call:159] fyersModel","message":{"Status Code":422,"API":"/history"},"timestamp":"2026-05-25 15:14:34,109+0530","service":"FyersAPIRequest"}
{"level":"DEBUG","location":"[get_call:159] fyersModel","message":{"Status Code":422,"API":"/history"},"timestamp":"2026-05-25 15:14:34,196+0530","service":"FyersAPIRequest"}
{"level":"DEBUG","location":"[get_call:159] fyersModel","message":{"Status Code":422,"API":"/history"},"timestamp":"2026-05-25 15:14:34,401+0530","service":"FyersAPIRequest"}
{"level":"DEBUG","location":"[get_call:159] fyersModel","message":{"Status Code":422,"API":"/history"},"timestamp":"2026-05-25 15:14:34,537+0530","service":"FyersAPIRequest"}
{"level":"DEBUG","location":"[get_call:159] fyersModel","message":{"Status Code":422,"API":"/history"},"timestamp":"2026-05-25 15:14:34,619+0530","service":"FyersAPIRequest"}
{"level":"DEBUG","location":"[get_call:159] fyersModel","message":{"Status Code":422,"API":"/history"},"timestamp":"2026-05-25 15:14:34,724+0530","service":"FyersAPIRequest"}
{"level":"DEBUG","location":"[get_call:159] fyersModel","message":{"Status Code":422,"API":"/history"},"timestamp":"2026-05-25 15:14:34,805+0530","service":"FyersAPIRequest"}
{"level":"DEBUG","location":"[get_call:159] fyersModel","message":{"Status Code":422,"API":"/history"},"timestamp":"2026-05-25 15:14:34,921+0530","service":"FyersAPIRequest"}
{"level":"DEBUG","location":"[get_call:159] fyersModel","message":{"Status Code":422,"API":"/history"},"timestamp":"2026-05-25 15:14:35,032+0530","service":"FyersAPIRequest"}
{"level":"DEBUG","location":"[get_call:159] fyersModel","message":{"Status Code":422,"API":"/history"},"timestamp":"2026-05-25 15:14:35,128+0530","service":"FyersAPIRequest"}
{"level":"DEBUG","location":"[get_call:159] fyersModel","message":{"Status Code":422,"API":"/history"},"timestamp":"2026-05-25 15:14:35,244+0530","service":"FyersAPIRequest"}
{"level":"DEBUG","location":"[get_call:159] fyersModel","message":{"Status Code":422,"API":"/history"},"timestamp":"2026-05-25 15:14:35,372+0530","service":"FyersAPIRequest"}
{"level":"DEBUG","location":"[get_call:159] fyersModel","message":{"Status Code":429,"API":"/history"},"timestamp":"2026-05-25 15:14:35,459+0530","service":"FyersAPIRequest"}
{"level":"DEBUG","location":"[get_call:159] fyersModel","message":{"Status Code":429,"API":"/history"},"timestamp":"2026-05-25 15:14:36,553+0530","service":"FyersAPIRequest"}
{"level":"DEBUG","location":"[get_call:159] fyersModel","message":{"Status Code":429,"API":"/history"},"timestamp":"2026-05-25 15:14:38,644+0530","service":"FyersAPIRequest"}
{"level":"DEBUG","location":"[get_call:159] fyersModel","message":{"Status Code":422,"API":"/history"},"timestamp":"2026-05-25 15:14:42,747+0530","service":"FyersAPIRequest"}
{"level":"DEBUG","location":"[get_call:159] fyersModel","message":{"Status Code":200,"API":"/history"},"timestamp":"2026-05-25 15:14:43,000+0530","service":"FyersAPIRequest"}
{"level":"DEBUG","location":"[get_call:159] fyersModel","message":{"Status Code":200,"API":"/history"},"timestamp":"2026-05-25 15:14:43,337+0530","service":"FyersAPIRequest"}
{"level":"DEBUG","location":"[get_call:159] fyersModel","message":{"Status Code":200,"API":"/history"},"timestamp":"2026-05-25 15:14:43,641+0530","service":"FyersAPIRequest"}
{"level":"DEBUG","location":"[get_call:159] fyersModel","message":{"Status Code":200,"API":"/history"},"timestamp":"2026-05-25 15:14:43,930+0530","service":"FyersAPIRequest"}
{"level":"DEBUG","location":"[get_call:159] fyersModel","message":{"Status Code":200,"API":"/history"},"timestamp":"2026-05-25 15:14:44,246+0530","service":"FyersAPIRequest"}
{"level":"DEBUG","location":"[get_call:159] fyersModel","message":{"Status Code":200,"API":"/history"},"timestamp":"2026-05-25 15:14:44,555+0530","service":"FyersAPIRequest"}
{"level":"DEBUG","location":"[get_call:159] fyersModel","message":{"Status Code":200,"API":"/history"},"timestamp":"2026-05-25 15:14:44,846+0530","service":"FyersAPIRequest"}
{"level":"DEBUG","location":"[get_call:159] fyersModel","message":{"Status Code":200,"API":"/history"},"timestamp":"2026-05-25 15:14:45,160+0530","service":"FyersAPIRequest"}
{"level":"DEBUG","location":"[get_call:159] fyersModel","message":{"Status Code":200,"API":"/history"},"timestamp":"2026-05-25 15:14:45,467+0530","service":"FyersAPIRequest"}
{"level":"DEBUG","location":"[get_call:159] fyersModel","message":{"Status Code":200,"API":"/history"},"timestamp":"2026-05-25 15:14:45,816+0530","service":"FyersAPIRequest"}
{"level":"DEBUG","location":"[get_call:159] fyersModel","message":{"Status Code":200,"API":"/history"},"timestamp":"2026-05-25 15:14:46,132+0530","service":"FyersAPIRequest"}
{"level":"DEBUG","location":"[get_call:159] fyersModel","message":{"Status Code":200,"API":"/history"},"timestamp":"2026-05-25 15:14:46,447+0530","service":"FyersAPIRequest"}
{"level":"DEBUG","location":"[get_call:159] fyersModel","message":{"Status Code":200,"API":"/history"},"timestamp":"2026-05-25 15:14:46,743+0530","service":"FyersAPIRequest"}
{"level":"DEBUG","location":"[get_call:159] fyersModel","message":{"Status Code":200,"API":"/history"},"timestamp":"2026-05-25 15:14:47,045+0530","service":"FyersAPIRequest"}
{"level":"DEBUG","location":"[get_call:159] fyersModel","message":{"Status Code":200,"API":"/history"},"timestamp":"2026-05-25 15:14:47,364+0530","service":"FyersAPIRequest"}
{"level":"DEBUG","location":"[get_call:159] fyersModel","message":{"Status Code":200,"API":"/history"},"timestamp":"2026-05-25 15:14:47,675+0530","service":"FyersAPIRequest"}
{"level":"DEBUG","location":"[get_call:159] fyersModel","message":{"Status Code":200,"API":"/history"},"timestamp":"2026-05-25 15:14:47,996+0530","service":"FyersAPIRequest"}
{"level":"DEBUG","location":"[get_call:159] fyersModel","message":{"Status Code":200,"API":"/history"},"timestamp":"2026-05-25 15:14:48,337+0530","service":"FyersAPIRequest"}
{"level":"DEBUG","location":"[get_call:159] fyersModel","message":{"Status Code":200,"API":"/history"},"timestamp":"2026-05-25 15:14:48,668+0530","service":"FyersAPIRequest"}
{"level":"DEBUG","location":"[get_call:159] fyersModel","message":{"Status Code":200,"API":"/history"},"timestamp":"2026-05-25 15:14:48,987+0530","service":"FyersAPIRequest"}
{"level":"DEBUG","location":"[get_call:159] fyersModel","message":{"Status Code":200,"API":"/history"},"timestamp":"2026-05-25 15:14:49,298+0530","service":"FyersAPIRequest"}
{"level":"DEBUG","location":"[get_call:159] fyersModel","message":{"Status Code":200,"API":"/history"},"timestamp":"2026-05-25 15:14:49,618+0530","service":"FyersAPIRequest"}
{"level":"DEBUG","location":"[get_call:159] fyersModel","message":{"Status Code":200,"API":"/history"},"timestamp":"2026-05-25 15:14:49,954+0530","service":"FyersAPIRequest"}
{"level":"DEBUG","location":"[get_call:159] fyersModel","message":{"Status Code":200,"API":"/history"},"timestamp":"2026-05-25 15:14:50,336+0530","service":"FyersAPIRequest"}
{"level":"DEBUG","location":"[get_call:159] fyersModel","message":{"Status Code":200,"API":"/history"},"timestamp":"2026-05-25 15:14:50,643+0530","service":"FyersAPIRequest"}
{"level":"DEBUG","location":"[get_call:159] fyersModel","message":{"Status Code":200,"API":"/history"},"timestamp":"2026-05-25 15:14:50,994+0530","service":"FyersAPIRequest"}
{"level":"DEBUG","location":"[get_call:159] fyersModel","message":{"Status Code":200,"API":"/history"},"timestamp":"2026-05-25 15:14:51,302+0530","service":"FyersAPIRequest"}
{"level":"DEBUG","location":"[get_call:159] fyersModel","message":{"Status Code":200,"API":"/history"},"timestamp":"2026-05-25 15:14:51,613+0530","service":"FyersAPIRequest"}
{"level":"DEBUG","location":"[get_call:159] fyersModel","message":{"Status Code":200,"API":"/history"},"timestamp":"2026-05-25 15:14:51,927+0530","service":"FyersAPIRequest"}
{"level":"DEBUG","location":"[get_call:159] fyersModel","message":{"Status Code":200,"API":"/history"},"timestamp":"2026-05-25 15:14:52,294+0530","service":"FyersAPIRequest"}
{"level":"DEBUG","location":"[get_call:159] fyersModel","message":{"Status Code":200,"API":"/history"},"timestamp":"2026-05-25 15:14:52,609+0530","service":"FyersAPIRequest"}
{"level":"DEBUG","location":"[get_call:159] fyersModel","message":{"Status Code":200,"API":"/history"},"timestamp":"2026-05-25 15:14:52,934+0530","service":"FyersAPIRequest"}
{"level":"DEBUG","location":"[get_call:159] fyersModel","message":{"Status Code":200,"API":"/history"},"timestamp":"2026-05-25 15:14:53,240+0530","service":"FyersAPIRequest"}
{"level":"DEBUG","location":"[get_call:159] fyersModel","message":{"Status Code":200,"API":"/positions"},"timestamp":"2026-05-25 19:22:29,003+0530","service":"FyersAPIRequest"}
{"level":"DEBUG","location":"[get_call:159] fyersModel","message":{"Status Code":200,"API":"/orders"},"timestamp":"2026-05-25 19:22:29,064+0530","service":"FyersAPIRequest"}
{"level":"DEBUG","location":"[get_call:159] fyersModel","message":{"Status Code":200,"API":"/orders"},"timestamp":"2026-05-25 19:22:29,110+0530","service":"FyersAPIRequest"}
{"level":"DEBUG","location":"[get_call:159] fyersModel","message":{"Status Code":200,"API":"/holdings"},"timestamp":"2026-05-25 19:22:29,157+0530","service":"FyersAPIRequest"}
{"level":"DEBUG","location":"[get_call:159] fyersModel","message":{"Status Code":200,"API":"/tradebook"},"timestamp":"2026-05-25 19:22:30,202+0530","service":"FyersAPIRequest"}
{"level":"DEBUG","location":"[get_call:159] fyersModel","message":{"Status Code":200,"API":"/positions"},"timestamp":"2026-05-25 19:22:31,253+0530","service":"FyersAPIRequest"}
{"level":"DEBUG","location":"[get_call:159] fyersModel","message":{"Status Code":200,"API":"/funds"},"timestamp":"2026-05-25 19:22:31,300+0530","service":"FyersAPIRequest"}
{"level":"DEBUG","location":"[get_call:159] fyersModel","message":{"Status Code":200,"API":"/positions"},"timestamp":"2026-05-25 19:23:46,667+0530","service":"FyersAPIRequest"}
{"level":"DEBUG","location":"[get_call:159] fyersModel","message":{"Status Code":200,"API":"/orders"},"timestamp":"2026-05-25 19:23:46,719+0530","service":"FyersAPIRequest"}
{"level":"DEBUG","location":"[get_call:159] fyersModel","message":{"Status Code":200,"API":"/orders"},"timestamp":"2026-05-25 19:23:46,772+0530","service":"FyersAPIRequest"}
{"level":"DEBUG","location":"[get_call:159] fyersModel","message":{"Status Code":200,"API":"/holdings"},"timestamp":"2026-05-25 19:23:46,826+0530","service":"FyersAPIRequest"}
{"level":"DEBUG","location":"[get_call:159] fyersModel","message":{"Status Code":200,"API":"/tradebook"},"timestamp":"2026-05-25 19:23:47,876+0530","service":"FyersAPIRequest"}
{"level":"DEBUG","location":"[get_call:159] fyersModel","message":{"Status Code":200,"API":"/positions"},"timestamp":"2026-05-25 19:23:48,948+0530","service":"FyersAPIRequest"}
{"level":"DEBUG","location":"[get_call:159] fyersModel","message":{"Status Code":200,"API":"/funds"},"timestamp":"2026-05-25 19:23:49,014+0530","service":"FyersAPIRequest"}
{"level":"DEBUG","location":"[get_call:159] fyersModel","message":{"Status Code":200,"API":"/positions"},"timestamp":"2026-05-25 19:23:49,071+0530","service":"FyersAPIRequest"}
{"level":"DEBUG","location":"[get_call:159] fyersModel","message":{"Status Code":200,"API":"/orders"},"timestamp":"2026-05-25 19:23:49,167+0530","service":"FyersAPIRequest"}
{"level":"DEBUG","location":"[get_call:159] fyersModel","message":{"Status Code":200,"API":"/orders"},"timestamp":"2026-05-25 19:23:49,218+0530","service":"FyersAPIRequest"}
{"level":"DEBUG","location":"[get_call:159] fyersModel","message":{"Status Code":200,"API":"/holdings"},"timestamp":"2026-05-25 19:23:49,272+0530","service":"FyersAPIRequest"}
{"level":"DEBUG","location":"[get_call:159] fyersModel","message":{"Status Code":200,"API":"/tradebook"},"timestamp":"2026-05-25 19:23:50,398+0530","service":"FyersAPIRequest"}
{"level":"DEBUG","location":"[get_call:159] fyersModel","message":{"Status Code":200,"API":"/positions"},"timestamp":"2026-05-25 19:23:51,450+0530","service":"FyersAPIRequest"}
{"level":"DEBUG","location":"[get_call:159] fyersModel","message":{"Status Code":200,"API":"/funds"},"timestamp":"2026-05-25 19:23:51,526+0530","service":"FyersAPIRequest"}
{"level":"DEBUG","location":"[get_call:159] fyersModel","message":{"Status Code":200,"API":"/positions"},"timestamp":"2026-05-25 19:23:53,711+0530","service":"FyersAPIRequest"}
{"level":"DEBUG","location":"[get_call:159] fyersModel","message":{"Status Code":200,"API":"/orders"},"timestamp":"2026-05-25 19:23:53,767+0530","service":"FyersAPIRequest"}
{"level":"DEBUG","location":"[get_call:159] fyersModel","message":{"Status Code":200,"API":"/orders"},"timestamp":"2026-05-25 19:23:53,819+0530","service":"FyersAPIRequest"}
{"level":"DEBUG","location":"[get_call:159] fyersModel","message":{"Status Code":200,"API":"/holdings"},"timestamp":"2026-05-25 19:23:53,882+0530","service":"FyersAPIRequest"}
{"level":"DEBUG","location":"[get_call:159] fyersModel","message":{"Status Code":200,"API":"/tradebook"},"timestamp":"2026-05-25 19:23:55,004+0530","service":"FyersAPIRequest"}
{"level":"DEBUG","location":"[get_call:159] fyersModel","message":{"Status Code":200,"API":"/positions"},"timestamp":"2026-05-25 19:23:56,079+0530","service":"FyersAPIRequest"}
{"level":"DEBUG","location":"[get_call:159] fyersModel","message":{"Status Code":200,"API":"/funds"},"timestamp":"2026-05-25 19:23:56,127+0530","service":"FyersAPIRequest"}
{"level":"DEBUG","location":"[get_call:159] fyersModel","message":{"Status Code":200,"API":"/history"},"timestamp":"2026-05-25 19:50:40,308+0530","service":"FyersAPIRequest"}
{"level":"DEBUG","location":"[get_call:159] fyersModel","message":{"Status Code":200,"API":"/quotes"},"timestamp":"2026-05-25 19:50:40,420+0530","service":"FyersAPIRequest"}
{"level":"DEBUG","location":"[get_call:159] fyersModel","message":{"Status Code":200,"API":"/holdings"},"timestamp":"2026-05-25 19:53:14,472+0530","service":"FyersAPIRequest"}
{"level":"DEBUG","location":"[get_call:159] fyersModel","message":{"Status Code":200,"API":"/tradebook"},"timestamp":"2026-05-25 19:53:15,521+0530","service":"FyersAPIRequest"}
{"level":"DEBUG","location":"[get_call:159] fyersModel","message":{"Status Code":200,"API":"/positions"},"timestamp":"2026-05-25 19:53:16,583+0530","service":"FyersAPIRequest"}
{"level":"DEBUG","location":"[get_call:159] fyersModel","message":{"Status Code":200,"API":"/holdings"},"timestamp":"2026-05-25 19:54:03,637+0530","service":"FyersAPIRequest"}
{"level":"DEBUG","location":"[get_call:159] fyersModel","message":{"Status Code":200,"API":"/tradebook"},"timestamp":"2026-05-25 19:58:20,946+0530","service":"FyersAPIRequest"}
{"level":"DEBUG","location":"[get_call:159] fyersModel","message":{"Status Code":200,"API":"/positions"},"timestamp":"2026-05-25 19:58:37,052+0530","service":"FyersAPIRequest"}
{"level":"DEBUG","location":"[get_call:159] fyersModel","message":{"Status Code":200,"API":"/holdings"},"timestamp":"2026-05-25 20:04:39,459+0530","service":"FyersAPIRequest"}
{"level":"DEBUG","location":"[get_call:159] fyersModel","message":{"Status Code":200,"API":"/tradebook"},"timestamp":"2026-05-25 20:04:40,517+0530","service":"FyersAPIRequest"}
{"level":"DEBUG","location":"[get_call:159] fyersModel","message":{"Status Code":200,"API":"/positions"},"timestamp":"2026-05-25 20:04:41,608+0530","service":"FyersAPIRequest"}
{"level":"DEBUG","location":"[get_call:159] fyersModel","message":{"Status Code":200,"API":"/holdings"},"timestamp":"2026-05-25 20:04:47,646+0530","service":"FyersAPIRequest"}
{"level":"DEBUG","location":"[get_call:159] fyersModel","message":{"Status Code":200,"API":"/tradebook"},"timestamp":"2026-05-25 20:04:48,714+0530","service":"FyersAPIRequest"}
{"level":"DEBUG","location":"[get_call:159] fyersModel","message":{"Status Code":200,"API":"/positions"},"timestamp":"2026-05-25 20:04:49,768+0530","service":"FyersAPIRequest"}
{"level":"DEBUG","location":"[get_call:159] fyersModel","message":{"Status Code":200,"API":"/history"},"timestamp":"2026-05-25 20:05:43,113+0530","service":"FyersAPIRequest"}
{"level":"DEBUG","location":"[get_call:159] fyersModel","message":{"Status Code":200,"API":"/quotes"},"timestamp":"2026-05-25 20:05:43,223+0530","service":"FyersAPIRequest"}
{"level":"DEBUG","location":"[get_call:159] fyersModel","message":{"Status Code":200,"API":"/holdings"},"timestamp":"2026-05-25 20:05:45,859+0530","service":"FyersAPIRequest"}
{"level":"DEBUG","location":"[get_call:159] fyersModel","message":{"Status Code":200,"API":"/tradebook"},"timestamp":"2026-05-25 20:05:46,914+0530","service":"FyersAPIRequest"}
{"level":"DEBUG","location":"[get_call:159] fyersModel","message":{"Status Code":200,"API":"/positions"},"timestamp":"2026-05-25 20:05:47,962+0530","service":"FyersAPIRequest"}
{"level":"DEBUG","location":"[get_call:159] fyersModel","message":{"Status Code":200,"API":"/holdings"},"timestamp":"2026-05-25 20:07:39,043+0530","service":"FyersAPIRequest"}
{"level":"DEBUG","location":"[get_call:159] fyersModel","message":{"Status Code":200,"API":"/positions"},"timestamp":"2026-05-25 20:08:20,937+0530","service":"FyersAPIRequest"}
{"level":"DEBUG","location":"[get_call:159] fyersModel","message":{"Status Code":200,"API":"/history"},"timestamp":"2026-05-25 20:11:28,332+0530","service":"FyersAPIRequest"}
{"level":"DEBUG","location":"[get_call:159] fyersModel","message":{"Status Code":200,"API":"/quotes"},"timestamp":"2026-05-25 20:11:28,428+0530","service":"FyersAPIRequest"}
{"level":"DEBUG","location":"[get_call:159] fyersModel","message":{"Status Code":200,"API":"/holdings"},"timestamp":"2026-05-25 20:11:38,960+0530","service":"FyersAPIRequest"}
{"level":"DEBUG","location":"[get_call:159] fyersModel","message":{"Status Code":200,"API":"/tradebook"},"timestamp":"2026-05-25 20:11:40,011+0530","service":"FyersAPIRequest"}
{"level":"DEBUG","location":"[get_call:159] fyersModel","message":{"Status Code":200,"API":"/positions"},"timestamp":"2026-05-25 20:11:41,105+0530","service":"FyersAPIRequest"}
{"level":"DEBUG","location":"[get_call:159] fyersModel","message":{"Status Code":200,"API":"/history"},"timestamp":"2026-05-25 20:16:52,451+0530","service":"FyersAPIRequest"}
{"level":"DEBUG","location":"[get_call:159] fyersModel","message":{"Status Code":200,"API":"/quotes"},"timestamp":"2026-05-25 20:16:52,573+0530","service":"FyersAPIRequest"}
{"level":"DEBUG","location":"[get_call:159] fyersModel","message":{"Status Code":200,"API":"/holdings"},"timestamp":"2026-05-25 20:16:55,521+0530","service":"FyersAPIRequest"}
{"level":"DEBUG","location":"[get_call:159] fyersModel","message":{"Status Code":200,"API":"/tradebook"},"timestamp":"2026-05-25 20:16:56,574+0530","service":"FyersAPIRequest"}
{"level":"DEBUG","location":"[get_call:159] fyersModel","message":{"Status Code":200,"API":"/positions"},"timestamp":"2026-05-25 20:16:57,631+0530","service":"FyersAPIRequest"}
{"level":"DEBUG","location":"[get_call:159] fyersModel","message":{"Status Code":200,"API":"/holdings"},"timestamp":"2026-05-25 20:31:31,096+0530","service":"FyersAPIRequest"}
{"level":"DEBUG","location":"[get_call:159] fyersModel","message":{"Status Code":200,"API":"/tradebook"},"timestamp":"2026-05-25 20:31:43,184+0530","service":"FyersAPIRequest"}
{"level":"DEBUG","location":"[get_call:159] fyersModel","message":{"Status Code":200,"API":"/holdings"},"timestamp":"2026-05-25 20:32:48,696+0530","service":"FyersAPIRequest"}
{"level":"DEBUG","location":"[get_call:159] fyersModel","message":{"Status Code":200,"API":"/history"},"timestamp":"2026-05-25 22:07:08,454+0530","service":"FyersAPIRequest"}
{"level":"DEBUG","location":"[get_call:159] fyersModel","message":{"Status Code":200,"API":"/quotes"},"timestamp":"2026-05-25 22:07:08,555+0530","service":"FyersAPIRequest"}
{"level":"DEBUG","location":"[get_call:159] fyersModel","message":{"Status Code":200,"API":"/holdings"},"timestamp":"2026-05-25 22:07:11,599+0530","service":"FyersAPIRequest"}
{"level":"DEBUG","location":"[get_call:159] fyersModel","message":{"Status Code":200,"API":"/holdings"},"timestamp":"2026-05-25 22:07:21,597+0530","service":"FyersAPIRequest"}
{"level":"DEBUG","location":"[get_call:159] fyersModel","message":{"Status Code":200,"API":"/tradebook"},"timestamp":"2026-05-25 22:07:22,149+0530","service":"FyersAPIRequest"}
{"level":"DEBUG","location":"[get_call:159] fyersModel","message":{"Status Code":200,"API":"/positions"},"timestamp":"2026-05-25 22:07:22,697+0530","service":"FyersAPIRequest"}
{"level":"DEBUG","location":"[get_call:159] fyersModel","message":{"Status Code":200,"API":"/history"},"timestamp":"2026-05-25 22:11:33,903+0530","service":"FyersAPIRequest"}
{"level":"DEBUG","location":"[get_call:159] fyersModel","message":{"Status Code":200,"API":"/quotes"},"timestamp":"2026-05-25 22:11:34,003+0530","service":"FyersAPIRequest"}
{"level":"DEBUG","location":"[get_call:159] fyersModel","message":{"Status Code":200,"API":"/holdings"},"timestamp":"2026-05-25 22:11:36,483+0530","service":"FyersAPIRequest"}
{"level":"DEBUG","location":"[get_call:159] fyersModel","message":{"Status Code":200,"API":"/tradebook"},"timestamp":"2026-05-25 22:11:37,093+0530","service":"FyersAPIRequest"}
{"level":"DEBUG","location":"[get_call:159] fyersModel","message":{"Status Code":200,"API":"/history"},"timestamp":"2026-05-25 22:12:35,367+0530","service":"FyersAPIRequest"}
{"level":"DEBUG","location":"[get_call:159] fyersModel","message":{"Status Code":200,"API":"/quotes"},"timestamp":"2026-05-25 22:12:35,465+0530","service":"FyersAPIRequest"}
{"level":"DEBUG","location":"[get_call:159] fyersModel","message":{"Status Code":200,"API":"/holdings"},"timestamp":"2026-05-25 22:12:37,498+0530","service":"FyersAPIRequest"}
{"level":"DEBUG","location":"[get_call:159] fyersModel","message":{"Status Code":200,"API":"/tradebook"},"timestamp":"2026-05-25 22:12:38,046+0530","service":"FyersAPIRequest"}
{"level":"DEBUG","location":"[get_call:159] fyersModel","message":{"Status Code":200,"API":"/history"},"timestamp":"2026-05-25 22:13:57,699+0530","service":"FyersAPIRequest"}
{"level":"DEBUG","location":"[get_call:159] fyersModel","message":{"Status Code":200,"API":"/quotes"},"timestamp":"2026-05-25 22:13:57,796+0530","service":"FyersAPIRequest"}
{"level":"DEBUG","location":"[get_call:159] fyersModel","message":{"Status Code":200,"API":"/holdings"},"timestamp":"2026-05-25 22:14:01,090+0530","service":"FyersAPIRequest"}
{"level":"DEBUG","location":"[get_call:159] fyersModel","message":{"Status Code":200,"API":"/tradebook"},"timestamp":"2026-05-25 22:14:01,674+0530","service":"FyersAPIRequest"}
{"level":"DEBUG","location":"[get_call:159] fyersModel","message":{"Status Code":200,"API":"/positions"},"timestamp":"2026-05-25 22:14:50,671+0530","service":"FyersAPIRequest"}
{"level":"DEBUG","location":"[get_call:159] fyersModel","message":{"Status Code":200,"API":"/orders"},"timestamp":"2026-05-25 22:14:50,716+0530","service":"FyersAPIRequest"}
{"level":"DEBUG","location":"[get_call:159] fyersModel","message":{"Status Code":200,"API":"/orders"},"timestamp":"2026-05-25 22:14:50,762+0530","service":"FyersAPIRequest"}
{"level":"DEBUG","location":"[get_call:159] fyersModel","message":{"Status Code":200,"API":"/holdings"},"timestamp":"2026-05-25 22:14:50,818+0530","service":"FyersAPIRequest"}
{"level":"DEBUG","location":"[get_call:159] fyersModel","message":{"Status Code":200,"API":"/tradebook"},"timestamp":"2026-05-25 22:14:51,378+0530","service":"FyersAPIRequest"}
{"level":"DEBUG","location":"[get_call:159] fyersModel","message":{"Status Code":200,"API":"/funds"},"timestamp":"2026-05-25 22:14:51,950+0530","service":"FyersAPIRequest"}
{"level":"DEBUG","location":"[get_call:159] fyersModel","message":{"Status Code":200,"API":"/positions"},"timestamp":"2026-05-25 22:14:52,005+0530","service":"FyersAPIRequest"}
{"level":"DEBUG","location":"[get_call:159] fyersModel","message":{"Status Code":200,"API":"/orders"},"timestamp":"2026-05-25 22:14:52,073+0530","service":"FyersAPIRequest"}
{"level":"DEBUG","location":"[get_call:159] fyersModel","message":{"Status Code":200,"API":"/orders"},"timestamp":"2026-05-25 22:14:52,131+0530","service":"FyersAPIRequest"}
{"level":"DEBUG","location":"[get_call:159] fyersModel","message":{"Status Code":200,"API":"/holdings"},"timestamp":"2026-05-25 22:14:52,176+0530","service":"FyersAPIRequest"}
{"level":"DEBUG","location":"[get_call:159] fyersModel","message":{"Status Code":200,"API":"/tradebook"},"timestamp":"2026-05-25 22:14:52,788+0530","service":"FyersAPIRequest"}
{"level":"DEBUG","location":"[get_call:159] fyersModel","message":{"Status Code":200,"API":"/funds"},"timestamp":"2026-05-25 22:14:53,354+0530","service":"FyersAPIRequest"}
{"level":"DEBUG","location":"[get_call:159] fyersModel","message":{"Status Code":200,"API":"/positions"},"timestamp":"2026-05-25 22:14:54,333+0530","service":"FyersAPIRequest"}
{"level":"DEBUG","location":"[get_call:159] fyersModel","message":{"Status Code":200,"API":"/orders"},"timestamp":"2026-05-25 22:14:54,392+0530","service":"FyersAPIRequest"}
{"level":"DEBUG","location":"[get_call:159] fyersModel","message":{"Status Code":200,"API":"/orders"},"timestamp":"2026-05-25 22:14:54,464+0530","service":"FyersAPIRequest"}
{"level":"DEBUG","location":"[get_call:159] fyersModel","message":{"Status Code":200,"API":"/holdings"},"timestamp":"2026-05-25 22:14:54,523+0530","service":"FyersAPIRequest"}
{"level":"DEBUG","location":"[get_call:159] fyersModel","message":{"Status Code":200,"API":"/tradebook"},"timestamp":"2026-05-25 22:14:55,081+0530","service":"FyersAPIRequest"}
{"level":"DEBUG","location":"[get_call:159] fyersModel","message":{"Status Code":200,"API":"/funds"},"timestamp":"2026-05-25 22:14:55,656+0530","service":"FyersAPIRequest"}
{"level":"DEBUG","location":"[get_call:159] fyersModel","message":{"Status Code":401,"API":"/positions"},"timestamp":"2026-05-26 09:49:24,530+0530","service":"FyersAPIRequest"}
{"level":"DEBUG","location":"[get_call:159] fyersModel","message":{"Status Code":401,"API":"/orders"},"timestamp":"2026-05-26 09:49:24,583+0530","service":"FyersAPIRequest"}
{"level":"DEBUG","location":"[get_call:159] fyersModel","message":{"Status Code":401,"API":"/orders"},"timestamp":"2026-05-26 09:49:24,641+0530","service":"FyersAPIRequest"}
{"level":"DEBUG","location":"[get_call:159] fyersModel","message":{"Status Code":401,"API":"/holdings"},"timestamp":"2026-05-26 09:49:24,689+0530","service":"FyersAPIRequest"}
{"level":"DEBUG","location":"[get_call:159] fyersModel","message":{"Status Code":401,"API":"/tradebook"},"timestamp":"2026-05-26 09:49:25,235+0530","service":"FyersAPIRequest"}
{"level":"DEBUG","location":"[get_call:159] fyersModel","message":{"Status Code":401,"API":"/funds"},"timestamp":"2026-05-26 09:49:25,811+0530","service":"FyersAPIRequest"}
{"level":"DEBUG","location":"[get_call:159] fyersModel","message":{"Status Code":401,"API":"/positions"},"timestamp":"2026-05-26 09:49:25,855+0530","service":"FyersAPIRequest"}
{"level":"DEBUG","location":"[get_call:159] fyersModel","message":{"Status Code":401,"API":"/orders"},"timestamp":"2026-05-26 09:49:25,917+0530","service":"FyersAPIRequest"}
{"level":"DEBUG","location":"[get_call:159] fyersModel","message":{"Status Code":401,"API":"/orders"},"timestamp":"2026-05-26 09:49:25,964+0530","service":"FyersAPIRequest"}
{"level":"DEBUG","location":"[get_call:159] fyersModel","message":{"Status Code":401,"API":"/holdings"},"timestamp":"2026-05-26 09:49:26,010+0530","service":"FyersAPIRequest"}
{"level":"DEBUG","location":"[get_call:159] fyersModel","message":{"Status Code":401,"API":"/tradebook"},"timestamp":"2026-05-26 09:49:26,571+0530","service":"FyersAPIRequest"}
{"level":"DEBUG","location":"[get_call:159] fyersModel","message":{"Status Code":401,"API":"/funds"},"timestamp":"2026-05-26 09:49:27,141+0530","service":"FyersAPIRequest"}
{"level":"DEBUG","location":"[get_call:159] fyersModel","message":{"Status Code":401,"API":"/positions"},"timestamp":"2026-05-26 09:49:29,926+0530","service":"FyersAPIRequest"}
{"level":"DEBUG","location":"[get_call:159] fyersModel","message":{"Status Code":401,"API":"/orders"},"timestamp":"2026-05-26 09:49:29,970+0530","service":"FyersAPIRequest"}
{"level":"DEBUG","location":"[get_call:159] fyersModel","message":{"Status Code":401,"API":"/orders"},"timestamp":"2026-05-26 09:49:30,014+0530","service":"FyersAPIRequest"}
{"level":"DEBUG","location":"[get_call:159] fyersModel","message":{"Status Code":401,"API":"/holdings"},"timestamp":"2026-05-26 09:49:30,061+0530","service":"FyersAPIRequest"}
{"level":"DEBUG","location":"[get_call:159] fyersModel","message":{"Status Code":200,"API":"/positions"},"timestamp":"2026-05-26 09:49:35,666+0530","service":"FyersAPIRequest"}
{"level":"DEBUG","location":"[get_call:159] fyersModel","message":{"Status Code":200,"API":"/orders"},"timestamp":"2026-05-26 09:49:35,709+0530","service":"FyersAPIRequest"}
{"level":"DEBUG","location":"[get_call:159] fyersModel","message":{"Status Code":200,"API":"/orders"},"timestamp":"2026-05-26 09:49:35,761+0530","service":"FyersAPIRequest"}
{"level":"DEBUG","location":"[get_call:159] fyersModel","message":{"Status Code":200,"API":"/holdings"},"timestamp":"2026-05-26 09:49:35,815+0530","service":"FyersAPIRequest"}
{"level":"DEBUG","location":"[get_call:159] fyersModel","message":{"Status Code":200,"API":"/tradebook"},"timestamp":"2026-05-26 09:49:36,367+0530","service":"FyersAPIRequest"}
{"level":"DEBUG","location":"[get_call:159] fyersModel","message":{"Status Code":200,"API":"/funds"},"timestamp":"2026-05-26 09:49:36,951+0530","service":"FyersAPIRequest"}
{"level":"DEBUG","location":"[get_call:159] fyersModel","message":{"Status Code":200,"API":"/positions"},"timestamp":"2026-05-26 09:49:37,000+0530","service":"FyersAPIRequest"}
{"level":"DEBUG","location":"[get_call:159] fyersModel","message":{"Status Code":200,"API":"/orders"},"timestamp":"2026-05-26 09:49:37,046+0530","service":"FyersAPIRequest"}
{"level":"DEBUG","location":"[get_call:159] fyersModel","message":{"Status Code":200,"API":"/orders"},"timestamp":"2026-05-26 09:49:37,102+0530","service":"FyersAPIRequest"}
{"level":"DEBUG","location":"[get_call:159] fyersModel","message":{"Status Code":200,"API":"/holdings"},"timestamp":"2026-05-26 09:49:37,148+0530","service":"FyersAPIRequest"}
{"level":"DEBUG","location":"[get_call:159] fyersModel","message":{"Status Code":200,"API":"/tradebook"},"timestamp":"2026-05-26 09:49:37,694+0530","service":"FyersAPIRequest"}
{"level":"DEBUG","location":"[get_call:159] fyersModel","message":{"Status Code":200,"API":"/funds"},"timestamp":"2026-05-26 09:49:38,255+0530","service":"FyersAPIRequest"}
{"level":"DEBUG","location":"[get_call:159] fyersModel","message":{"Status Code":200,"API":"/positions"},"timestamp":"2026-05-26 09:49:44,029+0530","service":"FyersAPIRequest"}
{"level":"DEBUG","location":"[get_call:159] fyersModel","message":{"Status Code":200,"API":"/orders"},"timestamp":"2026-05-26 09:49:44,075+0530","service":"FyersAPIRequest"}
{"level":"DEBUG","location":"[get_call:159] fyersModel","message":{"Status Code":200,"API":"/orders"},"timestamp":"2026-05-26 09:49:44,115+0530","service":"FyersAPIRequest"}
{"level":"DEBUG","location":"[get_call:159] fyersModel","message":{"Status Code":200,"API":"/holdings"},"timestamp":"2026-05-26 09:49:44,161+0530","service":"FyersAPIRequest"}
{"level":"DEBUG","location":"[get_call:159] fyersModel","message":{"Status Code":200,"API":"/tradebook"},"timestamp":"2026-05-26 09:49:44,741+0530","service":"FyersAPIRequest"}
{"level":"DEBUG","location":"[get_call:159] fyersModel","message":{"Status Code":200,"API":"/funds"},"timestamp":"2026-05-26 09:49:45,304+0530","service":"FyersAPIRequest"}
{"level":"DEBUG","location":"[get_call:159] fyersModel","message":{"Status Code":200,"API":"/positions"},"timestamp":"2026-05-26 22:08:21,106+0530","service":"FyersAPIRequest"}
{"level":"DEBUG","location":"[get_call:159] fyersModel","message":{"Status Code":200,"API":"/orders"},"timestamp":"2026-05-26 22:08:21,187+0530","service":"FyersAPIRequest"}
{"level":"DEBUG","location":"[get_call:159] fyersModel","message":{"Status Code":200,"API":"/orders"},"timestamp":"2026-05-26 22:08:21,380+0530","service":"FyersAPIRequest"}
{"level":"DEBUG","location":"[get_call:159] fyersModel","message":{"Status Code":200,"API":"/holdings"},"timestamp":"2026-05-26 22:08:21,509+0530","service":"FyersAPIRequest"}
{"level":"DEBUG","location":"[get_call:159] fyersModel","message":{"Status Code":200,"API":"/tradebook"},"timestamp":"2026-05-26 22:08:22,063+0530","service":"FyersAPIRequest"}
{"level":"DEBUG","location":"[get_call:159] fyersModel","message":{"Status Code":200,"API":"/funds"},"timestamp":"2026-05-26 22:08:22,637+0530","service":"FyersAPIRequest"}
{"level":"DEBUG","location":"[get_call:159] fyersModel","message":{"Status Code":200,"API":"/positions"},"timestamp":"2026-05-26 22:08:22,721+0530","service":"FyersAPIRequest"}
{"level":"DEBUG","location":"[get_call:159] fyersModel","message":{"Status Code":200,"API":"/orders"},"timestamp":"2026-05-26 22:08:22,813+0530","service":"FyersAPIRequest"}
{"level":"DEBUG","location":"[get_call:159] fyersModel","message":{"Status Code":200,"API":"/orders"},"timestamp":"2026-05-26 22:08:22,885+0530","service":"FyersAPIRequest"}
{"level":"DEBUG","location":"[get_call:159] fyersModel","message":{"Status Code":200,"API":"/holdings"},"timestamp":"2026-05-26 22:08:22,968+0530","service":"FyersAPIRequest"}
{"level":"DEBUG","location":"[get_call:159] fyersModel","message":{"Status Code":200,"API":"/tradebook"},"timestamp":"2026-05-26 22:08:23,648+0530","service":"FyersAPIRequest"}
{"level":"DEBUG","location":"[get_call:159] fyersModel","message":{"Status Code":200,"API":"/funds"},"timestamp":"2026-05-26 22:08:24,200+0530","service":"FyersAPIRequest"}
{"level":"DEBUG","location":"[get_call:159] fyersModel","message":{"Status Code":200,"API":"/positions"},"timestamp":"2026-05-26 22:08:28,492+0530","service":"FyersAPIRequest"}
{"level":"DEBUG","location":"[get_call:159] fyersModel","message":{"Status Code":200,"API":"/orders"},"timestamp":"2026-05-26 22:08:28,567+0530","service":"FyersAPIRequest"}
{"level":"DEBUG","location":"[get_call:159] fyersModel","message":{"Status Code":200,"API":"/orders"},"timestamp":"2026-05-26 22:08:28,650+0530","service":"FyersAPIRequest"}
{"level":"DEBUG","location":"[get_call:159] fyersModel","message":{"Status Code":200,"API":"/holdings"},"timestamp":"2026-05-26 22:08:28,730+0530","service":"FyersAPIRequest"}
{"level":"DEBUG","location":"[get_call:159] fyersModel","message":{"Status Code":200,"API":"/tradebook"},"timestamp":"2026-05-26 22:08:29,398+0530","service":"FyersAPIRequest"}
{"level":"DEBUG","location":"[get_call:159] fyersModel","message":{"Status Code":200,"API":"/funds"},"timestamp":"2026-05-26 22:08:30,079+0530","service":"FyersAPIRequest"}
{"level":"DEBUG","location":"[get_call:159] fyersModel","message":{"Status Code":200,"API":"/positions"},"timestamp":"2026-05-27 09:48:06,642+0530","service":"FyersAPIRequest"}
{"level":"DEBUG","location":"[get_call:159] fyersModel","message":{"Status Code":200,"API":"/orders"},"timestamp":"2026-05-27 09:48:06,695+0530","service":"FyersAPIRequest"}
{"level":"DEBUG","location":"[get_call:159] fyersModel","message":{"Status Code":200,"API":"/orders"},"timestamp":"2026-05-27 09:48:06,756+0530","service":"FyersAPIRequest"}
{"level":"DEBUG","location":"[get_call:159] fyersModel","message":{"Status Code":200,"API":"/holdings"},"timestamp":"2026-05-27 09:48:06,821+0530","service":"FyersAPIRequest"}
{"level":"DEBUG","location":"[get_call:159] fyersModel","message":{"Status Code":200,"API":"/tradebook"},"timestamp":"2026-05-27 09:48:07,372+0530","service":"FyersAPIRequest"}
{"level":"DEBUG","location":"[get_call:159] fyersModel","message":{"Status Code":200,"API":"/funds"},"timestamp":"2026-05-27 09:48:07,956+0530","service":"FyersAPIRequest"}
{"level":"DEBUG","location":"[get_call:159] fyersModel","message":{"Status Code":200,"API":"/positions"},"timestamp":"2026-05-27 09:48:08,011+0530","service":"FyersAPIRequest"}
{"level":"DEBUG","location":"[get_call:159] fyersModel","message":{"Status Code":200,"API":"/orders"},"timestamp":"2026-05-27 09:48:08,063+0530","service":"FyersAPIRequest"}
{"level":"DEBUG","location":"[get_call:159] fyersModel","message":{"Status Code":200,"API":"/orders"},"timestamp":"2026-05-27 09:48:08,112+0530","service":"FyersAPIRequest"}
{"level":"DEBUG","location":"[get_call:159] fyersModel","message":{"Status Code":200,"API":"/holdings"},"timestamp":"2026-05-27 09:48:08,158+0530","service":"FyersAPIRequest"}
{"level":"DEBUG","location":"[get_call:159] fyersModel","message":{"Status Code":200,"API":"/tradebook"},"timestamp":"2026-05-27 09:48:08,710+0530","service":"FyersAPIRequest"}
{"level":"DEBUG","location":"[get_call:159] fyersModel","message":{"Status Code":200,"API":"/funds"},"timestamp":"2026-05-27 09:48:09,265+0530","service":"FyersAPIRequest"}
{"level":"DEBUG","location":"[get_call:159] fyersModel","message":{"Status Code":200,"API":"/positions"},"timestamp":"2026-05-27 09:48:11,462+0530","service":"FyersAPIRequest"}
{"level":"DEBUG","location":"[get_call:159] fyersModel","message":{"Status Code":200,"API":"/orders"},"timestamp":"2026-05-27 09:48:11,514+0530","service":"FyersAPIRequest"}
{"level":"DEBUG","location":"[get_call:159] fyersModel","message":{"Status Code":200,"API":"/orders"},"timestamp":"2026-05-27 09:48:11,566+0530","service":"FyersAPIRequest"}
{"level":"DEBUG","location":"[get_call:159] fyersModel","message":{"Status Code":200,"API":"/holdings"},"timestamp":"2026-05-27 09:48:11,615+0530","service":"FyersAPIRequest"}
{"level":"DEBUG","location":"[get_call:159] fyersModel","message":{"Status Code":200,"API":"/tradebook"},"timestamp":"2026-05-27 09:48:12,170+0530","service":"FyersAPIRequest"}
{"level":"DEBUG","location":"[get_call:159] fyersModel","message":{"Status Code":200,"API":"/funds"},"timestamp":"2026-05-27 09:48:12,723+0530","service":"FyersAPIRequest"}
{"level":"DEBUG","location":"[get_call:159] fyersModel","message":{"Status Code":200,"API":"/positions"},"timestamp":"2026-05-27 10:28:02,012+0530","service":"FyersAPIRequest"}
{"level":"DEBUG","location":"[get_call:159] fyersModel","message":{"Status Code":200,"API":"/orders"},"timestamp":"2026-05-27 10:28:02,057+0530","service":"FyersAPIRequest"}
{"level":"DEBUG","location":"[get_call:159] fyersModel","message":{"Status Code":200,"API":"/orders"},"timestamp":"2026-05-27 10:28:02,158+0530","service":"FyersAPIRequest"}
{"level":"DEBUG","location":"[get_call:159] fyersModel","message":{"Status Code":200,"API":"/holdings"},"timestamp":"2026-05-27 10:28:02,202+0530","service":"FyersAPIRequest"}
{"level":"DEBUG","location":"[get_call:159] fyersModel","message":{"Status Code":200,"API":"/tradebook"},"timestamp":"2026-05-27 10:28:02,772+0530","service":"FyersAPIRequest"}
{"level":"DEBUG","location":"[get_call:159] fyersModel","message":{"Status Code":200,"API":"/funds"},"timestamp":"2026-05-27 10:28:03,357+0530","service":"FyersAPIRequest"}
{"level":"DEBUG","location":"[get_call:159] fyersModel","message":{"Status Code":200,"API":"/positions"},"timestamp":"2026-05-27 10:28:03,405+0530","service":"FyersAPIRequest"}
{"level":"DEBUG","location":"[get_call:159] fyersModel","message":{"Status Code":200,"API":"/orders"},"timestamp":"2026-05-27 10:28:03,449+0530","service":"FyersAPIRequest"}
{"level":"DEBUG","location":"[get_call:159] fyersModel","message":{"Status Code":200,"API":"/orders"},"timestamp":"2026-05-27 10:28:03,497+0530","service":"FyersAPIRequest"}
{"level":"DEBUG","location":"[get_call:159] fyersModel","message":{"Status Code":200,"API":"/holdings"},"timestamp":"2026-05-27 10:28:03,582+0530","service":"FyersAPIRequest"}
{"level":"DEBUG","location":"[get_call:159] fyersModel","message":{"Status Code":200,"API":"/tradebook"},"timestamp":"2026-05-27 10:28:04,183+0530","service":"FyersAPIRequest"}
{"level":"DEBUG","location":"[get_call:159] fyersModel","message":{"Status Code":200,"API":"/funds"},"timestamp":"2026-05-27 10:28:04,733+0530","service":"FyersAPIRequest"}
{"level":"DEBUG","location":"[get_call:159] fyersModel","message":{"Status Code":200,"API":"/positions"},"timestamp":"2026-05-27 11:43:03,183+0530","service":"FyersAPIRequest"}
{"level":"DEBUG","location":"[get_call:159] fyersModel","message":{"Status Code":200,"API":"/orders"},"timestamp":"2026-05-27 11:43:03,232+0530","service":"FyersAPIRequest"}
{"level":"DEBUG","location":"[get_call:159] fyersModel","message":{"Status Code":200,"API":"/orders"},"timestamp":"2026-05-27 11:43:03,276+0530","service":"FyersAPIRequest"}
{"level":"DEBUG","location":"[get_call:159] fyersModel","message":{"Status Code":200,"API":"/holdings"},"timestamp":"2026-05-27 11:43:03,322+0530","service":"FyersAPIRequest"}
{"level":"DEBUG","location":"[get_call:159] fyersModel","message":{"Status Code":200,"API":"/tradebook"},"timestamp":"2026-05-27 11:43:03,879+0530","service":"FyersAPIRequest"}
{"level":"DEBUG","location":"[get_call:159] fyersModel","message":{"Status Code":200,"API":"/funds"},"timestamp":"2026-05-27 11:43:04,443+0530","service":"FyersAPIRequest"}
{"level":"DEBUG","location":"[get_call:159] fyersModel","message":{"Status Code":200,"API":"/positions"},"timestamp":"2026-05-27 11:45:43,717+0530","service":"FyersAPIRequest"}
{"level":"DEBUG","location":"[get_call:159] fyersModel","message":{"Status Code":200,"API":"/orders"},"timestamp":"2026-05-27 11:45:43,776+0530","service":"FyersAPIRequest"}
{"level":"DEBUG","location":"[get_call:159] fyersModel","message":{"Status Code":200,"API":"/orders"},"timestamp":"2026-05-27 11:45:43,829+0530","service":"FyersAPIRequest"}
{"level":"DEBUG","location":"[get_call:159] fyersModel","message":{"Status Code":200,"API":"/holdings"},"timestamp":"2026-05-27 11:45:43,881+0530","service":"FyersAPIRequest"}
{"level":"DEBUG","location":"[get_call:159] fyersModel","message":{"Status Code":200,"API":"/tradebook"},"timestamp":"2026-05-27 11:45:44,434+0530","service":"FyersAPIRequest"}
{"level":"DEBUG","location":"[get_call:159] fyersModel","message":{"Status Code":200,"API":"/funds"},"timestamp":"2026-05-27 11:45:45,000+0530","service":"FyersAPIRequest"}
{"level":"DEBUG","location":"[get_call:159] fyersModel","message":{"Status Code":200,"API":"/positions"},"timestamp":"2026-05-27 11:45:45,054+0530","service":"FyersAPIRequest"}
{"level":"DEBUG","location":"[get_call:159] fyersModel","message":{"Status Code":200,"API":"/orders"},"timestamp":"2026-05-27 11:45:45,103+0530","service":"FyersAPIRequest"}
{"level":"DEBUG","location":"[get_call:159] fyersModel","message":{"Status Code":200,"API":"/orders"},"timestamp":"2026-05-27 11:45:45,163+0530","service":"FyersAPIRequest"}
{"level":"DEBUG","location":"[get_call:159] fyersModel","message":{"Status Code":200,"API":"/holdings"},"timestamp":"2026-05-27 11:45:45,214+0530","service":"FyersAPIRequest"}
{"level":"DEBUG","location":"[get_call:159] fyersModel","message":{"Status Code":200,"API":"/tradebook"},"timestamp":"2026-05-27 11:45:45,802+0530","service":"FyersAPIRequest"}
{"level":"DEBUG","location":"[get_call:159] fyersModel","message":{"Status Code":200,"API":"/funds"},"timestamp":"2026-05-27 11:45:46,368+0530","service":"FyersAPIRequest"}
{"level":"DEBUG","location":"[get_call:159] fyersModel","message":{"Status Code":200,"API":"/positions"},"timestamp":"2026-05-27 15:01:16,595+0530","service":"FyersAPIRequest"}
{"level":"DEBUG","location":"[get_call:159] fyersModel","message":{"Status Code":200,"API":"/orders"},"timestamp":"2026-05-27 15:01:16,667+0530","service":"FyersAPIRequest"}
{"level":"DEBUG","location":"[get_call:159] fyersModel","message":{"Status Code":200,"API":"/orders"},"timestamp":"2026-05-27 15:01:16,738+0530","service":"FyersAPIRequest"}
{"level":"DEBUG","location":"[get_call:159] fyersModel","message":{"Status Code":200,"API":"/holdings"},"timestamp":"2026-05-27 15:01:16,808+0530","service":"FyersAPIRequest"}
{"level":"DEBUG","location":"[get_call:159] fyersModel","message":{"Status Code":200,"API":"/tradebook"},"timestamp":"2026-05-27 15:01:17,366+0530","service":"FyersAPIRequest"}
{"level":"DEBUG","location":"[get_call:159] fyersModel","message":{"Status Code":200,"API":"/funds"},"timestamp":"2026-05-27 15:01:17,941+0530","service":"FyersAPIRequest"}
{"level":"DEBUG","location":"[get_call:159] fyersModel","message":{"Status Code":200,"API":"/quotes"},"timestamp":"2026-05-27 15:01:17,989+0530","service":"FyersAPIRequest"}
{"level":"DEBUG","location":"[get_call:159] fyersModel","message":{"Status Code":200,"API":"/quotes"},"timestamp":"2026-05-27 15:01:18,039+0530","service":"FyersAPIRequest"}
{"level":"DEBUG","location":"[get_call:159] fyersModel","message":{"Status Code":200,"API":"/quotes"},"timestamp":"2026-05-27 15:01:18,109+0530","service":"FyersAPIRequest"}
{"level":"DEBUG","location":"[get_call:159] fyersModel","message":{"Status Code":200,"API":"/quotes"},"timestamp":"2026-05-27 15:01:18,157+0530","service":"FyersAPIRequest"}
{"level":"DEBUG","location":"[get_call:159] fyersModel","message":{"Status Code":200,"API":"/quotes"},"timestamp":"2026-05-27 15:01:18,205+0530","service":"FyersAPIRequest"}
{"level":"DEBUG","location":"[get_call:159] fyersModel","message":{"Status Code":200,"API":"/quotes"},"timestamp":"2026-05-27 15:01:18,252+0530","service":"FyersAPIRequest"}
{"level":"DEBUG","location":"[get_call:159] fyersModel","message":{"Status Code":200,"API":"/positions"},"timestamp":"2026-05-27 15:01:48,319+0530","service":"FyersAPIRequest"}
{"level":"DEBUG","location":"[get_call:159] fyersModel","message":{"Status Code":200,"API":"/orders"},"timestamp":"2026-05-27 15:01:48,397+0530","service":"FyersAPIRequest"}
{"level":"DEBUG","location":"[get_call:159] fyersModel","message":{"Status Code":200,"API":"/orders"},"timestamp":"2026-05-27 15:01:48,466+0530","service":"FyersAPIRequest"}
{"level":"DEBUG","location":"[get_call:159] fyersModel","message":{"Status Code":200,"API":"/holdings"},"timestamp":"2026-05-27 15:01:48,512+0530","service":"FyersAPIRequest"}
{"level":"DEBUG","location":"[get_call:159] fyersModel","message":{"Status Code":200,"API":"/tradebook"},"timestamp":"2026-05-27 15:01:49,084+0530","service":"FyersAPIRequest"}
{"level":"DEBUG","location":"[get_call:159] fyersModel","message":{"Status Code":200,"API":"/funds"},"timestamp":"2026-05-27 15:01:49,658+0530","service":"FyersAPIRequest"}
{"level":"DEBUG","location":"[get_call:159] fyersModel","message":{"Status Code":200,"API":"/quotes"},"timestamp":"2026-05-27 15:01:49,708+0530","service":"FyersAPIRequest"}
{"level":"DEBUG","location":"[get_call:159] fyersModel","message":{"Status Code":200,"API":"/quotes"},"timestamp":"2026-05-27 15:01:49,783+0530","service":"FyersAPIRequest"}
{"level":"DEBUG","location":"[get_call:159] fyersModel","message":{"Status Code":200,"API":"/quotes"},"timestamp":"2026-05-27 15:01:49,853+0530","service":"FyersAPIRequest"}
{"level":"DEBUG","location":"[get_call:159] fyersModel","message":{"Status Code":200,"API":"/quotes"},"timestamp":"2026-05-27 15:01:49,925+0530","service":"FyersAPIRequest"}
{"level":"DEBUG","location":"[get_call:159] fyersModel","message":{"Status Code":200,"API":"/quotes"},"timestamp":"2026-05-27 15:01:50,009+0530","service":"FyersAPIRequest"}
{"level":"DEBUG","location":"[get_call:159] fyersModel","message":{"Status Code":200,"API":"/quotes"},"timestamp":"2026-05-27 15:01:50,080+0530","service":"FyersAPIRequest"}
{"level":"DEBUG","location":"[get_call:159] fyersModel","message":{"Status Code":200,"API":"/history"},"timestamp":"2026-05-27 15:13:48,940+0530","service":"FyersAPIRequest"}
{"level":"DEBUG","location":"[get_call:159] fyersModel","message":{"Status Code":200,"API":"/history"},"timestamp":"2026-05-27 15:13:49,215+0530","service":"FyersAPIRequest"}
{"level":"DEBUG","location":"[get_call:159] fyersModel","message":{"Status Code":200,"API":"/history"},"timestamp":"2026-05-27 15:13:49,505+0530","service":"FyersAPIRequest"}
{"level":"DEBUG","location":"[get_call:159] fyersModel","message":{"Status Code":200,"API":"/history"},"timestamp":"2026-05-27 15:13:49,815+0530","service":"FyersAPIRequest"}
{"level":"DEBUG","location":"[get_call:159] fyersModel","message":{"Status Code":200,"API":"/history"},"timestamp":"2026-05-27 15:13:50,096+0530","service":"FyersAPIRequest"}
{"level":"DEBUG","location":"[get_call:159] fyersModel","message":{"Status Code":200,"API":"/history"},"timestamp":"2026-05-27 15:13:50,632+0530","service":"FyersAPIRequest"}
{"level":"DEBUG","location":"[get_call:159] fyersModel","message":{"Status Code":200,"API":"/history"},"timestamp":"2026-05-27 15:13:50,921+0530","service":"FyersAPIRequest"}
{"level":"DEBUG","location":"[get_call:159] fyersModel","message":{"Status Code":200,"API":"/history"},"timestamp":"2026-05-27 15:13:51,214+0530","service":"FyersAPIRequest"}
{"level":"DEBUG","location":"[get_call:159] fyersModel","message":{"Status Code":200,"API":"/history"},"timestamp":"2026-05-27 15:13:51,742+0530","service":"FyersAPIRequest"}
{"level":"DEBUG","location":"[get_call:159] fyersModel","message":{"Status Code":200,"API":"/history"},"timestamp":"2026-05-27 15:13:51,992+0530","service":"FyersAPIRequest"}
{"level":"DEBUG","location":"[get_call:159] fyersModel","message":{"Status Code":200,"API":"/history"},"timestamp":"2026-05-27 15:13:52,268+0530","service":"FyersAPIRequest"}
{"level":"DEBUG","location":"[get_call:159] fyersModel","message":{"Status Code":200,"API":"/history"},"timestamp":"2026-05-27 15:13:52,547+0530","service":"FyersAPIRequest"}
{"level":"DEBUG","location":"[get_call:159] fyersModel","message":{"Status Code":200,"API":"/history"},"timestamp":"2026-05-27 15:13:52,802+0530","service":"FyersAPIRequest"}
{"level":"DEBUG","location":"[get_call:159] fyersModel","message":{"Status Code":200,"API":"/history"},"timestamp":"2026-05-27 15:13:53,087+0530","service":"FyersAPIRequest"}
{"level":"DEBUG","location":"[get_call:159] fyersModel","message":{"Status Code":200,"API":"/history"},"timestamp":"2026-05-27 15:13:53,342+0530","service":"FyersAPIRequest"}
{"level":"DEBUG","location":"[get_call:159] fyersModel","message":{"Status Code":200,"API":"/history"},"timestamp":"2026-05-27 15:13:53,609+0530","service":"FyersAPIRequest"}
{"level":"DEBUG","location":"[get_call:159] fyersModel","message":{"Status Code":200,"API":"/history"},"timestamp":"2026-05-27 15:13:53,895+0530","service":"FyersAPIRequest"}
{"level":"DEBUG","location":"[get_call:159] fyersModel","message":{"Status Code":200,"API":"/history"},"timestamp":"2026-05-27 15:13:54,164+0530","service":"FyersAPIRequest"}
{"level":"DEBUG","location":"[get_call:159] fyersModel","message":{"Status Code":200,"API":"/history"},"timestamp":"2026-05-27 15:13:54,451+0530","service":"FyersAPIRequest"}
{"level":"DEBUG","location":"[get_call:159] fyersModel","message":{"Status Code":200,"API":"/history"},"timestamp":"2026-05-27 15:13:54,724+0530","service":"FyersAPIRequest"}
{"level":"DEBUG","location":"[get_call:159] fyersModel","message":{"Status Code":200,"API":"/history"},"timestamp":"2026-05-27 15:13:54,977+0530","service":"FyersAPIRequest"}
{"level":"DEBUG","location":"[get_call:159] fyersModel","message":{"Status Code":200,"API":"/history"},"timestamp":"2026-05-27 15:13:55,234+0530","service":"FyersAPIRequest"}
{"level":"DEBUG","location":"[get_call:159] fyersModel","message":{"Status Code":200,"API":"/history"},"timestamp":"2026-05-27 15:13:55,493+0530","service":"FyersAPIRequest"}
{"level":"DEBUG","location":"[get_call:159] fyersModel","message":{"Status Code":200,"API":"/history"},"timestamp":"2026-05-27 15:13:55,749+0530","service":"FyersAPIRequest"}
{"level":"DEBUG","location":"[get_call:159] fyersModel","message":{"Status Code":200,"API":"/history"},"timestamp":"2026-05-27 15:13:56,022+0530","service":"FyersAPIRequest"}
{"level":"DEBUG","location":"[get_call:159] fyersModel","message":{"Status Code":200,"API":"/history"},"timestamp":"2026-05-27 15:13:56,338+0530","service":"FyersAPIRequest"}
{"level":"DEBUG","location":"[get_call:159] fyersModel","message":{"Status Code":200,"API":"/history"},"timestamp":"2026-05-27 15:13:56,592+0530","service":"FyersAPIRequest"}
{"level":"DEBUG","location":"[get_call:159] fyersModel","message":{"Status Code":200,"API":"/history"},"timestamp":"2026-05-27 15:13:56,841+0530","service":"FyersAPIRequest"}
{"level":"DEBUG","location":"[get_call:159] fyersModel","message":{"Status Code":200,"API":"/history"},"timestamp":"2026-05-27 15:13:57,113+0530","service":"FyersAPIRequest"}
{"level":"DEBUG","location":"[get_call:159] fyersModel","message":{"Status Code":200,"API":"/history"},"timestamp":"2026-05-27 15:13:57,369+0530","service":"FyersAPIRequest"}
{"level":"DEBUG","location":"[get_call:159] fyersModel","message":{"Status Code":200,"API":"/history"},"timestamp":"2026-05-27 15:13:57,646+0530","service":"FyersAPIRequest"}
{"level":"DEBUG","location":"[get_call:159] fyersModel","message":{"Status Code":200,"API":"/history"},"timestamp":"2026-05-27 15:13:57,903+0530","service":"FyersAPIRequest"}
{"level":"DEBUG","location":"[get_call:159] fyersModel","message":{"Status Code":200,"API":"/history"},"timestamp":"2026-05-27 15:13:58,170+0530","service":"FyersAPIRequest"}
{"level":"DEBUG","location":"[get_call:159] fyersModel","message":{"Status Code":200,"API":"/history"},"timestamp":"2026-05-27 15:13:58,412+0530","service":"FyersAPIRequest"}
{"level":"DEBUG","location":"[get_call:159] fyersModel","message":{"Status Code":200,"API":"/history"},"timestamp":"2026-05-27 15:13:58,677+0530","service":"FyersAPIRequest"}
{"level":"DEBUG","location":"[get_call:159] fyersModel","message":{"Status Code":200,"API":"/history"},"timestamp":"2026-05-27 15:13:58,952+0530","service":"FyersAPIRequest"}
{"level":"DEBUG","location":"[get_call:159] fyersModel","message":{"Status Code":200,"API":"/history"},"timestamp":"2026-05-27 15:13:59,213+0530","service":"FyersAPIRequest"}
{"level":"DEBUG","location":"[get_call:159] fyersModel","message":{"Status Code":200,"API":"/history"},"timestamp":"2026-05-27 15:13:59,470+0530","service":"FyersAPIRequest"}
{"level":"DEBUG","location":"[get_call:159] fyersModel","message":{"Status Code":200,"API":"/history"},"timestamp":"2026-05-27 15:13:59,728+0530","service":"FyersAPIRequest"}
{"level":"DEBUG","location":"[get_call:159] fyersModel","message":{"Status Code":200,"API":"/history"},"timestamp":"2026-05-27 15:14:00,013+0530","service":"FyersAPIRequest"}
{"level":"DEBUG","location":"[get_call:159] fyersModel","message":{"Status Code":200,"API":"/history"},"timestamp":"2026-05-27 15:14:00,274+0530","service":"FyersAPIRequest"}
{"level":"DEBUG","location":"[get_call:159] fyersModel","message":{"Status Code":200,"API":"/history"},"timestamp":"2026-05-27 15:14:00,546+0530","service":"FyersAPIRequest"}
{"level":"DEBUG","location":"[get_call:159] fyersModel","message":{"Status Code":422,"API":"/history"},"timestamp":"2026-05-27 15:14:00,799+0530","service":"FyersAPIRequest"}
{"level":"DEBUG","location":"[get_call:159] fyersModel","message":{"Status Code":422,"API":"/history"},"timestamp":"2026-05-27 15:14:00,886+0530","service":"FyersAPIRequest"}
{"level":"DEBUG","location":"[get_call:159] fyersModel","message":{"Status Code":422,"API":"/history"},"timestamp":"2026-05-27 15:14:01,004+0530","service":"FyersAPIRequest"}
{"level":"DEBUG","location":"[get_call:159] fyersModel","message":{"Status Code":422,"API":"/history"},"timestamp":"2026-05-27 15:14:01,106+0530","service":"FyersAPIRequest"}
{"level":"DEBUG","location":"[get_call:159] fyersModel","message":{"Status Code":422,"API":"/history"},"timestamp":"2026-05-27 15:14:01,211+0530","service":"FyersAPIRequest"}
{"level":"DEBUG","location":"[get_call:159] fyersModel","message":{"Status Code":422,"API":"/history"},"timestamp":"2026-05-27 15:14:01,306+0530","service":"FyersAPIRequest"}
{"level":"DEBUG","location":"[get_call:159] fyersModel","message":{"Status Code":422,"API":"/history"},"timestamp":"2026-05-27 15:14:01,402+0530","service":"FyersAPIRequest"}
{"level":"DEBUG","location":"[get_call:159] fyersModel","message":{"Status Code":422,"API":"/history"},"timestamp":"2026-05-27 15:14:01,528+0530","service":"FyersAPIRequest"}
{"level":"DEBUG","location":"[get_call:159] fyersModel","message":{"Status Code":422,"API":"/history"},"timestamp":"2026-05-27 15:14:01,627+0530","service":"FyersAPIRequest"}
{"level":"DEBUG","location":"[get_call:159] fyersModel","message":{"Status Code":422,"API":"/history"},"timestamp":"2026-05-27 15:14:01,739+0530","service":"FyersAPIRequest"}
{"level":"DEBUG","location":"[get_call:159] fyersModel","message":{"Status Code":422,"API":"/history"},"timestamp":"2026-05-27 15:14:01,832+0530","service":"FyersAPIRequest"}
{"level":"DEBUG","location":"[get_call:159] fyersModel","message":{"Status Code":200,"API":"/history"},"timestamp":"2026-05-27 15:14:02,051+0530","service":"FyersAPIRequest"}
{"level":"DEBUG","location":"[get_call:159] fyersModel","message":{"Status Code":200,"API":"/history"},"timestamp":"2026-05-27 15:14:02,303+0530","service":"FyersAPIRequest"}
{"level":"DEBUG","location":"[get_call:159] fyersModel","message":{"Status Code":200,"API":"/history"},"timestamp":"2026-05-27 15:14:02,572+0530","service":"FyersAPIRequest"}
{"level":"DEBUG","location":"[get_call:159] fyersModel","message":{"Status Code":200,"API":"/history"},"timestamp":"2026-05-27 15:14:02,859+0530","service":"FyersAPIRequest"}
{"level":"DEBUG","location":"[get_call:159] fyersModel","message":{"Status Code":200,"API":"/history"},"timestamp":"2026-05-27 15:14:03,136+0530","service":"FyersAPIRequest"}
{"level":"DEBUG","location":"[get_call:159] fyersModel","message":{"Status Code":200,"API":"/history"},"timestamp":"2026-05-27 15:14:03,403+0530","service":"FyersAPIRequest"}
{"level":"DEBUG","location":"[get_call:159] fyersModel","message":{"Status Code":200,"API":"/history"},"timestamp":"2026-05-27 15:14:03,659+0530","service":"FyersAPIRequest"}
{"level":"DEBUG","location":"[get_call:159] fyersModel","message":{"Status Code":200,"API":"/history"},"timestamp":"2026-05-27 15:14:03,927+0530","service":"FyersAPIRequest"}
{"level":"DEBUG","location":"[get_call:159] fyersModel","message":{"Status Code":200,"API":"/history"},"timestamp":"2026-05-27 15:14:04,202+0530","service":"FyersAPIRequest"}
{"level":"DEBUG","location":"[get_call:159] fyersModel","message":{"Status Code":200,"API":"/history"},"timestamp":"2026-05-27 15:14:04,470+0530","service":"FyersAPIRequest"}
{"level":"DEBUG","location":"[get_call:159] fyersModel","message":{"Status Code":200,"API":"/history"},"timestamp":"2026-05-27 15:14:04,742+0530","service":"FyersAPIRequest"}
{"level":"DEBUG","location":"[get_call:159] fyersModel","message":{"Status Code":200,"API":"/history"},"timestamp":"2026-05-27 15:14:05,008+0530","service":"FyersAPIRequest"}
{"level":"DEBUG","location":"[get_call:159] fyersModel","message":{"Status Code":200,"API":"/history"},"timestamp":"2026-05-27 15:14:05,302+0530","service":"FyersAPIRequest"}
{"level":"DEBUG","location":"[get_call:159] fyersModel","message":{"Status Code":200,"API":"/history"},"timestamp":"2026-05-27 15:14:05,564+0530","service":"FyersAPIRequest"}
{"level":"DEBUG","location":"[get_call:159] fyersModel","message":{"Status Code":200,"API":"/history"},"timestamp":"2026-05-27 15:14:05,876+0530","service":"FyersAPIRequest"}
{"level":"DEBUG","location":"[get_call:159] fyersModel","message":{"Status Code":200,"API":"/history"},"timestamp":"2026-05-27 15:14:06,146+0530","service":"FyersAPIRequest"}
{"level":"DEBUG","location":"[get_call:159] fyersModel","message":{"Status Code":200,"API":"/history"},"timestamp":"2026-05-27 15:14:06,434+0530","service":"FyersAPIRequest"}
{"level":"DEBUG","location":"[get_call:159] fyersModel","message":{"Status Code":200,"API":"/history"},"timestamp":"2026-05-27 15:14:06,702+0530","service":"FyersAPIRequest"}
{"level":"DEBUG","location":"[get_call:159] fyersModel","message":{"Status Code":200,"API":"/history"},"timestamp":"2026-05-27 15:14:06,968+0530","service":"FyersAPIRequest"}
{"level":"DEBUG","location":"[get_call:159] fyersModel","message":{"Status Code":200,"API":"/history"},"timestamp":"2026-05-27 15:14:07,250+0530","service":"FyersAPIRequest"}
{"level":"DEBUG","location":"[get_call:159] fyersModel","message":{"Status Code":200,"API":"/history"},"timestamp":"2026-05-27 15:14:07,499+0530","service":"FyersAPIRequest"}
{"level":"DEBUG","location":"[get_call:159] fyersModel","message":{"Status Code":200,"API":"/history"},"timestamp":"2026-05-27 15:14:07,783+0530","service":"FyersAPIRequest"}
{"level":"DEBUG","location":"[get_call:159] fyersModel","message":{"Status Code":200,"API":"/history"},"timestamp":"2026-05-27 15:14:08,053+0530","service":"FyersAPIRequest"}
{"level":"DEBUG","location":"[get_call:159] fyersModel","message":{"Status Code":200,"API":"/history"},"timestamp":"2026-05-27 15:14:08,351+0530","service":"FyersAPIRequest"}
{"level":"DEBUG","location":"[get_call:159] fyersModel","message":{"Status Code":200,"API":"/history"},"timestamp":"2026-05-27 15:14:08,613+0530","service":"FyersAPIRequest"}
{"level":"DEBUG","location":"[get_call:159] fyersModel","message":{"Status Code":200,"API":"/history"},"timestamp":"2026-05-27 15:14:09,013+0530","service":"FyersAPIRequest"}
{"level":"DEBUG","location":"[get_call:159] fyersModel","message":{"Status Code":200,"API":"/history"},"timestamp":"2026-05-27 15:14:09,292+0530","service":"FyersAPIRequest"}
{"level":"DEBUG","location":"[get_call:159] fyersModel","message":{"Status Code":200,"API":"/history"},"timestamp":"2026-05-27 15:14:09,557+0530","service":"FyersAPIRequest"}
{"level":"DEBUG","location":"[get_call:159] fyersModel","message":{"Status Code":200,"API":"/history"},"timestamp":"2026-05-27 15:14:09,859+0530","service":"FyersAPIRequest"}
{"level":"DEBUG","location":"[get_call:159] fyersModel","message":{"Status Code":200,"API":"/history"},"timestamp":"2026-05-27 15:14:10,162+0530","service":"FyersAPIRequest"}
{"level":"DEBUG","location":"[get_call:159] fyersModel","message":{"Status Code":200,"API":"/history"},"timestamp":"2026-05-27 15:14:10,456+0530","service":"FyersAPIRequest"}
{"level":"DEBUG","location":"[get_call:159] fyersModel","message":{"Status Code":200,"API":"/history"},"timestamp":"2026-05-27 15:14:10,746+0530","service":"FyersAPIRequest"}
{"level":"DEBUG","location":"[get_call:159] fyersModel","message":{"Status Code":200,"API":"/history"},"timestamp":"2026-05-27 15:14:11,046+0530","service":"FyersAPIRequest"}
{"level":"DEBUG","location":"[get_call:159] fyersModel","message":{"Status Code":200,"API":"/history"},"timestamp":"2026-05-27 15:14:11,316+0530","service":"FyersAPIRequest"}
{"level":"DEBUG","location":"[get_call:159] fyersModel","message":{"Status Code":200,"API":"/history"},"timestamp":"2026-05-27 15:14:11,634+0530","service":"FyersAPIRequest"}
{"level":"DEBUG","location":"[get_call:159] fyersModel","message":{"Status Code":200,"API":"/history"},"timestamp":"2026-05-27 15:14:11,903+0530","service":"FyersAPIRequest"}
{"level":"DEBUG","location":"[get_call:159] fyersModel","message":{"Status Code":200,"API":"/history"},"timestamp":"2026-05-27 15:14:12,168+0530","service":"FyersAPIRequest"}
{"level":"DEBUG","location":"[get_call:159] fyersModel","message":{"Status Code":200,"API":"/history"},"timestamp":"2026-05-27 15:14:12,424+0530","service":"FyersAPIRequest"}
{"level":"DEBUG","location":"[get_call:159] fyersModel","message":{"Status Code":200,"API":"/history"},"timestamp":"2026-05-27 15:14:12,686+0530","service":"FyersAPIRequest"}
{"level":"DEBUG","location":"[get_call:159] fyersModel","message":{"Status Code":200,"API":"/history"},"timestamp":"2026-05-27 15:14:12,967+0530","service":"FyersAPIRequest"}
{"level":"DEBUG","location":"[get_call:159] fyersModel","message":{"Status Code":200,"API":"/history"},"timestamp":"2026-05-27 15:14:13,237+0530","service":"FyersAPIRequest"}
{"level":"DEBUG","location":"[get_call:159] fyersModel","message":{"Status Code":200,"API":"/history"},"timestamp":"2026-05-27 15:14:13,497+0530","service":"FyersAPIRequest"}
{"level":"DEBUG","location":"[get_call:159] fyersModel","message":{"Status Code":200,"API":"/history"},"timestamp":"2026-05-27 15:14:13,804+0530","service":"FyersAPIRequest"}
{"level":"DEBUG","location":"[get_call:159] fyersModel","message":{"Status Code":200,"API":"/history"},"timestamp":"2026-05-27 15:14:14,079+0530","service":"FyersAPIRequest"}
{"level":"DEBUG","location":"[get_call:159] fyersModel","message":{"Status Code":200,"API":"/history"},"timestamp":"2026-05-27 15:14:14,371+0530","service":"FyersAPIRequest"}
{"level":"DEBUG","location":"[get_call:159] fyersModel","message":{"Status Code":200,"API":"/history"},"timestamp":"2026-05-27 15:14:14,630+0530","service":"FyersAPIRequest"}
{"level":"DEBUG","location":"[get_call:159] fyersModel","message":{"Status Code":200,"API":"/history"},"timestamp":"2026-05-27 15:14:14,909+0530","service":"FyersAPIRequest"}
{"level":"DEBUG","location":"[get_call:159] fyersModel","message":{"Status Code":200,"API":"/history"},"timestamp":"2026-05-27 15:14:15,199+0530","service":"FyersAPIRequest"}
{"level":"DEBUG","location":"[get_call:159] fyersModel","message":{"Status Code":200,"API":"/history"},"timestamp":"2026-05-27 15:14:15,471+0530","service":"FyersAPIRequest"}
{"level":"DEBUG","location":"[get_call:159] fyersModel","message":{"Status Code":200,"API":"/history"},"timestamp":"2026-05-27 15:14:15,715+0530","service":"FyersAPIRequest"}
{"level":"DEBUG","location":"[get_call:159] fyersModel","message":{"Status Code":200,"API":"/history"},"timestamp":"2026-05-27 15:14:15,996+0530","service":"FyersAPIRequest"}
{"level":"DEBUG","location":"[get_call:159] fyersModel","message":{"Status Code":200,"API":"/history"},"timestamp":"2026-05-27 15:14:16,302+0530","service":"FyersAPIRequest"}
{"level":"DEBUG","location":"[get_call:159] fyersModel","message":{"Status Code":200,"API":"/history"},"timestamp":"2026-05-27 15:14:16,564+0530","service":"FyersAPIRequest"}
{"level":"DEBUG","location":"[get_call:159] fyersModel","message":{"Status Code":200,"API":"/history"},"timestamp":"2026-05-27 15:14:16,844+0530","service":"FyersAPIRequest"}
{"level":"DEBUG","location":"[get_call:159] fyersModel","message":{"Status Code":200,"API":"/history"},"timestamp":"2026-05-27 15:14:17,117+0530","service":"FyersAPIRequest"}
{"level":"DEBUG","location":"[get_call:159] fyersModel","message":{"Status Code":200,"API":"/history"},"timestamp":"2026-05-27 15:14:17,421+0530","service":"FyersAPIRequest"}
{"level":"DEBUG","location":"[get_call:159] fyersModel","message":{"Status Code":200,"API":"/history"},"timestamp":"2026-05-27 15:14:17,692+0530","service":"FyersAPIRequest"}
{"level":"DEBUG","location":"[get_call:159] fyersModel","message":{"Status Code":200,"API":"/history"},"timestamp":"2026-05-27 15:14:17,974+0530","service":"FyersAPIRequest"}
{"level":"DEBUG","location":"[get_call:159] fyersModel","message":{"Status Code":200,"API":"/history"},"timestamp":"2026-05-27 15:14:18,225+0530","service":"FyersAPIRequest"}
{"level":"DEBUG","location":"[get_call:159] fyersModel","message":{"Status Code":200,"API":"/history"},"timestamp":"2026-05-27 15:14:18,490+0530","service":"FyersAPIRequest"}
{"level":"DEBUG","location":"[get_call:159] fyersModel","message":{"Status Code":200,"API":"/history"},"timestamp":"2026-05-27 15:14:18,745+0530","service":"FyersAPIRequest"}
{"level":"DEBUG","location":"[get_call:159] fyersModel","message":{"Status Code":200,"API":"/history"},"timestamp":"2026-05-27 15:14:19,009+0530","service":"FyersAPIRequest"}
{"level":"DEBUG","location":"[get_call:159] fyersModel","message":{"Status Code":200,"API":"/history"},"timestamp":"2026-05-27 15:14:19,274+0530","service":"FyersAPIRequest"}
{"level":"DEBUG","location":"[get_call:159] fyersModel","message":{"Status Code":200,"API":"/history"},"timestamp":"2026-05-27 15:14:19,561+0530","service":"FyersAPIRequest"}
{"level":"DEBUG","location":"[get_call:159] fyersModel","message":{"Status Code":200,"API":"/history"},"timestamp":"2026-05-27 15:14:19,840+0530","service":"FyersAPIRequest"}
{"level":"DEBUG","location":"[get_call:159] fyersModel","message":{"Status Code":200,"API":"/history"},"timestamp":"2026-05-27 15:14:20,111+0530","service":"FyersAPIRequest"}
{"level":"DEBUG","location":"[get_call:159] fyersModel","message":{"Status Code":200,"API":"/history"},"timestamp":"2026-05-27 15:14:20,380+0530","service":"FyersAPIRequest"}
{"level":"DEBUG","location":"[get_call:159] fyersModel","message":{"Status Code":200,"API":"/history"},"timestamp":"2026-05-27 15:14:20,640+0530","service":"FyersAPIRequest"}
{"level":"DEBUG","location":"[get_call:159] fyersModel","message":{"Status Code":200,"API":"/history"},"timestamp":"2026-05-27 15:14:20,918+0530","service":"FyersAPIRequest"}
{"level":"DEBUG","location":"[get_call:159] fyersModel","message":{"Status Code":200,"API":"/history"},"timestamp":"2026-05-27 15:14:21,177+0530","service":"FyersAPIRequest"}
{"level":"DEBUG","location":"[get_call:159] fyersModel","message":{"Status Code":200,"API":"/history"},"timestamp":"2026-05-27 15:14:21,464+0530","service":"FyersAPIRequest"}
{"level":"DEBUG","location":"[get_call:159] fyersModel","message":{"Status Code":200,"API":"/history"},"timestamp":"2026-05-27 15:14:21,759+0530","service":"FyersAPIRequest"}
{"level":"DEBUG","location":"[get_call:159] fyersModel","message":{"Status Code":200,"API":"/history"},"timestamp":"2026-05-27 15:14:22,032+0530","service":"FyersAPIRequest"}
{"level":"DEBUG","location":"[get_call:159] fyersModel","message":{"Status Code":200,"API":"/history"},"timestamp":"2026-05-27 15:14:22,329+0530","service":"FyersAPIRequest"}
{"level":"DEBUG","location":"[get_call:159] fyersModel","message":{"Status Code":200,"API":"/history"},"timestamp":"2026-05-27 15:14:22,591+0530","service":"FyersAPIRequest"}
{"level":"DEBUG","location":"[get_call:159] fyersModel","message":{"Status Code":200,"API":"/history"},"timestamp":"2026-05-27 15:14:22,864+0530","service":"FyersAPIRequest"}
{"level":"DEBUG","location":"[get_call:159] fyersModel","message":{"Status Code":200,"API":"/history"},"timestamp":"2026-05-27 15:14:23,119+0530","service":"FyersAPIRequest"}
{"level":"DEBUG","location":"[get_call:159] fyersModel","message":{"Status Code":200,"API":"/history"},"timestamp":"2026-05-27 15:14:23,376+0530","service":"FyersAPIRequest"}
{"level":"DEBUG","location":"[get_call:159] fyersModel","message":{"Status Code":200,"API":"/history"},"timestamp":"2026-05-27 15:14:23,645+0530","service":"FyersAPIRequest"}
{"level":"DEBUG","location":"[get_call:159] fyersModel","message":{"Status Code":200,"API":"/history"},"timestamp":"2026-05-27 15:14:23,925+0530","service":"FyersAPIRequest"}
{"level":"DEBUG","location":"[get_call:159] fyersModel","message":{"Status Code":200,"API":"/history"},"timestamp":"2026-05-27 15:14:24,224+0530","service":"FyersAPIRequest"}
{"level":"DEBUG","location":"[get_call:159] fyersModel","message":{"Status Code":200,"API":"/history"},"timestamp":"2026-05-27 15:14:24,498+0530","service":"FyersAPIRequest"}
{"level":"DEBUG","location":"[get_call:159] fyersModel","message":{"Status Code":200,"API":"/history"},"timestamp":"2026-05-27 15:14:24,752+0530","service":"FyersAPIRequest"}
{"level":"DEBUG","location":"[get_call:159] fyersModel","message":{"Status Code":200,"API":"/history"},"timestamp":"2026-05-27 15:14:25,042+0530","service":"FyersAPIRequest"}
{"level":"DEBUG","location":"[get_call:159] fyersModel","message":{"Status Code":200,"API":"/history"},"timestamp":"2026-05-27 15:14:25,318+0530","service":"FyersAPIRequest"}
{"level":"DEBUG","location":"[get_call:159] fyersModel","message":{"Status Code":200,"API":"/history"},"timestamp":"2026-05-27 15:14:25,604+0530","service":"FyersAPIRequest"}
{"level":"DEBUG","location":"[get_call:159] fyersModel","message":{"Status Code":200,"API":"/history"},"timestamp":"2026-05-27 15:14:25,883+0530","service":"FyersAPIRequest"}
{"level":"DEBUG","location":"[get_call:159] fyersModel","message":{"Status Code":200,"API":"/history"},"timestamp":"2026-05-27 15:14:26,156+0530","service":"FyersAPIRequest"}
{"level":"DEBUG","location":"[get_call:159] fyersModel","message":{"Status Code":200,"API":"/history"},"timestamp":"2026-05-27 15:14:26,435+0530","service":"FyersAPIRequest"}
{"level":"DEBUG","location":"[get_call:159] fyersModel","message":{"Status Code":200,"API":"/history"},"timestamp":"2026-05-27 15:14:26,702+0530","service":"FyersAPIRequest"}
{"level":"DEBUG","location":"[get_call:159] fyersModel","message":{"Status Code":200,"API":"/history"},"timestamp":"2026-05-27 15:14:26,997+0530","service":"FyersAPIRequest"}
{"level":"DEBUG","location":"[get_call:159] fyersModel","message":{"Status Code":200,"API":"/history"},"timestamp":"2026-05-27 15:14:27,264+0530","service":"FyersAPIRequest"}
{"level":"DEBUG","location":"[get_call:159] fyersModel","message":{"Status Code":200,"API":"/history"},"timestamp":"2026-05-27 15:14:27,612+0530","service":"FyersAPIRequest"}
{"level":"DEBUG","location":"[get_call:159] fyersModel","message":{"Status Code":200,"API":"/history"},"timestamp":"2026-05-27 15:14:27,882+0530","service":"FyersAPIRequest"}
{"level":"DEBUG","location":"[get_call:159] fyersModel","message":{"Status Code":200,"API":"/history"},"timestamp":"2026-05-27 15:14:28,146+0530","service":"FyersAPIRequest"}
{"level":"DEBUG","location":"[get_call:159] fyersModel","message":{"Status Code":200,"API":"/history"},"timestamp":"2026-05-27 15:14:28,414+0530","service":"FyersAPIRequest"}
{"level":"DEBUG","location":"[get_call:159] fyersModel","message":{"Status Code":200,"API":"/history"},"timestamp":"2026-05-27 15:14:28,676+0530","service":"FyersAPIRequest"}
{"level":"DEBUG","location":"[get_call:159] fyersModel","message":{"Status Code":200,"API":"/history"},"timestamp":"2026-05-27 15:14:28,949+0530","service":"FyersAPIRequest"}
{"level":"DEBUG","location":"[get_call:159] fyersModel","message":{"Status Code":200,"API":"/history"},"timestamp":"2026-05-27 15:14:29,228+0530","service":"FyersAPIRequest"}
{"level":"DEBUG","location":"[get_call:159] fyersModel","message":{"Status Code":200,"API":"/history"},"timestamp":"2026-05-27 15:14:29,506+0530","service":"FyersAPIRequest"}
{"level":"DEBUG","location":"[get_call:159] fyersModel","message":{"Status Code":200,"API":"/history"},"timestamp":"2026-05-27 15:14:29,787+0530","service":"FyersAPIRequest"}
{"level":"DEBUG","location":"[get_call:159] fyersModel","message":{"Status Code":200,"API":"/history"},"timestamp":"2026-05-27 15:14:30,041+0530","service":"FyersAPIRequest"}
{"level":"DEBUG","location":"[get_call:159] fyersModel","message":{"Status Code":200,"API":"/history"},"timestamp":"2026-05-27 15:14:30,313+0530","service":"FyersAPIRequest"}
{"level":"DEBUG","location":"[get_call:159] fyersModel","message":{"Status Code":200,"API":"/history"},"timestamp":"2026-05-27 15:14:30,586+0530","service":"FyersAPIRequest"}
{"level":"DEBUG","location":"[get_call:159] fyersModel","message":{"Status Code":200,"API":"/history"},"timestamp":"2026-05-27 15:14:30,858+0530","service":"FyersAPIRequest"}
{"level":"DEBUG","location":"[get_call:159] fyersModel","message":{"Status Code":200,"API":"/history"},"timestamp":"2026-05-27 15:14:31,168+0530","service":"FyersAPIRequest"}
{"level":"DEBUG","location":"[get_call:159] fyersModel","message":{"Status Code":200,"API":"/history"},"timestamp":"2026-05-27 15:14:31,440+0530","service":"FyersAPIRequest"}
{"level":"DEBUG","location":"[get_call:159] fyersModel","message":{"Status Code":200,"API":"/history"},"timestamp":"2026-05-27 15:14:31,710+0530","service":"FyersAPIRequest"}
{"level":"DEBUG","location":"[get_call:159] fyersModel","message":{"Status Code":200,"API":"/history"},"timestamp":"2026-05-27 15:14:31,972+0530","service":"FyersAPIRequest"}
{"level":"DEBUG","location":"[get_call:159] fyersModel","message":{"Status Code":200,"API":"/history"},"timestamp":"2026-05-27 15:14:32,251+0530","service":"FyersAPIRequest"}
{"level":"DEBUG","location":"[get_call:159] fyersModel","message":{"Status Code":200,"API":"/history"},"timestamp":"2026-05-27 15:14:32,514+0530","service":"FyersAPIRequest"}
{"level":"DEBUG","location":"[get_call:159] fyersModel","message":{"Status Code":200,"API":"/history"},"timestamp":"2026-05-27 15:14:32,788+0530","service":"FyersAPIRequest"}
{"level":"DEBUG","location":"[get_call:159] fyersModel","message":{"Status Code":200,"API":"/history"},"timestamp":"2026-05-27 15:14:33,086+0530","service":"FyersAPIRequest"}
{"level":"DEBUG","location":"[get_call:159] fyersModel","message":{"Status Code":200,"API":"/history"},"timestamp":"2026-05-27 15:14:33,335+0530","service":"FyersAPIRequest"}
{"level":"DEBUG","location":"[get_call:159] fyersModel","message":{"Status Code":200,"API":"/history"},"timestamp":"2026-05-27 15:14:33,603+0530","service":"FyersAPIRequest"}
{"level":"DEBUG","location":"[get_call:159] fyersModel","message":{"Status Code":200,"API":"/history"},"timestamp":"2026-05-27 15:14:33,867+0530","service":"FyersAPIRequest"}
{"level":"DEBUG","location":"[get_call:159] fyersModel","message":{"Status Code":422,"API":"/history"},"timestamp":"2026-05-27 15:14:34,126+0530","service":"FyersAPIRequest"}
{"level":"DEBUG","location":"[get_call:159] fyersModel","message":{"Status Code":422,"API":"/history"},"timestamp":"2026-05-27 15:14:34,216+0530","service":"FyersAPIRequest"}
{"level":"DEBUG","location":"[get_call:159] fyersModel","message":{"Status Code":422,"API":"/history"},"timestamp":"2026-05-27 15:14:34,295+0530","service":"FyersAPIRequest"}
{"level":"DEBUG","location":"[get_call:159] fyersModel","message":{"Status Code":422,"API":"/history"},"timestamp":"2026-05-27 15:14:34,381+0530","service":"FyersAPIRequest"}
{"level":"DEBUG","location":"[get_call:159] fyersModel","message":{"Status Code":422,"API":"/history"},"timestamp":"2026-05-27 15:14:34,467+0530","service":"FyersAPIRequest"}
{"level":"DEBUG","location":"[get_call:159] fyersModel","message":{"Status Code":422,"API":"/history"},"timestamp":"2026-05-27 15:14:34,553+0530","service":"FyersAPIRequest"}
{"level":"DEBUG","location":"[get_call:159] fyersModel","message":{"Status Code":422,"API":"/history"},"timestamp":"2026-05-27 15:14:34,647+0530","service":"FyersAPIRequest"}
{"level":"DEBUG","location":"[get_call:159] fyersModel","message":{"Status Code":422,"API":"/history"},"timestamp":"2026-05-27 15:14:34,756+0530","service":"FyersAPIRequest"}
{"level":"DEBUG","location":"[get_call:159] fyersModel","message":{"Status Code":422,"API":"/history"},"timestamp":"2026-05-27 15:14:34,843+0530","service":"FyersAPIRequest"}
{"level":"DEBUG","location":"[get_call:159] fyersModel","message":{"Status Code":422,"API":"/history"},"timestamp":"2026-05-27 15:14:34,938+0530","service":"FyersAPIRequest"}
{"level":"DEBUG","location":"[get_call:159] fyersModel","message":{"Status Code":422,"API":"/history"},"timestamp":"2026-05-27 15:14:35,038+0530","service":"FyersAPIRequest"}
{"level":"DEBUG","location":"[get_call:159] fyersModel","message":{"Status Code":422,"API":"/history"},"timestamp":"2026-05-27 15:14:35,268+0530","service":"FyersAPIRequest"}
{"level":"DEBUG","location":"[get_call:159] fyersModel","message":{"Status Code":422,"API":"/history"},"timestamp":"2026-05-27 15:14:35,370+0530","service":"FyersAPIRequest"}
{"level":"DEBUG","location":"[get_call:159] fyersModel","message":{"Status Code":422,"API":"/history"},"timestamp":"2026-05-27 15:14:35,524+0530","service":"FyersAPIRequest"}
{"level":"DEBUG","location":"[get_call:159] fyersModel","message":{"Status Code":422,"API":"/history"},"timestamp":"2026-05-27 15:14:35,612+0530","service":"FyersAPIRequest"}
{"level":"DEBUG","location":"[get_call:159] fyersModel","message":{"Status Code":422,"API":"/history"},"timestamp":"2026-05-27 15:14:35,698+0530","service":"FyersAPIRequest"}
{"level":"DEBUG","location":"[get_call:159] fyersModel","message":{"Status Code":422,"API":"/history"},"timestamp":"2026-05-27 15:14:35,803+0530","service":"FyersAPIRequest"}
{"level":"DEBUG","location":"[get_call:159] fyersModel","message":{"Status Code":422,"API":"/history"},"timestamp":"2026-05-27 15:14:35,895+0530","service":"FyersAPIRequest"}
{"level":"DEBUG","location":"[get_call:159] fyersModel","message":{"Status Code":422,"API":"/history"},"timestamp":"2026-05-27 15:14:36,016+0530","service":"FyersAPIRequest"}
{"level":"DEBUG","location":"[get_call:159] fyersModel","message":{"Status Code":422,"API":"/history"},"timestamp":"2026-05-27 15:14:36,138+0530","service":"FyersAPIRequest"}
{"level":"DEBUG","location":"[get_call:159] fyersModel","message":{"Status Code":422,"API":"/history"},"timestamp":"2026-05-27 15:14:36,222+0530","service":"FyersAPIRequest"}
{"level":"DEBUG","location":"[get_call:159] fyersModel","message":{"Status Code":422,"API":"/history"},"timestamp":"2026-05-27 15:14:36,318+0530","service":"FyersAPIRequest"}
{"level":"DEBUG","location":"[get_call:159] fyersModel","message":{"Status Code":422,"API":"/history"},"timestamp":"2026-05-27 15:14:36,523+0530","service":"FyersAPIRequest"}
{"level":"DEBUG","location":"[get_call:159] fyersModel","message":{"Status Code":422,"API":"/history"},"timestamp":"2026-05-27 15:14:36,619+0530","service":"FyersAPIRequest"}
{"level":"DEBUG","location":"[get_call:159] fyersModel","message":{"Status Code":422,"API":"/history"},"timestamp":"2026-05-27 15:14:36,714+0530","service":"FyersAPIRequest"}
{"level":"DEBUG","location":"[get_call:159] fyersModel","message":{"Status Code":422,"API":"/history"},"timestamp":"2026-05-27 15:14:36,845+0530","service":"FyersAPIRequest"}
{"level":"DEBUG","location":"[get_call:159] fyersModel","message":{"Status Code":422,"API":"/history"},"timestamp":"2026-05-27 15:14:36,937+0530","service":"FyersAPIRequest"}
{"level":"DEBUG","location":"[get_call:159] fyersModel","message":{"Status Code":422,"API":"/history"},"timestamp":"2026-05-27 15:14:37,041+0530","service":"FyersAPIRequest"}
{"level":"DEBUG","location":"[get_call:159] fyersModel","message":{"Status Code":422,"API":"/history"},"timestamp":"2026-05-27 15:14:37,131+0530","service":"FyersAPIRequest"}
{"level":"DEBUG","location":"[get_call:159] fyersModel","message":{"Status Code":422,"API":"/history"},"timestamp":"2026-05-27 15:14:37,250+0530","service":"FyersAPIRequest"}
{"level":"DEBUG","location":"[get_call:159] fyersModel","message":{"Status Code":422,"API":"/history"},"timestamp":"2026-05-27 15:14:37,339+0530","service":"FyersAPIRequest"}
{"level":"DEBUG","location":"[get_call:159] fyersModel","message":{"Status Code":422,"API":"/history"},"timestamp":"2026-05-27 15:14:37,449+0530","service":"FyersAPIRequest"}
{"level":"DEBUG","location":"[get_call:159] fyersModel","message":{"Status Code":429,"API":"/history"},"timestamp":"2026-05-27 15:14:37,530+0530","service":"FyersAPIRequest"}
{"level":"DEBUG","location":"[get_call:159] fyersModel","message":{"Status Code":429,"API":"/history"},"timestamp":"2026-05-27 15:14:38,650+0530","service":"FyersAPIRequest"}
{"level":"DEBUG","location":"[get_call:159] fyersModel","message":{"Status Code":429,"API":"/history"},"timestamp":"2026-05-27 15:14:40,744+0530","service":"FyersAPIRequest"}
{"level":"DEBUG","location":"[get_call:159] fyersModel","message":{"Status Code":429,"API":"/history"},"timestamp":"2026-05-27 15:14:44,820+0530","service":"FyersAPIRequest"}
{"level":"DEBUG","location":"[get_call:159] fyersModel","message":{"Status Code":422,"API":"/history"},"timestamp":"2026-05-27 15:14:52,926+0530","service":"FyersAPIRequest"}
{"level":"DEBUG","location":"[get_call:159] fyersModel","message":{"Status Code":200,"API":"/history"},"timestamp":"2026-05-27 15:14:53,200+0530","service":"FyersAPIRequest"}
{"level":"DEBUG","location":"[get_call:159] fyersModel","message":{"Status Code":200,"API":"/history"},"timestamp":"2026-05-27 15:14:53,478+0530","service":"FyersAPIRequest"}
{"level":"DEBUG","location":"[get_call:159] fyersModel","message":{"Status Code":200,"API":"/history"},"timestamp":"2026-05-27 15:14:53,737+0530","service":"FyersAPIRequest"}
{"level":"DEBUG","location":"[get_call:159] fyersModel","message":{"Status Code":200,"API":"/history"},"timestamp":"2026-05-27 15:14:53,998+0530","service":"FyersAPIRequest"}
{"level":"DEBUG","location":"[get_call:159] fyersModel","message":{"Status Code":200,"API":"/history"},"timestamp":"2026-05-27 15:14:54,271+0530","service":"FyersAPIRequest"}
{"level":"DEBUG","location":"[get_call:159] fyersModel","message":{"Status Code":200,"API":"/history"},"timestamp":"2026-05-27 15:14:54,539+0530","service":"FyersAPIRequest"}
{"level":"DEBUG","location":"[get_call:159] fyersModel","message":{"Status Code":200,"API":"/history"},"timestamp":"2026-05-27 15:14:54,786+0530","service":"FyersAPIRequest"}
{"level":"DEBUG","location":"[get_call:159] fyersModel","message":{"Status Code":200,"API":"/history"},"timestamp":"2026-05-27 15:14:55,052+0530","service":"FyersAPIRequest"}
{"level":"DEBUG","location":"[get_call:159] fyersModel","message":{"Status Code":200,"API":"/history"},"timestamp":"2026-05-27 15:14:55,340+0530","service":"FyersAPIRequest"}
{"level":"DEBUG","location":"[get_call:159] fyersModel","message":{"Status Code":200,"API":"/history"},"timestamp":"2026-05-27 15:14:55,613+0530","service":"FyersAPIRequest"}
{"level":"DEBUG","location":"[get_call:159] fyersModel","message":{"Status Code":200,"API":"/history"},"timestamp":"2026-05-27 15:14:55,888+0530","service":"FyersAPIRequest"}
{"level":"DEBUG","location":"[get_call:159] fyersModel","message":{"Status Code":200,"API":"/history"},"timestamp":"2026-05-27 15:14:56,190+0530","service":"FyersAPIRequest"}
{"level":"DEBUG","location":"[get_call:159] fyersModel","message":{"Status Code":200,"API":"/history"},"timestamp":"2026-05-27 15:14:56,474+0530","service":"FyersAPIRequest"}
{"level":"DEBUG","location":"[get_call:159] fyersModel","message":{"Status Code":200,"API":"/history"},"timestamp":"2026-05-27 15:14:56,765+0530","service":"FyersAPIRequest"}
{"level":"DEBUG","location":"[get_call:159] fyersModel","message":{"Status Code":200,"API":"/history"},"timestamp":"2026-05-27 15:14:57,052+0530","service":"FyersAPIRequest"}
{"level":"DEBUG","location":"[get_call:159] fyersModel","message":{"Status Code":200,"API":"/history"},"timestamp":"2026-05-27 15:14:57,330+0530","service":"FyersAPIRequest"}
{"level":"DEBUG","location":"[get_call:159] fyersModel","message":{"Status Code":200,"API":"/history"},"timestamp":"2026-05-27 15:14:57,613+0530","service":"FyersAPIRequest"}
{"level":"DEBUG","location":"[get_call:159] fyersModel","message":{"Status Code":200,"API":"/history"},"timestamp":"2026-05-27 15:14:57,905+0530","service":"FyersAPIRequest"}
{"level":"DEBUG","location":"[get_call:159] fyersModel","message":{"Status Code":200,"API":"/history"},"timestamp":"2026-05-27 15:14:58,183+0530","service":"FyersAPIRequest"}
{"level":"DEBUG","location":"[get_call:159] fyersModel","message":{"Status Code":200,"API":"/history"},"timestamp":"2026-05-27 15:14:58,444+0530","service":"FyersAPIRequest"}
{"level":"DEBUG","location":"[get_call:159] fyersModel","message":{"Status Code":200,"API":"/history"},"timestamp":"2026-05-27 15:14:58,724+0530","service":"FyersAPIRequest"}
{"level":"DEBUG","location":"[get_call:159] fyersModel","message":{"Status Code":200,"API":"/history"},"timestamp":"2026-05-27 15:14:59,010+0530","service":"FyersAPIRequest"}
{"level":"DEBUG","location":"[get_call:159] fyersModel","message":{"Status Code":200,"API":"/history"},"timestamp":"2026-05-27 15:14:59,294+0530","service":"FyersAPIRequest"}
{"level":"DEBUG","location":"[get_call:159] fyersModel","message":{"Status Code":200,"API":"/history"},"timestamp":"2026-05-27 15:14:59,572+0530","service":"FyersAPIRequest"}
{"level":"DEBUG","location":"[get_call:159] fyersModel","message":{"Status Code":200,"API":"/history"},"timestamp":"2026-05-27 15:14:59,865+0530","service":"FyersAPIRequest"}
{"level":"DEBUG","location":"[get_call:159] fyersModel","message":{"Status Code":200,"API":"/history"},"timestamp":"2026-05-27 15:15:00,154+0530","service":"FyersAPIRequest"}
{"level":"DEBUG","location":"[get_call:159] fyersModel","message":{"Status Code":200,"API":"/history"},"timestamp":"2026-05-27 15:15:00,524+0530","service":"FyersAPIRequest"}
{"level":"DEBUG","location":"[get_call:159] fyersModel","message":{"Status Code":200,"API":"/history"},"timestamp":"2026-05-27 15:15:00,827+0530","service":"FyersAPIRequest"}
{"level":"DEBUG","location":"[get_call:159] fyersModel","message":{"Status Code":200,"API":"/history"},"timestamp":"2026-05-27 15:15:01,108+0530","service":"FyersAPIRequest"}
{"level":"DEBUG","location":"[get_call:159] fyersModel","message":{"Status Code":200,"API":"/history"},"timestamp":"2026-05-27 15:15:01,383+0530","service":"FyersAPIRequest"}
{"level":"DEBUG","location":"[get_call:159] fyersModel","message":{"Status Code":200,"API":"/history"},"timestamp":"2026-05-27 15:15:01,655+0530","service":"FyersAPIRequest"}
{"level":"DEBUG","location":"[get_call:159] fyersModel","message":{"Status Code":200,"API":"/history"},"timestamp":"2026-05-27 15:15:01,933+0530","service":"FyersAPIRequest"}
{"level":"DEBUG","location":"[get_call:159] fyersModel","message":{"Status Code":200,"API":"/history"},"timestamp":"2026-05-27 15:15:02,193+0530","service":"FyersAPIRequest"}
{"level":"DEBUG","location":"[post_call:100] fyersModel","message":{"Status Code":200,"API":"/orders/sync"},"timestamp":"2026-05-27 15:16:07,672+0530","service":"FyersAPIRequest"}
{"level":"DEBUG","location":"[get_call:159] fyersModel","message":{"Status Code":200,"API":"/orders"},"timestamp":"2026-05-27 15:16:07,724+0530","service":"FyersAPIRequest"}
{"level":"DEBUG","location":"[post_call:100] fyersModel","message":{"Status Code":200,"API":"/gtt/orders/sync"},"timestamp":"2026-05-27 15:16:07,788+0530","service":"FyersAPIRequest"}
{"level":"DEBUG","location":"[post_call:100] fyersModel","message":{"Status Code":200,"API":"/orders/sync"},"timestamp":"2026-05-27 15:16:07,849+0530","service":"FyersAPIRequest"}
{"level":"DEBUG","location":"[get_call:159] fyersModel","message":{"Status Code":200,"API":"/orders"},"timestamp":"2026-05-27 15:16:07,931+0530","service":"FyersAPIRequest"}
{"level":"DEBUG","location":"[post_call:100] fyersModel","message":{"Status Code":200,"API":"/gtt/orders/sync"},"timestamp":"2026-05-27 15:16:07,991+0530","service":"FyersAPIRequest"}
{"level":"DEBUG","location":"[post_call:100] fyersModel","message":{"Status Code":200,"API":"/orders/sync"},"timestamp":"2026-05-27 15:16:08,050+0530","service":"FyersAPIRequest"}
{"level":"DEBUG","location":"[get_call:159] fyersModel","message":{"Status Code":200,"API":"/orders"},"timestamp":"2026-05-27 15:16:08,110+0530","service":"FyersAPIRequest"}
{"level":"DEBUG","location":"[get_call:159] fyersModel","message":{"Status Code":200,"API":"/orders"},"timestamp":"2026-05-27 15:16:09,161+0530","service":"FyersAPIRequest"}
{"level":"DEBUG","location":"[post_call:100] fyersModel","message":{"Status Code":200,"API":"/gtt/orders/sync"},"timestamp":"2026-05-27 15:16:09,241+0530","service":"FyersAPIRequest"}
{"level":"DEBUG","location":"[get_call:159] fyersModel","message":{"Status Code":200,"API":"/positions"},"timestamp":"2026-05-28 01:25:13,459+0530","service":"FyersAPIRequest"}
{"level":"DEBUG","location":"[get_call:159] fyersModel","message":{"Status Code":200,"API":"/orders"},"timestamp":"2026-05-28 01:25:13,525+0530","service":"FyersAPIRequest"}
{"level":"DEBUG","location":"[get_call:159] fyersModel","message":{"Status Code":200,"API":"/positions"},"timestamp":"2026-05-28 01:26:06,009+0530","service":"FyersAPIRequest"}
{"level":"DEBUG","location":"[get_call:159] fyersModel","message":{"Status Code":200,"API":"/orders"},"timestamp":"2026-05-28 01:26:06,060+0530","service":"FyersAPIRequest"}
{"level":"DEBUG","location":"[get_call:159] fyersModel","message":{"Status Code":200,"API":"/orders"},"timestamp":"2026-05-28 01:26:06,115+0530","service":"FyersAPIRequest"}
{"level":"DEBUG","location":"[get_call:159] fyersModel","message":{"Status Code":200,"API":"/holdings"},"timestamp":"2026-05-28 01:26:06,165+0530","service":"FyersAPIRequest"}
{"level":"DEBUG","location":"[get_call:159] fyersModel","message":{"Status Code":200,"API":"/tradebook"},"timestamp":"2026-05-28 01:26:06,714+0530","service":"FyersAPIRequest"}
{"level":"DEBUG","location":"[get_call:159] fyersModel","message":{"Status Code":200,"API":"/funds"},"timestamp":"2026-05-28 01:26:07,272+0530","service":"FyersAPIRequest"}
{"level":"DEBUG","location":"[get_call:159] fyersModel","message":{"Status Code":200,"API":"/positions"},"timestamp":"2026-05-28 01:26:07,318+0530","service":"FyersAPIRequest"}
{"level":"DEBUG","location":"[get_call:159] fyersModel","message":{"Status Code":200,"API":"/orders"},"timestamp":"2026-05-28 01:26:07,409+0530","service":"FyersAPIRequest"}
{"level":"DEBUG","location":"[get_call:159] fyersModel","message":{"Status Code":200,"API":"/orders"},"timestamp":"2026-05-28 01:26:07,461+0530","service":"FyersAPIRequest"}
{"level":"DEBUG","location":"[get_call:159] fyersModel","message":{"Status Code":200,"API":"/holdings"},"timestamp":"2026-05-28 01:26:07,508+0530","service":"FyersAPIRequest"}
{"level":"DEBUG","location":"[get_call:159] fyersModel","message":{"Status Code":200,"API":"/tradebook"},"timestamp":"2026-05-28 01:26:08,067+0530","service":"FyersAPIRequest"}
{"level":"DEBUG","location":"[get_call:159] fyersModel","message":{"Status Code":200,"API":"/funds"},"timestamp":"2026-05-28 01:26:08,618+0530","service":"FyersAPIRequest"}
{"level":"DEBUG","location":"[get_call:159] fyersModel","message":{"Status Code":200,"API":"/positions"},"timestamp":"2026-05-28 01:26:08,999+0530","service":"FyersAPIRequest"}
{"level":"DEBUG","location":"[get_call:159] fyersModel","message":{"Status Code":200,"API":"/orders"},"timestamp":"2026-05-28 01:26:09,053+0530","service":"FyersAPIRequest"}
{"level":"DEBUG","location":"[get_call:159] fyersModel","message":{"Status Code":200,"API":"/orders"},"timestamp":"2026-05-28 01:26:09,110+0530","service":"FyersAPIRequest"}
{"level":"DEBUG","location":"[get_call:159] fyersModel","message":{"Status Code":200,"API":"/holdings"},"timestamp":"2026-05-28 01:26:09,158+0530","service":"FyersAPIRequest"}
{"level":"DEBUG","location":"[get_call:159] fyersModel","message":{"Status Code":200,"API":"/tradebook"},"timestamp":"2026-05-28 01:26:09,709+0530","service":"FyersAPIRequest"}
{"level":"DEBUG","location":"[get_call:159] fyersModel","message":{"Status Code":200,"API":"/funds"},"timestamp":"2026-05-28 01:26:10,265+0530","service":"FyersAPIRequest"}
{"level":"DEBUG","location":"[get_call:159] fyersModel","message":{"Status Code":200,"API":"/positions"},"timestamp":"2026-06-01 23:49:45,312+0530","service":"FyersAPIRequest"}
{"level":"DEBUG","location":"[get_call:159] fyersModel","message":{"Status Code":200,"API":"/orders"},"timestamp":"2026-06-01 23:49:45,362+0530","service":"FyersAPIRequest"}
{"level":"DEBUG","location":"[get_call:159] fyersModel","message":{"Status Code":200,"API":"/orders"},"timestamp":"2026-06-01 23:49:45,427+0530","service":"FyersAPIRequest"}
{"level":"DEBUG","location":"[get_call:159] fyersModel","message":{"Status Code":200,"API":"/holdings"},"timestamp":"2026-06-01 23:49:45,480+0530","service":"FyersAPIRequest"}
{"level":"DEBUG","location":"[get_call:159] fyersModel","message":{"Status Code":200,"API":"/tradebook"},"timestamp":"2026-06-01 23:49:46,028+0530","service":"FyersAPIRequest"}
{"level":"DEBUG","location":"[get_call:159] fyersModel","message":{"Status Code":200,"API":"/funds"},"timestamp":"2026-06-01 23:49:46,587+0530","service":"FyersAPIRequest"}
{"level":"DEBUG","location":"[get_call:159] fyersModel","message":{"Status Code":200,"API":"/positions"},"timestamp":"2026-06-01 23:49:46,638+0530","service":"FyersAPIRequest"}
{"level":"DEBUG","location":"[get_call:159] fyersModel","message":{"Status Code":200,"API":"/orders"},"timestamp":"2026-06-01 23:49:46,685+0530","service":"FyersAPIRequest"}
{"level":"DEBUG","location":"[get_call:159] fyersModel","message":{"Status Code":200,"API":"/orders"},"timestamp":"2026-06-01 23:49:46,732+0530","service":"FyersAPIRequest"}
{"level":"DEBUG","location":"[get_call:159] fyersModel","message":{"Status Code":200,"API":"/holdings"},"timestamp":"2026-06-01 23:49:46,782+0530","service":"FyersAPIRequest"}
{"level":"DEBUG","location":"[get_call:159] fyersModel","message":{"Status Code":200,"API":"/tradebook"},"timestamp":"2026-06-01 23:49:47,335+0530","service":"FyersAPIRequest"}
{"level":"DEBUG","location":"[get_call:159] fyersModel","message":{"Status Code":200,"API":"/funds"},"timestamp":"2026-06-01 23:49:47,884+0530","service":"FyersAPIRequest"}
{"level":"DEBUG","location":"[get_call:159] fyersModel","message":{"Status Code":200,"API":"/positions"},"timestamp":"2026-06-01 23:50:52,177+0530","service":"FyersAPIRequest"}
{"level":"DEBUG","location":"[get_call:159] fyersModel","message":{"Status Code":200,"API":"/orders"},"timestamp":"2026-06-01 23:50:52,227+0530","service":"FyersAPIRequest"}
{"level":"DEBUG","location":"[get_call:159] fyersModel","message":{"Status Code":200,"API":"/orders"},"timestamp":"2026-06-01 23:50:52,278+0530","service":"FyersAPIRequest"}
{"level":"DEBUG","location":"[get_call:159] fyersModel","message":{"Status Code":200,"API":"/holdings"},"timestamp":"2026-06-01 23:50:52,330+0530","service":"FyersAPIRequest"}
{"level":"DEBUG","location":"[get_call:159] fyersModel","message":{"Status Code":200,"API":"/tradebook"},"timestamp":"2026-06-01 23:50:52,878+0530","service":"FyersAPIRequest"}
{"level":"DEBUG","location":"[get_call:159] fyersModel","message":{"Status Code":200,"API":"/funds"},"timestamp":"2026-06-01 23:50:53,430+0530","service":"FyersAPIRequest"}
{"level":"DEBUG","location":"[get_call:159] fyersModel","message":{"Status Code":200,"API":"/positions"},"timestamp":"2026-06-04 00:06:21,562+0530","service":"FyersAPIRequest"}
{"level":"DEBUG","location":"[get_call:159] fyersModel","message":{"Status Code":200,"API":"/orders"},"timestamp":"2026-06-04 00:06:21,632+0530","service":"FyersAPIRequest"}
{"level":"DEBUG","location":"[get_call:159] fyersModel","message":{"Status Code":200,"API":"/orders"},"timestamp":"2026-06-04 00:06:21,717+0530","service":"FyersAPIRequest"}
{"level":"DEBUG","location":"[get_call:159] fyersModel","message":{"Status Code":200,"API":"/holdings"},"timestamp":"2026-06-04 00:06:21,796+0530","service":"FyersAPIRequest"}
{"level":"DEBUG","location":"[get_call:159] fyersModel","message":{"Status Code":200,"API":"/tradebook"},"timestamp":"2026-06-04 00:06:22,382+0530","service":"FyersAPIRequest"}
{"level":"DEBUG","location":"[get_call:159] fyersModel","message":{"Status Code":200,"API":"/positions"},"timestamp":"2026-06-04 00:07:16,635+0530","service":"FyersAPIRequest"}
{"level":"DEBUG","location":"[get_call:159] fyersModel","message":{"Status Code":200,"API":"/orders"},"timestamp":"2026-06-04 00:07:16,752+0530","service":"FyersAPIRequest"}
{"level":"DEBUG","location":"[get_call:159] fyersModel","message":{"Status Code":200,"API":"/orders"},"timestamp":"2026-06-04 00:07:16,821+0530","service":"FyersAPIRequest"}
{"level":"DEBUG","location":"[get_call:159] fyersModel","message":{"Status Code":200,"API":"/holdings"},"timestamp":"2026-06-04 00:07:16,912+0530","service":"FyersAPIRequest"}
{"level":"DEBUG","location":"[get_call:159] fyersModel","message":{"Status Code":200,"API":"/tradebook"},"timestamp":"2026-06-04 00:07:17,481+0530","service":"FyersAPIRequest"}
{"level":"DEBUG","location":"[get_call:159] fyersModel","message":{"Status Code":200,"API":"/funds"},"timestamp":"2026-06-04 00:07:18,056+0530","service":"FyersAPIRequest"}
{"level":"DEBUG","location":"[get_call:159] fyersModel","message":{"Status Code":200,"API":"/positions"},"timestamp":"2026-06-04 00:07:18,140+0530","service":"FyersAPIRequest"}
{"level":"DEBUG","location":"[get_call:159] fyersModel","message":{"Status Code":200,"API":"/orders"},"timestamp":"2026-06-04 00:07:18,221+0530","service":"FyersAPIRequest"}
{"level":"DEBUG","location":"[get_call:159] fyersModel","message":{"Status Code":200,"API":"/orders"},"timestamp":"2026-06-04 00:07:18,304+0530","service":"FyersAPIRequest"}
{"level":"DEBUG","location":"[get_call:159] fyersModel","message":{"Status Code":200,"API":"/holdings"},"timestamp":"2026-06-04 00:07:18,416+0530","service":"FyersAPIRequest"}
{"level":"DEBUG","location":"[get_call:159] fyersModel","message":{"Status Code":200,"API":"/tradebook"},"timestamp":"2026-06-04 00:07:18,963+0530","service":"FyersAPIRequest"}
{"level":"DEBUG","location":"[get_call:159] fyersModel","message":{"Status Code":200,"API":"/funds"},"timestamp":"2026-06-04 00:07:19,540+0530","service":"FyersAPIRequest"}
{"level":"DEBUG","location":"[get_call:159] fyersModel","message":{"Status Code":200,"API":"/positions"},"timestamp":"2026-06-04 00:07:57,823+0530","service":"FyersAPIRequest"}
{"level":"DEBUG","location":"[get_call:159] fyersModel","message":{"Status Code":200,"API":"/orders"},"timestamp":"2026-06-04 00:07:57,991+0530","service":"FyersAPIRequest"}
{"level":"DEBUG","location":"[get_call:159] fyersModel","message":{"Status Code":200,"API":"/orders"},"timestamp":"2026-06-04 00:07:58,173+0530","service":"FyersAPIRequest"}
{"level":"DEBUG","location":"[get_call:159] fyersModel","message":{"Status Code":200,"API":"/holdings"},"timestamp":"2026-06-04 00:07:58,351+0530","service":"FyersAPIRequest"}
{"level":"DEBUG","location":"[get_call:159] fyersModel","message":{"Status Code":200,"API":"/tradebook"},"timestamp":"2026-06-04 00:07:59,053+0530","service":"FyersAPIRequest"}
{"level":"DEBUG","location":"[get_call:159] fyersModel","message":{"Status Code":200,"API":"/funds"},"timestamp":"2026-06-04 00:07:59,818+0530","service":"FyersAPIRequest"}
{"level":"DEBUG","location":"[get_call:159] fyersModel","message":{"Status Code":200,"API":"/positions"},"timestamp":"2026-06-04 00:08:01,194+0530","service":"FyersAPIRequest"}
{"level":"DEBUG","location":"[get_call:159] fyersModel","message":{"Status Code":200,"API":"/orders"},"timestamp":"2026-06-04 00:08:01,239+0530","service":"FyersAPIRequest"}
{"level":"DEBUG","location":"[get_call:159] fyersModel","message":{"Status Code":200,"API":"/orders"},"timestamp":"2026-06-04 00:08:01,286+0530","service":"FyersAPIRequest"}
{"level":"DEBUG","location":"[get_call:159] fyersModel","message":{"Status Code":200,"API":"/holdings"},"timestamp":"2026-06-04 00:08:01,484+0530","service":"FyersAPIRequest"}
{"level":"DEBUG","location":"[get_call:159] fyersModel","message":{"Status Code":200,"API":"/tradebook"},"timestamp":"2026-06-04 00:08:02,072+0530","service":"FyersAPIRequest"}
{"level":"DEBUG","location":"[get_call:159] fyersModel","message":{"Status Code":200,"API":"/funds"},"timestamp":"2026-06-04 00:08:02,631+0530","service":"FyersAPIRequest"}
{"level":"DEBUG","location":"[get_call:159] fyersModel","message":{"Status Code":200,"API":"/quotes"},"timestamp":"2026-06-04 00:08:02,733+0530","service":"FyersAPIRequest"}
{"level":"DEBUG","location":"[get_call:159] fyersModel","message":{"Status Code":200,"API":"/quotes"},"timestamp":"2026-06-04 00:08:02,805+0530","service":"FyersAPIRequest"}
{"level":"DEBUG","location":"[get_call:159] fyersModel","message":{"Status Code":200,"API":"/quotes"},"timestamp":"2026-06-04 00:08:02,890+0530","service":"FyersAPIRequest"}
{"level":"DEBUG","location":"[get_call:159] fyersModel","message":{"Status Code":200,"API":"/positions"},"timestamp":"2026-06-04 00:09:15,525+0530","service":"FyersAPIRequest"}
{"level":"DEBUG","location":"[get_call:159] fyersModel","message":{"Status Code":200,"API":"/orders"},"timestamp":"2026-06-04 00:09:15,600+0530","service":"FyersAPIRequest"}
{"level":"DEBUG","location":"[get_call:159] fyersModel","message":{"Status Code":200,"API":"/orders"},"timestamp":"2026-06-04 00:09:15,682+0530","service":"FyersAPIRequest"}
{"level":"DEBUG","location":"[get_call:159] fyersModel","message":{"Status Code":200,"API":"/holdings"},"timestamp":"2026-06-04 00:09:15,761+0530","service":"FyersAPIRequest"}
{"level":"DEBUG","location":"[get_call:159] fyersModel","message":{"Status Code":200,"API":"/tradebook"},"timestamp":"2026-06-04 00:09:16,330+0530","service":"FyersAPIRequest"}
{"level":"DEBUG","location":"[get_call:159] fyersModel","message":{"Status Code":200,"API":"/funds"},"timestamp":"2026-06-04 00:09:16,926+0530","service":"FyersAPIRequest"}
{"level":"DEBUG","location":"[get_call:159] fyersModel","message":{"Status Code":200,"API":"/positions"},"timestamp":"2026-06-04 00:09:16,994+0530","service":"FyersAPIRequest"}
{"level":"DEBUG","location":"[get_call:159] fyersModel","message":{"Status Code":200,"API":"/orders"},"timestamp":"2026-06-04 00:09:17,085+0530","service":"FyersAPIRequest"}
{"level":"DEBUG","location":"[get_call:159] fyersModel","message":{"Status Code":200,"API":"/orders"},"timestamp":"2026-06-04 00:09:17,158+0530","service":"FyersAPIRequest"}
{"level":"DEBUG","location":"[get_call:159] fyersModel","message":{"Status Code":200,"API":"/holdings"},"timestamp":"2026-06-04 00:09:17,240+0530","service":"FyersAPIRequest"}
{"level":"DEBUG","location":"[get_call:159] fyersModel","message":{"Status Code":200,"API":"/tradebook"},"timestamp":"2026-06-04 00:09:17,816+0530","service":"FyersAPIRequest"}
{"level":"DEBUG","location":"[get_call:159] fyersModel","message":{"Status Code":200,"API":"/funds"},"timestamp":"2026-06-04 00:09:18,392+0530","service":"FyersAPIRequest"}
{"level":"DEBUG","location":"[get_call:159] fyersModel","message":{"Status Code":200,"API":"/positions"},"timestamp":"2026-06-04 00:09:31,322+0530","service":"FyersAPIRequest"}
{"level":"DEBUG","location":"[get_call:159] fyersModel","message":{"Status Code":200,"API":"/orders"},"timestamp":"2026-06-04 00:09:31,388+0530","service":"FyersAPIRequest"}
{"level":"DEBUG","location":"[get_call:159] fyersModel","message":{"Status Code":200,"API":"/orders"},"timestamp":"2026-06-04 00:09:31,471+0530","service":"FyersAPIRequest"}
{"level":"DEBUG","location":"[get_call:159] fyersModel","message":{"Status Code":200,"API":"/holdings"},"timestamp":"2026-06-04 00:09:31,554+0530","service":"FyersAPIRequest"}
{"level":"DEBUG","location":"[get_call:159] fyersModel","message":{"Status Code":200,"API":"/tradebook"},"timestamp":"2026-06-04 00:09:32,138+0530","service":"FyersAPIRequest"}
{"level":"DEBUG","location":"[get_call:159] fyersModel","message":{"Status Code":200,"API":"/funds"},"timestamp":"2026-06-04 00:09:32,705+0530","service":"FyersAPIRequest"}
{"level":"DEBUG","location":"[get_call:159] fyersModel","message":{"Status Code":200,"API":"/positions"},"timestamp":"2026-06-04 00:09:34,189+0530","service":"FyersAPIRequest"}
{"level":"DEBUG","location":"[get_call:159] fyersModel","message":{"Status Code":200,"API":"/orders"},"timestamp":"2026-06-04 00:09:34,265+0530","service":"FyersAPIRequest"}
{"level":"DEBUG","location":"[get_call:159] fyersModel","message":{"Status Code":200,"API":"/orders"},"timestamp":"2026-06-04 00:09:34,350+0530","service":"FyersAPIRequest"}
{"level":"DEBUG","location":"[get_call:159] fyersModel","message":{"Status Code":200,"API":"/holdings"},"timestamp":"2026-06-04 00:09:34,437+0530","service":"FyersAPIRequest"}
{"level":"DEBUG","location":"[get_call:159] fyersModel","message":{"Status Code":200,"API":"/tradebook"},"timestamp":"2026-06-04 00:09:35,008+0530","service":"FyersAPIRequest"}
{"level":"DEBUG","location":"[get_call:159] fyersModel","message":{"Status Code":200,"API":"/funds"},"timestamp":"2026-06-04 00:09:35,584+0530","service":"FyersAPIRequest"}
{"level":"DEBUG","location":"[get_call:159] fyersModel","message":{"Status Code":200,"API":"/quotes"},"timestamp":"2026-06-04 00:09:35,666+0530","service":"FyersAPIRequest"}
{"level":"DEBUG","location":"[get_call:159] fyersModel","message":{"Status Code":200,"API":"/quotes"},"timestamp":"2026-06-04 00:09:35,850+0530","service":"FyersAPIRequest"}
{"level":"DEBUG","location":"[get_call:159] fyersModel","message":{"Status Code":200,"API":"/quotes"},"timestamp":"2026-06-04 00:09:35,925+0530","service":"FyersAPIRequest"}
{"level":"DEBUG","location":"[get_call:159] fyersModel","message":{"Status Code":200,"API":"/positions"},"timestamp":"2026-06-04 00:19:28,941+0530","service":"FyersAPIRequest"}
{"level":"DEBUG","location":"[get_call:159] fyersModel","message":{"Status Code":200,"API":"/orders"},"timestamp":"2026-06-04 00:19:29,010+0530","service":"FyersAPIRequest"}
{"level":"DEBUG","location":"[get_call:159] fyersModel","message":{"Status Code":200,"API":"/orders"},"timestamp":"2026-06-04 00:19:29,091+0530","service":"FyersAPIRequest"}
{"level":"DEBUG","location":"[get_call:159] fyersModel","message":{"Status Code":200,"API":"/holdings"},"timestamp":"2026-06-04 00:19:29,210+0530","service":"FyersAPIRequest"}
{"level":"DEBUG","location":"[get_call:159] fyersModel","message":{"Status Code":200,"API":"/tradebook"},"timestamp":"2026-06-04 00:19:29,816+0530","service":"FyersAPIRequest"}
{"level":"DEBUG","location":"[get_call:159] fyersModel","message":{"Status Code":200,"API":"/funds"},"timestamp":"2026-06-04 00:19:30,447+0530","service":"FyersAPIRequest"}
{"level":"DEBUG","location":"[get_call:159] fyersModel","message":{"Status Code":200,"API":"/positions"},"timestamp":"2026-06-04 00:19:30,493+0530","service":"FyersAPIRequest"}
{"level":"DEBUG","location":"[get_call:159] fyersModel","message":{"Status Code":200,"API":"/orders"},"timestamp":"2026-06-04 00:19:30,580+0530","service":"FyersAPIRequest"}
{"level":"DEBUG","location":"[get_call:159] fyersModel","message":{"Status Code":200,"API":"/orders"},"timestamp":"2026-06-04 00:19:30,655+0530","service":"FyersAPIRequest"}
{"level":"DEBUG","location":"[get_call:159] fyersModel","message":{"Status Code":200,"API":"/holdings"},"timestamp":"2026-06-04 00:19:30,738+0530","service":"FyersAPIRequest"}
{"level":"DEBUG","location":"[get_call:159] fyersModel","message":{"Status Code":200,"API":"/tradebook"},"timestamp":"2026-06-04 00:19:31,312+0530","service":"FyersAPIRequest"}
{"level":"DEBUG","location":"[get_call:159] fyersModel","message":{"Status Code":200,"API":"/funds"},"timestamp":"2026-06-04 00:19:31,888+0530","service":"FyersAPIRequest"}
{"level":"DEBUG","location":"[get_call:159] fyersModel","message":{"Status Code":200,"API":"/positions"},"timestamp":"2026-06-04 00:19:35,015+0530","service":"FyersAPIRequest"}
{"level":"DEBUG","location":"[get_call:159] fyersModel","message":{"Status Code":200,"API":"/orders"},"timestamp":"2026-06-04 00:19:35,097+0530","service":"FyersAPIRequest"}
{"level":"DEBUG","location":"[get_call:159] fyersModel","message":{"Status Code":200,"API":"/orders"},"timestamp":"2026-06-04 00:19:35,188+0530","service":"FyersAPIRequest"}
{"level":"DEBUG","location":"[get_call:159] fyersModel","message":{"Status Code":200,"API":"/holdings"},"timestamp":"2026-06-04 00:19:35,261+0530","service":"FyersAPIRequest"}
{"level":"DEBUG","location":"[get_call:159] fyersModel","message":{"Status Code":200,"API":"/tradebook"},"timestamp":"2026-06-04 00:19:35,851+0530","service":"FyersAPIRequest"}
{"level":"DEBUG","location":"[get_call:159] fyersModel","message":{"Status Code":200,"API":"/funds"},"timestamp":"2026-06-04 00:19:36,426+0530","service":"FyersAPIRequest"}
{"level":"DEBUG","location":"[get_call:159] fyersModel","message":{"Status Code":200,"API":"/positions"},"timestamp":"2026-06-04 00:21:04,855+0530","service":"FyersAPIRequest"}
{"level":"DEBUG","location":"[get_call:159] fyersModel","message":{"Status Code":200,"API":"/orders"},"timestamp":"2026-06-04 00:21:04,908+0530","service":"FyersAPIRequest"}
{"level":"DEBUG","location":"[get_call:159] fyersModel","message":{"Status Code":200,"API":"/orders"},"timestamp":"2026-06-04 00:21:05,003+0530","service":"FyersAPIRequest"}
{"level":"DEBUG","location":"[get_call:159] fyersModel","message":{"Status Code":200,"API":"/holdings"},"timestamp":"2026-06-04 00:21:05,077+0530","service":"FyersAPIRequest"}
{"level":"DEBUG","location":"[get_call:159] fyersModel","message":{"Status Code":200,"API":"/tradebook"},"timestamp":"2026-06-04 00:21:05,665+0530","service":"FyersAPIRequest"}
{"level":"DEBUG","location":"[get_call:159] fyersModel","message":{"Status Code":200,"API":"/funds"},"timestamp":"2026-06-04 00:21:06,227+0530","service":"FyersAPIRequest"}
{"level":"DEBUG","location":"[get_call:159] fyersModel","message":{"Status Code":200,"API":"/quotes"},"timestamp":"2026-06-04 00:21:06,435+0530","service":"FyersAPIRequest"}
{"level":"DEBUG","location":"[get_call:159] fyersModel","message":{"Status Code":200,"API":"/quotes"},"timestamp":"2026-06-04 00:21:06,498+0530","service":"FyersAPIRequest"}
{"level":"DEBUG","location":"[get_call:159] fyersModel","message":{"Status Code":200,"API":"/quotes"},"timestamp":"2026-06-04 00:21:06,556+0530","service":"FyersAPIRequest"}
{"level":"DEBUG","location":"[get_call:159] fyersModel","message":{"Status Code":200,"API":"/positions"},"timestamp":"2026-06-04 00:26:36,529+0530","service":"FyersAPIRequest"}
{"level":"DEBUG","location":"[get_call:159] fyersModel","message":{"Status Code":200,"API":"/orders"},"timestamp":"2026-06-04 00:26:36,623+0530","service":"FyersAPIRequest"}
{"level":"DEBUG","location":"[get_call:159] fyersModel","message":{"Status Code":200,"API":"/orders"},"timestamp":"2026-06-04 00:26:36,714+0530","service":"FyersAPIRequest"}
{"level":"DEBUG","location":"[get_call:159] fyersModel","message":{"Status Code":200,"API":"/holdings"},"timestamp":"2026-06-04 00:26:36,786+0530","service":"FyersAPIRequest"}
{"level":"DEBUG","location":"[get_call:159] fyersModel","message":{"Status Code":200,"API":"/tradebook"},"timestamp":"2026-06-04 00:26:37,364+0530","service":"FyersAPIRequest"}
{"level":"DEBUG","location":"[get_call:159] fyersModel","message":{"Status Code":200,"API":"/funds"},"timestamp":"2026-06-04 00:26:37,948+0530","service":"FyersAPIRequest"}
{"level":"DEBUG","location":"[get_call:159] fyersModel","message":{"Status Code":200,"API":"/positions"},"timestamp":"2026-06-04 00:26:38,020+0530","service":"FyersAPIRequest"}
{"level":"DEBUG","location":"[get_call:159] fyersModel","message":{"Status Code":200,"API":"/orders"},"timestamp":"2026-06-04 00:26:38,103+0530","service":"FyersAPIRequest"}
{"level":"DEBUG","location":"[get_call:159] fyersModel","message":{"Status Code":200,"API":"/orders"},"timestamp":"2026-06-04 00:26:38,183+0530","service":"FyersAPIRequest"}
{"level":"DEBUG","location":"[get_call:159] fyersModel","message":{"Status Code":200,"API":"/holdings"},"timestamp":"2026-06-04 00:26:38,268+0530","service":"FyersAPIRequest"}
{"level":"DEBUG","location":"[get_call:159] fyersModel","message":{"Status Code":200,"API":"/tradebook"},"timestamp":"2026-06-04 00:26:38,829+0530","service":"FyersAPIRequest"}
{"level":"DEBUG","location":"[get_call:159] fyersModel","message":{"Status Code":200,"API":"/funds"},"timestamp":"2026-06-04 00:26:39,432+0530","service":"FyersAPIRequest"}
{"level":"DEBUG","location":"[get_call:159] fyersModel","message":{"Status Code":200,"API":"/positions"},"timestamp":"2026-06-04 00:26:43,790+0530","service":"FyersAPIRequest"}
{"level":"DEBUG","location":"[get_call:159] fyersModel","message":{"Status Code":200,"API":"/orders"},"timestamp":"2026-06-04 00:26:43,870+0530","service":"FyersAPIRequest"}
{"level":"DEBUG","location":"[get_call:159] fyersModel","message":{"Status Code":200,"API":"/orders"},"timestamp":"2026-06-04 00:26:43,917+0530","service":"FyersAPIRequest"}
{"level":"DEBUG","location":"[get_call:159] fyersModel","message":{"Status Code":200,"API":"/holdings"},"timestamp":"2026-06-04 00:26:43,963+0530","service":"FyersAPIRequest"}
{"level":"DEBUG","location":"[get_call:159] fyersModel","message":{"Status Code":200,"API":"/tradebook"},"timestamp":"2026-06-04 00:26:44,575+0530","service":"FyersAPIRequest"}
{"level":"DEBUG","location":"[get_call:159] fyersModel","message":{"Status Code":200,"API":"/funds"},"timestamp":"2026-06-04 00:26:45,203+0530","service":"FyersAPIRequest"}
{"level":"DEBUG","location":"[get_call:159] fyersModel","message":{"Status Code":200,"API":"/positions"},"timestamp":"2026-06-04 00:26:47,399+0530","service":"FyersAPIRequest"}
{"level":"DEBUG","location":"[get_call:159] fyersModel","message":{"Status Code":200,"API":"/orders"},"timestamp":"2026-06-04 00:26:47,477+0530","service":"FyersAPIRequest"}
{"level":"DEBUG","location":"[get_call:159] fyersModel","message":{"Status Code":200,"API":"/orders"},"timestamp":"2026-06-04 00:26:47,570+0530","service":"FyersAPIRequest"}
{"level":"DEBUG","location":"[get_call:159] fyersModel","message":{"Status Code":200,"API":"/holdings"},"timestamp":"2026-06-04 00:26:47,644+0530","service":"FyersAPIRequest"}
{"level":"DEBUG","location":"[get_call:159] fyersModel","message":{"Status Code":200,"API":"/tradebook"},"timestamp":"2026-06-04 00:26:48,218+0530","service":"FyersAPIRequest"}
{"level":"DEBUG","location":"[get_call:159] fyersModel","message":{"Status Code":200,"API":"/funds"},"timestamp":"2026-06-04 00:26:48,797+0530","service":"FyersAPIRequest"}
{"level":"DEBUG","location":"[get_call:159] fyersModel","message":{"Status Code":200,"API":"/quotes"},"timestamp":"2026-06-04 00:26:48,877+0530","service":"FyersAPIRequest"}
{"level":"DEBUG","location":"[get_call:159] fyersModel","message":{"Status Code":200,"API":"/quotes"},"timestamp":"2026-06-04 00:26:48,958+0530","service":"FyersAPIRequest"}
{"level":"DEBUG","location":"[get_call:159] fyersModel","message":{"Status Code":200,"API":"/quotes"},"timestamp":"2026-06-04 00:26:49,178+0530","service":"FyersAPIRequest"}
{"level":"DEBUG","location":"[get_call:159] fyersModel","message":{"Status Code":200,"API":"/positions"},"timestamp":"2026-06-04 00:34:52,414+0530","service":"FyersAPIRequest"}
{"level":"DEBUG","location":"[get_call:159] fyersModel","message":{"Status Code":200,"API":"/orders"},"timestamp":"2026-06-04 00:34:52,494+0530","service":"FyersAPIRequest"}
{"level":"DEBUG","location":"[get_call:159] fyersModel","message":{"Status Code":200,"API":"/orders"},"timestamp":"2026-06-04 00:34:52,573+0530","service":"FyersAPIRequest"}
{"level":"DEBUG","location":"[get_call:159] fyersModel","message":{"Status Code":200,"API":"/holdings"},"timestamp":"2026-06-04 00:34:52,657+0530","service":"FyersAPIRequest"}
{"level":"DEBUG","location":"[get_call:159] fyersModel","message":{"Status Code":200,"API":"/tradebook"},"timestamp":"2026-06-04 00:34:53,232+0530","service":"FyersAPIRequest"}
{"level":"DEBUG","location":"[get_call:159] fyersModel","message":{"Status Code":200,"API":"/funds"},"timestamp":"2026-06-04 00:34:53,824+0530","service":"FyersAPIRequest"}
{"level":"DEBUG","location":"[get_call:159] fyersModel","message":{"Status Code":200,"API":"/positions"},"timestamp":"2026-06-04 00:34:53,890+0530","service":"FyersAPIRequest"}
{"level":"DEBUG","location":"[get_call:159] fyersModel","message":{"Status Code":200,"API":"/orders"},"timestamp":"2026-06-04 00:34:53,976+0530","service":"FyersAPIRequest"}
{"level":"DEBUG","location":"[get_call:159] fyersModel","message":{"Status Code":200,"API":"/orders"},"timestamp":"2026-06-04 00:34:54,055+0530","service":"FyersAPIRequest"}
{"level":"DEBUG","location":"[get_call:159] fyersModel","message":{"Status Code":200,"API":"/holdings"},"timestamp":"2026-06-04 00:34:54,137+0530","service":"FyersAPIRequest"}
{"level":"DEBUG","location":"[get_call:159] fyersModel","message":{"Status Code":200,"API":"/tradebook"},"timestamp":"2026-06-04 00:34:54,716+0530","service":"FyersAPIRequest"}
{"level":"DEBUG","location":"[get_call:159] fyersModel","message":{"Status Code":200,"API":"/funds"},"timestamp":"2026-06-04 00:34:55,302+0530","service":"FyersAPIRequest"}
{"level":"DEBUG","location":"[get_call:159] fyersModel","message":{"Status Code":200,"API":"/positions"},"timestamp":"2026-06-04 00:34:57,264+0530","service":"FyersAPIRequest"}
{"level":"DEBUG","location":"[get_call:159] fyersModel","message":{"Status Code":200,"API":"/orders"},"timestamp":"2026-06-04 00:34:57,354+0530","service":"FyersAPIRequest"}
{"level":"DEBUG","location":"[get_call:159] fyersModel","message":{"Status Code":200,"API":"/orders"},"timestamp":"2026-06-04 00:34:57,425+0530","service":"FyersAPIRequest"}
{"level":"DEBUG","location":"[get_call:159] fyersModel","message":{"Status Code":200,"API":"/holdings"},"timestamp":"2026-06-04 00:34:57,517+0530","service":"FyersAPIRequest"}
{"level":"DEBUG","location":"[get_call:159] fyersModel","message":{"Status Code":200,"API":"/tradebook"},"timestamp":"2026-06-04 00:34:58,086+0530","service":"FyersAPIRequest"}
{"level":"DEBUG","location":"[get_call:159] fyersModel","message":{"Status Code":200,"API":"/funds"},"timestamp":"2026-06-04 00:34:58,662+0530","service":"FyersAPIRequest"}
{"level":"DEBUG","location":"[get_call:159] fyersModel","message":{"Status Code":200,"API":"/positions"},"timestamp":"2026-06-04 00:35:55,741+0530","service":"FyersAPIRequest"}
{"level":"DEBUG","location":"[get_call:159] fyersModel","message":{"Status Code":200,"API":"/orders"},"timestamp":"2026-06-04 00:35:55,825+0530","service":"FyersAPIRequest"}
{"level":"DEBUG","location":"[get_call:159] fyersModel","message":{"Status Code":200,"API":"/orders"},"timestamp":"2026-06-04 00:35:55,902+0530","service":"FyersAPIRequest"}
{"level":"DEBUG","location":"[get_call:159] fyersModel","message":{"Status Code":200,"API":"/holdings"},"timestamp":"2026-06-04 00:35:55,987+0530","service":"FyersAPIRequest"}
{"level":"DEBUG","location":"[get_call:159] fyersModel","message":{"Status Code":200,"API":"/tradebook"},"timestamp":"2026-06-04 00:35:56,564+0530","service":"FyersAPIRequest"}
{"level":"DEBUG","location":"[get_call:159] fyersModel","message":{"Status Code":200,"API":"/funds"},"timestamp":"2026-06-04 00:35:57,152+0530","service":"FyersAPIRequest"}
{"level":"DEBUG","location":"[get_call:159] fyersModel","message":{"Status Code":200,"API":"/positions"},"timestamp":"2026-06-04 00:35:57,218+0530","service":"FyersAPIRequest"}
{"level":"DEBUG","location":"[get_call:159] fyersModel","message":{"Status Code":200,"API":"/orders"},"timestamp":"2026-06-04 00:35:57,314+0530","service":"FyersAPIRequest"}
{"level":"DEBUG","location":"[get_call:159] fyersModel","message":{"Status Code":200,"API":"/orders"},"timestamp":"2026-06-04 00:35:57,385+0530","service":"FyersAPIRequest"}
{"level":"DEBUG","location":"[get_call:159] fyersModel","message":{"Status Code":200,"API":"/holdings"},"timestamp":"2026-06-04 00:35:57,468+0530","service":"FyersAPIRequest"}
{"level":"DEBUG","location":"[get_call:159] fyersModel","message":{"Status Code":200,"API":"/tradebook"},"timestamp":"2026-06-04 00:35:58,043+0530","service":"FyersAPIRequest"}
{"level":"DEBUG","location":"[get_call:159] fyersModel","message":{"Status Code":200,"API":"/funds"},"timestamp":"2026-06-04 00:35:58,621+0530","service":"FyersAPIRequest"}
{"level":"DEBUG","location":"[get_call:159] fyersModel","message":{"Status Code":200,"API":"/positions"},"timestamp":"2026-06-04 00:36:02,484+0530","service":"FyersAPIRequest"}
{"level":"DEBUG","location":"[get_call:159] fyersModel","message":{"Status Code":200,"API":"/orders"},"timestamp":"2026-06-04 00:36:02,585+0530","service":"FyersAPIRequest"}
{"level":"DEBUG","location":"[get_call:159] fyersModel","message":{"Status Code":200,"API":"/orders"},"timestamp":"2026-06-04 00:36:02,656+0530","service":"FyersAPIRequest"}
{"level":"DEBUG","location":"[get_call:159] fyersModel","message":{"Status Code":200,"API":"/holdings"},"timestamp":"2026-06-04 00:36:02,749+0530","service":"FyersAPIRequest"}
{"level":"DEBUG","location":"[get_call:159] fyersModel","message":{"Status Code":200,"API":"/tradebook"},"timestamp":"2026-06-04 00:36:03,310+0530","service":"FyersAPIRequest"}
{"level":"DEBUG","location":"[get_call:159] fyersModel","message":{"Status Code":200,"API":"/funds"},"timestamp":"2026-06-04 00:36:03,886+0530","service":"FyersAPIRequest"}
{"level":"DEBUG","location":"[get_call:159] fyersModel","message":{"Status Code":200,"API":"/positions"},"timestamp":"2026-06-04 00:36:15,971+0530","service":"FyersAPIRequest"}
{"level":"DEBUG","location":"[get_call:159] fyersModel","message":{"Status Code":200,"API":"/orders"},"timestamp":"2026-06-04 00:36:16,056+0530","service":"FyersAPIRequest"}
{"level":"DEBUG","location":"[get_call:159] fyersModel","message":{"Status Code":200,"API":"/orders"},"timestamp":"2026-06-04 00:36:16,281+0530","service":"FyersAPIRequest"}
{"level":"DEBUG","location":"[get_call:159] fyersModel","message":{"Status Code":200,"API":"/holdings"},"timestamp":"2026-06-04 00:36:16,329+0530","service":"FyersAPIRequest"}
{"level":"DEBUG","location":"[get_call:159] fyersModel","message":{"Status Code":200,"API":"/tradebook"},"timestamp":"2026-06-04 00:36:16,878+0530","service":"FyersAPIRequest"}
{"level":"DEBUG","location":"[get_call:159] fyersModel","message":{"Status Code":200,"API":"/funds"},"timestamp":"2026-06-04 00:36:17,431+0530","service":"FyersAPIRequest"}
{"level":"DEBUG","location":"[get_call:159] fyersModel","message":{"Status Code":200,"API":"/quotes"},"timestamp":"2026-06-04 00:36:17,537+0530","service":"FyersAPIRequest"}
{"level":"DEBUG","location":"[get_call:159] fyersModel","message":{"Status Code":200,"API":"/quotes"},"timestamp":"2026-06-04 00:36:17,644+0530","service":"FyersAPIRequest"}
{"level":"DEBUG","location":"[post_call:100] fyersModel","message":{"Status Code":200,"API":"/orders/sync"},"timestamp":"2026-06-04 00:36:17,701+0530","service":"FyersAPIRequest"}
{"level":"DEBUG","location":"[get_call:159] fyersModel","message":{"Status Code":200,"API":"/quotes"},"timestamp":"2026-06-04 00:36:17,791+0530","service":"FyersAPIRequest"}
{"level":"DEBUG","location":"[post_call:100] fyersModel","message":{"Status Code":200,"API":"/orders/sync"},"timestamp":"2026-06-04 00:36:17,865+0530","service":"FyersAPIRequest"}
{"level":"DEBUG","location":"[get_call:159] fyersModel","message":{"Status Code":200,"API":"/positions"},"timestamp":"2026-06-04 10:28:25,419+0530","service":"FyersAPIRequest"}
{"level":"DEBUG","location":"[get_call:159] fyersModel","message":{"Status Code":200,"API":"/orders"},"timestamp":"2026-06-04 10:28:25,464+0530","service":"FyersAPIRequest"}
{"level":"DEBUG","location":"[get_call:159] fyersModel","message":{"Status Code":200,"API":"/orders"},"timestamp":"2026-06-04 10:28:25,523+0530","service":"FyersAPIRequest"}
{"level":"DEBUG","location":"[get_call:159] fyersModel","message":{"Status Code":200,"API":"/holdings"},"timestamp":"2026-06-04 10:28:25,569+0530","service":"FyersAPIRequest"}
{"level":"DEBUG","location":"[get_call:159] fyersModel","message":{"Status Code":200,"API":"/tradebook"},"timestamp":"2026-06-04 10:28:26,117+0530","service":"FyersAPIRequest"}
{"level":"DEBUG","location":"[get_call:159] fyersModel","message":{"Status Code":200,"API":"/funds"},"timestamp":"2026-06-04 10:28:26,670+0530","service":"FyersAPIRequest"}
{"level":"DEBUG","location":"[get_call:159] fyersModel","message":{"Status Code":200,"API":"/positions"},"timestamp":"2026-06-04 10:28:26,730+0530","service":"FyersAPIRequest"}
{"level":"DEBUG","location":"[get_call:159] fyersModel","message":{"Status Code":200,"API":"/orders"},"timestamp":"2026-06-04 10:28:26,778+0530","service":"FyersAPIRequest"}
{"level":"DEBUG","location":"[get_call:159] fyersModel","message":{"Status Code":200,"API":"/orders"},"timestamp":"2026-06-04 10:28:26,838+0530","service":"FyersAPIRequest"}
{"level":"DEBUG","location":"[get_call:159] fyersModel","message":{"Status Code":200,"API":"/holdings"},"timestamp":"2026-06-04 10:28:26,894+0530","service":"FyersAPIRequest"}
{"level":"DEBUG","location":"[get_call:159] fyersModel","message":{"Status Code":200,"API":"/tradebook"},"timestamp":"2026-06-04 10:28:27,449+0530","service":"FyersAPIRequest"}
{"level":"DEBUG","location":"[get_call:159] fyersModel","message":{"Status Code":200,"API":"/funds"},"timestamp":"2026-06-04 10:28:28,015+0530","service":"FyersAPIRequest"}
{"level":"DEBUG","location":"[get_call:159] fyersModel","message":{"Status Code":200,"API":"/positions"},"timestamp":"2026-06-04 15:01:01,441+0530","service":"FyersAPIRequest"}
{"level":"DEBUG","location":"[get_call:159] fyersModel","message":{"Status Code":200,"API":"/orders"},"timestamp":"2026-06-04 15:01:01,590+0530","service":"FyersAPIRequest"}
{"level":"DEBUG","location":"[get_call:159] fyersModel","message":{"Status Code":200,"API":"/orders"},"timestamp":"2026-06-04 15:01:01,741+0530","service":"FyersAPIRequest"}
{"level":"DEBUG","location":"[get_call:159] fyersModel","message":{"Status Code":200,"API":"/holdings"},"timestamp":"2026-06-04 15:01:01,895+0530","service":"FyersAPIRequest"}
{"level":"DEBUG","location":"[get_call:159] fyersModel","message":{"Status Code":200,"API":"/tradebook"},"timestamp":"2026-06-04 15:01:02,543+0530","service":"FyersAPIRequest"}
{"level":"DEBUG","location":"[get_call:159] fyersModel","message":{"Status Code":200,"API":"/funds"},"timestamp":"2026-06-04 15:01:03,260+0530","service":"FyersAPIRequest"}
{"level":"DEBUG","location":"[get_call:159] fyersModel","message":{"Status Code":200,"API":"/quotes"},"timestamp":"2026-06-04 15:01:03,410+0530","service":"FyersAPIRequest"}
{"level":"DEBUG","location":"[post_call:100] fyersModel","message":{"Status Code":200,"API":"/orders/sync"},"timestamp":"2026-06-04 15:01:03,561+0530","service":"FyersAPIRequest"}
{"level":"DEBUG","location":"[get_call:159] fyersModel","message":{"Status Code":200,"API":"/history"},"timestamp":"2026-06-04 15:14:28,359+0530","service":"FyersAPIRequest"}
{"level":"DEBUG","location":"[get_call:159] fyersModel","message":{"Status Code":200,"API":"/history"},"timestamp":"2026-06-04 15:14:28,719+0530","service":"FyersAPIRequest"}
{"level":"DEBUG","location":"[get_call:159] fyersModel","message":{"Status Code":200,"API":"/history"},"timestamp":"2026-06-04 15:14:28,990+0530","service":"FyersAPIRequest"}
{"level":"DEBUG","location":"[get_call:159] fyersModel","message":{"Status Code":200,"API":"/history"},"timestamp":"2026-06-04 15:14:29,515+0530","service":"FyersAPIRequest"}
{"level":"DEBUG","location":"[get_call:159] fyersModel","message":{"Status Code":200,"API":"/history"},"timestamp":"2026-06-04 15:14:30,117+0530","service":"FyersAPIRequest"}
{"level":"DEBUG","location":"[get_call:159] fyersModel","message":{"Status Code":200,"API":"/history"},"timestamp":"2026-06-04 15:14:30,721+0530","service":"FyersAPIRequest"}
{"level":"DEBUG","location":"[get_call:159] fyersModel","message":{"Status Code":200,"API":"/history"},"timestamp":"2026-06-04 15:14:31,172+0530","service":"FyersAPIRequest"}
{"level":"DEBUG","location":"[get_call:159] fyersModel","message":{"Status Code":200,"API":"/history"},"timestamp":"2026-06-04 15:14:31,627+0530","service":"FyersAPIRequest"}
{"level":"DEBUG","location":"[get_call:159] fyersModel","message":{"Status Code":200,"API":"/history"},"timestamp":"2026-06-04 15:14:32,377+0530","service":"FyersAPIRequest"}
{"level":"DEBUG","location":"[get_call:159] fyersModel","message":{"Status Code":200,"API":"/history"},"timestamp":"2026-06-04 15:14:32,819+0530","service":"FyersAPIRequest"}
{"level":"DEBUG","location":"[get_call:159] fyersModel","message":{"Status Code":200,"API":"/history"},"timestamp":"2026-06-04 15:14:33,121+0530","service":"FyersAPIRequest"}
{"level":"DEBUG","location":"[get_call:159] fyersModel","message":{"Status Code":200,"API":"/history"},"timestamp":"2026-06-04 15:14:33,405+0530","service":"FyersAPIRequest"}
{"level":"DEBUG","location":"[get_call:159] fyersModel","message":{"Status Code":200,"API":"/history"},"timestamp":"2026-06-04 15:14:33,705+0530","service":"FyersAPIRequest"}
{"level":"DEBUG","location":"[get_call:159] fyersModel","message":{"Status Code":200,"API":"/history"},"timestamp":"2026-06-04 15:14:33,998+0530","service":"FyersAPIRequest"}
{"level":"DEBUG","location":"[get_call:159] fyersModel","message":{"Status Code":200,"API":"/history"},"timestamp":"2026-06-04 15:14:34,305+0530","service":"FyersAPIRequest"}
{"level":"DEBUG","location":"[get_call:159] fyersModel","message":{"Status Code":200,"API":"/history"},"timestamp":"2026-06-04 15:14:34,601+0530","service":"FyersAPIRequest"}
{"level":"DEBUG","location":"[get_call:159] fyersModel","message":{"Status Code":200,"API":"/history"},"timestamp":"2026-06-04 15:14:34,884+0530","service":"FyersAPIRequest"}
{"level":"DEBUG","location":"[get_call:159] fyersModel","message":{"Status Code":200,"API":"/history"},"timestamp":"2026-06-04 15:14:35,186+0530","service":"FyersAPIRequest"}
{"level":"DEBUG","location":"[get_call:159] fyersModel","message":{"Status Code":200,"API":"/history"},"timestamp":"2026-06-04 15:14:35,488+0530","service":"FyersAPIRequest"}
{"level":"DEBUG","location":"[get_call:159] fyersModel","message":{"Status Code":200,"API":"/history"},"timestamp":"2026-06-04 15:14:35,785+0530","service":"FyersAPIRequest"}
{"level":"DEBUG","location":"[get_call:159] fyersModel","message":{"Status Code":200,"API":"/history"},"timestamp":"2026-06-04 15:14:36,097+0530","service":"FyersAPIRequest"}
{"level":"DEBUG","location":"[get_call:159] fyersModel","message":{"Status Code":200,"API":"/history"},"timestamp":"2026-06-04 15:14:36,396+0530","service":"FyersAPIRequest"}
{"level":"DEBUG","location":"[get_call:159] fyersModel","message":{"Status Code":200,"API":"/history"},"timestamp":"2026-06-04 15:14:36,674+0530","service":"FyersAPIRequest"}
{"level":"DEBUG","location":"[get_call:159] fyersModel","message":{"Status Code":200,"API":"/history"},"timestamp":"2026-06-04 15:14:36,960+0530","service":"FyersAPIRequest"}
{"level":"DEBUG","location":"[get_call:159] fyersModel","message":{"Status Code":200,"API":"/history"},"timestamp":"2026-06-04 15:14:37,265+0530","service":"FyersAPIRequest"}
{"level":"DEBUG","location":"[get_call:159] fyersModel","message":{"Status Code":200,"API":"/history"},"timestamp":"2026-06-04 15:14:37,572+0530","service":"FyersAPIRequest"}
{"level":"DEBUG","location":"[get_call:159] fyersModel","message":{"Status Code":200,"API":"/history"},"timestamp":"2026-06-04 15:14:37,871+0530","service":"FyersAPIRequest"}
{"level":"DEBUG","location":"[get_call:159] fyersModel","message":{"Status Code":200,"API":"/history"},"timestamp":"2026-06-04 15:14:38,181+0530","service":"FyersAPIRequest"}
{"level":"DEBUG","location":"[get_call:159] fyersModel","message":{"Status Code":200,"API":"/history"},"timestamp":"2026-06-04 15:14:38,459+0530","service":"FyersAPIRequest"}
{"level":"DEBUG","location":"[get_call:159] fyersModel","message":{"Status Code":200,"API":"/history"},"timestamp":"2026-06-04 15:14:38,758+0530","service":"FyersAPIRequest"}
{"level":"DEBUG","location":"[get_call:159] fyersModel","message":{"Status Code":200,"API":"/history"},"timestamp":"2026-06-04 15:14:39,046+0530","service":"FyersAPIRequest"}
{"level":"DEBUG","location":"[get_call:159] fyersModel","message":{"Status Code":200,"API":"/history"},"timestamp":"2026-06-04 15:14:39,343+0530","service":"FyersAPIRequest"}
{"level":"DEBUG","location":"[get_call:159] fyersModel","message":{"Status Code":200,"API":"/history"},"timestamp":"2026-06-04 15:14:39,676+0530","service":"FyersAPIRequest"}
{"level":"DEBUG","location":"[get_call:159] fyersModel","message":{"Status Code":200,"API":"/history"},"timestamp":"2026-06-04 15:14:39,965+0530","service":"FyersAPIRequest"}
{"level":"DEBUG","location":"[get_call:159] fyersModel","message":{"Status Code":200,"API":"/history"},"timestamp":"2026-06-04 15:14:40,262+0530","service":"FyersAPIRequest"}
{"level":"DEBUG","location":"[get_call:159] fyersModel","message":{"Status Code":200,"API":"/history"},"timestamp":"2026-06-04 15:14:40,563+0530","service":"FyersAPIRequest"}
{"level":"DEBUG","location":"[get_call:159] fyersModel","message":{"Status Code":200,"API":"/history"},"timestamp":"2026-06-04 15:14:40,862+0530","service":"FyersAPIRequest"}
{"level":"DEBUG","location":"[get_call:159] fyersModel","message":{"Status Code":200,"API":"/history"},"timestamp":"2026-06-04 15:14:41,144+0530","service":"FyersAPIRequest"}
{"level":"DEBUG","location":"[get_call:159] fyersModel","message":{"Status Code":200,"API":"/history"},"timestamp":"2026-06-04 15:14:41,424+0530","service":"FyersAPIRequest"}
{"level":"DEBUG","location":"[get_call:159] fyersModel","message":{"Status Code":200,"API":"/history"},"timestamp":"2026-06-04 15:14:41,708+0530","service":"FyersAPIRequest"}
{"level":"DEBUG","location":"[get_call:159] fyersModel","message":{"Status Code":200,"API":"/history"},"timestamp":"2026-06-04 15:14:42,002+0530","service":"FyersAPIRequest"}
{"level":"DEBUG","location":"[get_call:159] fyersModel","message":{"Status Code":200,"API":"/history"},"timestamp":"2026-06-04 15:14:42,299+0530","service":"FyersAPIRequest"}
{"level":"DEBUG","location":"[get_call:159] fyersModel","message":{"Status Code":422,"API":"/history"},"timestamp":"2026-06-04 15:14:42,579+0530","service":"FyersAPIRequest"}
{"level":"DEBUG","location":"[get_call:159] fyersModel","message":{"Status Code":422,"API":"/history"},"timestamp":"2026-06-04 15:14:42,680+0530","service":"FyersAPIRequest"}
{"level":"DEBUG","location":"[get_call:159] fyersModel","message":{"Status Code":422,"API":"/history"},"timestamp":"2026-06-04 15:14:42,781+0530","service":"FyersAPIRequest"}
{"level":"DEBUG","location":"[get_call:159] fyersModel","message":{"Status Code":422,"API":"/history"},"timestamp":"2026-06-04 15:14:42,882+0530","service":"FyersAPIRequest"}
{"level":"DEBUG","location":"[get_call:159] fyersModel","message":{"Status Code":422,"API":"/history"},"timestamp":"2026-06-04 15:14:42,981+0530","service":"FyersAPIRequest"}
{"level":"DEBUG","location":"[get_call:159] fyersModel","message":{"Status Code":422,"API":"/history"},"timestamp":"2026-06-04 15:14:43,071+0530","service":"FyersAPIRequest"}
{"level":"DEBUG","location":"[get_call:159] fyersModel","message":{"Status Code":422,"API":"/history"},"timestamp":"2026-06-04 15:14:43,177+0530","service":"FyersAPIRequest"}
{"level":"DEBUG","location":"[get_call:159] fyersModel","message":{"Status Code":422,"API":"/history"},"timestamp":"2026-06-04 15:14:43,279+0530","service":"FyersAPIRequest"}
{"level":"DEBUG","location":"[get_call:159] fyersModel","message":{"Status Code":422,"API":"/history"},"timestamp":"2026-06-04 15:14:43,375+0530","service":"FyersAPIRequest"}
{"level":"DEBUG","location":"[get_call:159] fyersModel","message":{"Status Code":422,"API":"/history"},"timestamp":"2026-06-04 15:14:43,481+0530","service":"FyersAPIRequest"}
{"level":"DEBUG","location":"[get_call:159] fyersModel","message":{"Status Code":422,"API":"/history"},"timestamp":"2026-06-04 15:14:43,573+0530","service":"FyersAPIRequest"}
{"level":"DEBUG","location":"[get_call:159] fyersModel","message":{"Status Code":200,"API":"/history"},"timestamp":"2026-06-04 15:14:43,791+0530","service":"FyersAPIRequest"}
{"level":"DEBUG","location":"[get_call:159] fyersModel","message":{"Status Code":200,"API":"/history"},"timestamp":"2026-06-04 15:14:44,071+0530","service":"FyersAPIRequest"}
{"level":"DEBUG","location":"[get_call:159] fyersModel","message":{"Status Code":200,"API":"/history"},"timestamp":"2026-06-04 15:14:44,355+0530","service":"FyersAPIRequest"}
{"level":"DEBUG","location":"[get_call:159] fyersModel","message":{"Status Code":200,"API":"/history"},"timestamp":"2026-06-04 15:14:44,639+0530","service":"FyersAPIRequest"}
{"level":"DEBUG","location":"[get_call:159] fyersModel","message":{"Status Code":200,"API":"/history"},"timestamp":"2026-06-04 15:14:44,930+0530","service":"FyersAPIRequest"}
{"level":"DEBUG","location":"[get_call:159] fyersModel","message":{"Status Code":200,"API":"/history"},"timestamp":"2026-06-04 15:14:45,208+0530","service":"FyersAPIRequest"}
{"level":"DEBUG","location":"[get_call:159] fyersModel","message":{"Status Code":200,"API":"/history"},"timestamp":"2026-06-04 15:14:45,497+0530","service":"FyersAPIRequest"}
{"level":"DEBUG","location":"[get_call:159] fyersModel","message":{"Status Code":200,"API":"/history"},"timestamp":"2026-06-04 15:14:45,804+0530","service":"FyersAPIRequest"}
{"level":"DEBUG","location":"[get_call:159] fyersModel","message":{"Status Code":200,"API":"/history"},"timestamp":"2026-06-04 15:14:47,114+0530","service":"FyersAPIRequest"}
{"level":"DEBUG","location":"[get_call:159] fyersModel","message":{"Status Code":200,"API":"/history"},"timestamp":"2026-06-04 15:14:47,403+0530","service":"FyersAPIRequest"}
{"level":"DEBUG","location":"[get_call:159] fyersModel","message":{"Status Code":200,"API":"/history"},"timestamp":"2026-06-04 15:14:47,690+0530","service":"FyersAPIRequest"}
{"level":"DEBUG","location":"[get_call:159] fyersModel","message":{"Status Code":200,"API":"/history"},"timestamp":"2026-06-04 15:14:47,969+0530","service":"FyersAPIRequest"}
{"level":"DEBUG","location":"[get_call:159] fyersModel","message":{"Status Code":200,"API":"/history"},"timestamp":"2026-06-04 15:14:48,261+0530","service":"FyersAPIRequest"}
{"level":"DEBUG","location":"[get_call:159] fyersModel","message":{"Status Code":200,"API":"/history"},"timestamp":"2026-06-04 15:14:48,547+0530","service":"FyersAPIRequest"}
{"level":"DEBUG","location":"[get_call:159] fyersModel","message":{"Status Code":200,"API":"/history"},"timestamp":"2026-06-04 15:14:48,843+0530","service":"FyersAPIRequest"}
{"level":"DEBUG","location":"[get_call:159] fyersModel","message":{"Status Code":200,"API":"/history"},"timestamp":"2026-06-04 15:14:49,131+0530","service":"FyersAPIRequest"}
{"level":"DEBUG","location":"[get_call:159] fyersModel","message":{"Status Code":200,"API":"/history"},"timestamp":"2026-06-04 15:14:49,419+0530","service":"FyersAPIRequest"}
{"level":"DEBUG","location":"[get_call:159] fyersModel","message":{"Status Code":200,"API":"/history"},"timestamp":"2026-06-04 15:14:49,739+0530","service":"FyersAPIRequest"}
{"level":"DEBUG","location":"[get_call:159] fyersModel","message":{"Status Code":200,"API":"/history"},"timestamp":"2026-06-04 15:14:50,054+0530","service":"FyersAPIRequest"}
{"level":"DEBUG","location":"[get_call:159] fyersModel","message":{"Status Code":200,"API":"/history"},"timestamp":"2026-06-04 15:14:50,336+0530","service":"FyersAPIRequest"}
{"level":"DEBUG","location":"[get_call:159] fyersModel","message":{"Status Code":200,"API":"/history"},"timestamp":"2026-06-04 15:14:50,623+0530","service":"FyersAPIRequest"}
{"level":"DEBUG","location":"[get_call:159] fyersModel","message":{"Status Code":200,"API":"/history"},"timestamp":"2026-06-04 15:14:50,918+0530","service":"FyersAPIRequest"}
{"level":"DEBUG","location":"[get_call:159] fyersModel","message":{"Status Code":200,"API":"/history"},"timestamp":"2026-06-04 15:14:51,223+0530","service":"FyersAPIRequest"}
{"level":"DEBUG","location":"[get_call:159] fyersModel","message":{"Status Code":200,"API":"/history"},"timestamp":"2026-06-04 15:14:51,519+0530","service":"FyersAPIRequest"}
{"level":"DEBUG","location":"[get_call:159] fyersModel","message":{"Status Code":200,"API":"/history"},"timestamp":"2026-06-04 15:14:51,826+0530","service":"FyersAPIRequest"}
{"level":"DEBUG","location":"[get_call:159] fyersModel","message":{"Status Code":200,"API":"/history"},"timestamp":"2026-06-04 15:14:52,243+0530","service":"FyersAPIRequest"}
{"level":"DEBUG","location":"[get_call:159] fyersModel","message":{"Status Code":200,"API":"/history"},"timestamp":"2026-06-04 15:14:52,529+0530","service":"FyersAPIRequest"}
{"level":"DEBUG","location":"[get_call:159] fyersModel","message":{"Status Code":200,"API":"/history"},"timestamp":"2026-06-04 15:14:52,826+0530","service":"FyersAPIRequest"}
{"level":"DEBUG","location":"[get_call:159] fyersModel","message":{"Status Code":200,"API":"/history"},"timestamp":"2026-06-04 15:14:53,140+0530","service":"FyersAPIRequest"}
{"level":"DEBUG","location":"[get_call:159] fyersModel","message":{"Status Code":200,"API":"/history"},"timestamp":"2026-06-04 15:14:53,442+0530","service":"FyersAPIRequest"}
{"level":"DEBUG","location":"[get_call:159] fyersModel","message":{"Status Code":200,"API":"/history"},"timestamp":"2026-06-04 15:14:53,759+0530","service":"FyersAPIRequest"}
{"level":"DEBUG","location":"[get_call:159] fyersModel","message":{"Status Code":200,"API":"/history"},"timestamp":"2026-06-04 15:14:54,059+0530","service":"FyersAPIRequest"}
{"level":"DEBUG","location":"[get_call:159] fyersModel","message":{"Status Code":200,"API":"/history"},"timestamp":"2026-06-04 15:14:54,346+0530","service":"FyersAPIRequest"}
{"level":"DEBUG","location":"[get_call:159] fyersModel","message":{"Status Code":200,"API":"/history"},"timestamp":"2026-06-04 15:14:54,638+0530","service":"FyersAPIRequest"}
{"level":"DEBUG","location":"[get_call:159] fyersModel","message":{"Status Code":200,"API":"/history"},"timestamp":"2026-06-04 15:14:54,926+0530","service":"FyersAPIRequest"}
{"level":"DEBUG","location":"[get_call:159] fyersModel","message":{"Status Code":200,"API":"/history"},"timestamp":"2026-06-04 15:14:55,222+0530","service":"FyersAPIRequest"}
{"level":"DEBUG","location":"[get_call:159] fyersModel","message":{"Status Code":200,"API":"/history"},"timestamp":"2026-06-04 15:14:55,513+0530","service":"FyersAPIRequest"}
{"level":"DEBUG","location":"[get_call:159] fyersModel","message":{"Status Code":200,"API":"/history"},"timestamp":"2026-06-04 15:14:55,810+0530","service":"FyersAPIRequest"}
{"level":"DEBUG","location":"[get_call:159] fyersModel","message":{"Status Code":200,"API":"/history"},"timestamp":"2026-06-04 15:14:56,118+0530","service":"FyersAPIRequest"}
{"level":"DEBUG","location":"[get_call:159] fyersModel","message":{"Status Code":200,"API":"/history"},"timestamp":"2026-06-04 15:14:56,399+0530","service":"FyersAPIRequest"}
{"level":"DEBUG","location":"[get_call:159] fyersModel","message":{"Status Code":200,"API":"/history"},"timestamp":"2026-06-04 15:14:56,683+0530","service":"FyersAPIRequest"}
{"level":"DEBUG","location":"[get_call:159] fyersModel","message":{"Status Code":200,"API":"/history"},"timestamp":"2026-06-04 15:14:56,974+0530","service":"FyersAPIRequest"}
{"level":"DEBUG","location":"[get_call:159] fyersModel","message":{"Status Code":200,"API":"/history"},"timestamp":"2026-06-04 15:14:57,282+0530","service":"FyersAPIRequest"}
{"level":"DEBUG","location":"[get_call:159] fyersModel","message":{"Status Code":200,"API":"/history"},"timestamp":"2026-06-04 15:14:57,574+0530","service":"FyersAPIRequest"}
{"level":"DEBUG","location":"[get_call:159] fyersModel","message":{"Status Code":200,"API":"/history"},"timestamp":"2026-06-04 15:14:57,862+0530","service":"FyersAPIRequest"}
{"level":"DEBUG","location":"[get_call:159] fyersModel","message":{"Status Code":200,"API":"/history"},"timestamp":"2026-06-04 15:14:58,173+0530","service":"FyersAPIRequest"}
{"level":"DEBUG","location":"[get_call:159] fyersModel","message":{"Status Code":200,"API":"/history"},"timestamp":"2026-06-04 15:14:58,470+0530","service":"FyersAPIRequest"}
{"level":"DEBUG","location":"[get_call:159] fyersModel","message":{"Status Code":200,"API":"/history"},"timestamp":"2026-06-04 15:14:58,815+0530","service":"FyersAPIRequest"}
{"level":"DEBUG","location":"[get_call:159] fyersModel","message":{"Status Code":200,"API":"/history"},"timestamp":"2026-06-04 15:14:59,136+0530","service":"FyersAPIRequest"}
{"level":"DEBUG","location":"[get_call:159] fyersModel","message":{"Status Code":200,"API":"/history"},"timestamp":"2026-06-04 15:14:59,431+0530","service":"FyersAPIRequest"}
{"level":"DEBUG","location":"[get_call:159] fyersModel","message":{"Status Code":200,"API":"/history"},"timestamp":"2026-06-04 15:14:59,722+0530","service":"FyersAPIRequest"}
{"level":"DEBUG","location":"[get_call:159] fyersModel","message":{"Status Code":200,"API":"/history"},"timestamp":"2026-06-04 15:15:00,007+0530","service":"FyersAPIRequest"}
{"level":"DEBUG","location":"[get_call:159] fyersModel","message":{"Status Code":200,"API":"/history"},"timestamp":"2026-06-04 15:15:00,312+0530","service":"FyersAPIRequest"}
{"level":"DEBUG","location":"[get_call:159] fyersModel","message":{"Status Code":200,"API":"/history"},"timestamp":"2026-06-04 15:15:00,615+0530","service":"FyersAPIRequest"}
{"level":"DEBUG","location":"[get_call:159] fyersModel","message":{"Status Code":200,"API":"/history"},"timestamp":"2026-06-04 15:15:00,922+0530","service":"FyersAPIRequest"}
{"level":"DEBUG","location":"[get_call:159] fyersModel","message":{"Status Code":200,"API":"/history"},"timestamp":"2026-06-04 15:15:01,232+0530","service":"FyersAPIRequest"}
{"level":"DEBUG","location":"[get_call:159] fyersModel","message":{"Status Code":200,"API":"/history"},"timestamp":"2026-06-04 15:15:01,568+0530","service":"FyersAPIRequest"}
{"level":"DEBUG","location":"[get_call:159] fyersModel","message":{"Status Code":200,"API":"/history"},"timestamp":"2026-06-04 15:15:01,880+0530","service":"FyersAPIRequest"}
{"level":"DEBUG","location":"[get_call:159] fyersModel","message":{"Status Code":200,"API":"/history"},"timestamp":"2026-06-04 15:15:02,249+0530","service":"FyersAPIRequest"}
{"level":"DEBUG","location":"[get_call:159] fyersModel","message":{"Status Code":200,"API":"/history"},"timestamp":"2026-06-04 15:15:02,538+0530","service":"FyersAPIRequest"}
{"level":"DEBUG","location":"[get_call:159] fyersModel","message":{"Status Code":200,"API":"/history"},"timestamp":"2026-06-04 15:15:03,220+0530","service":"FyersAPIRequest"}
{"level":"DEBUG","location":"[get_call:159] fyersModel","message":{"Status Code":200,"API":"/history"},"timestamp":"2026-06-04 15:15:03,823+0530","service":"FyersAPIRequest"}
{"level":"DEBUG","location":"[get_call:159] fyersModel","message":{"Status Code":200,"API":"/history"},"timestamp":"2026-06-04 15:15:04,427+0530","service":"FyersAPIRequest"}
{"level":"DEBUG","location":"[get_call:159] fyersModel","message":{"Status Code":200,"API":"/history"},"timestamp":"2026-06-04 15:15:04,886+0530","service":"FyersAPIRequest"}
{"level":"DEBUG","location":"[get_call:159] fyersModel","message":{"Status Code":200,"API":"/history"},"timestamp":"2026-06-04 15:15:05,331+0530","service":"FyersAPIRequest"}
{"level":"DEBUG","location":"[get_call:159] fyersModel","message":{"Status Code":200,"API":"/history"},"timestamp":"2026-06-04 15:15:05,935+0530","service":"FyersAPIRequest"}
{"level":"DEBUG","location":"[get_call:159] fyersModel","message":{"Status Code":200,"API":"/history"},"timestamp":"2026-06-04 15:15:06,422+0530","service":"FyersAPIRequest"}
{"level":"DEBUG","location":"[get_call:159] fyersModel","message":{"Status Code":200,"API":"/history"},"timestamp":"2026-06-04 15:15:06,709+0530","service":"FyersAPIRequest"}
{"level":"DEBUG","location":"[get_call:159] fyersModel","message":{"Status Code":200,"API":"/history"},"timestamp":"2026-06-04 15:15:06,998+0530","service":"FyersAPIRequest"}
{"level":"DEBUG","location":"[get_call:159] fyersModel","message":{"Status Code":200,"API":"/history"},"timestamp":"2026-06-04 15:15:07,284+0530","service":"FyersAPIRequest"}
{"level":"DEBUG","location":"[get_call:159] fyersModel","message":{"Status Code":200,"API":"/history"},"timestamp":"2026-06-04 15:15:07,615+0530","service":"FyersAPIRequest"}
{"level":"DEBUG","location":"[get_call:159] fyersModel","message":{"Status Code":200,"API":"/history"},"timestamp":"2026-06-04 15:15:08,031+0530","service":"FyersAPIRequest"}
{"level":"DEBUG","location":"[get_call:159] fyersModel","message":{"Status Code":200,"API":"/history"},"timestamp":"2026-06-04 15:15:08,353+0530","service":"FyersAPIRequest"}
{"level":"DEBUG","location":"[get_call:159] fyersModel","message":{"Status Code":200,"API":"/history"},"timestamp":"2026-06-04 15:15:08,628+0530","service":"FyersAPIRequest"}
{"level":"DEBUG","location":"[get_call:159] fyersModel","message":{"Status Code":200,"API":"/history"},"timestamp":"2026-06-04 15:15:08,935+0530","service":"FyersAPIRequest"}
{"level":"DEBUG","location":"[get_call:159] fyersModel","message":{"Status Code":200,"API":"/history"},"timestamp":"2026-06-04 15:15:09,250+0530","service":"FyersAPIRequest"}
{"level":"DEBUG","location":"[get_call:159] fyersModel","message":{"Status Code":200,"API":"/history"},"timestamp":"2026-06-04 15:15:09,656+0530","service":"FyersAPIRequest"}
{"level":"DEBUG","location":"[get_call:159] fyersModel","message":{"Status Code":200,"API":"/history"},"timestamp":"2026-06-04 15:15:09,959+0530","service":"FyersAPIRequest"}
{"level":"DEBUG","location":"[get_call:159] fyersModel","message":{"Status Code":200,"API":"/history"},"timestamp":"2026-06-04 15:15:10,249+0530","service":"FyersAPIRequest"}
{"level":"DEBUG","location":"[get_call:159] fyersModel","message":{"Status Code":200,"API":"/history"},"timestamp":"2026-06-04 15:15:10,602+0530","service":"FyersAPIRequest"}
{"level":"DEBUG","location":"[get_call:159] fyersModel","message":{"Status Code":200,"API":"/history"},"timestamp":"2026-06-04 15:15:10,922+0530","service":"FyersAPIRequest"}
{"level":"DEBUG","location":"[get_call:159] fyersModel","message":{"Status Code":200,"API":"/history"},"timestamp":"2026-06-04 15:15:11,202+0530","service":"FyersAPIRequest"}
{"level":"DEBUG","location":"[get_call:159] fyersModel","message":{"Status Code":200,"API":"/history"},"timestamp":"2026-06-04 15:15:11,497+0530","service":"FyersAPIRequest"}
{"level":"DEBUG","location":"[get_call:159] fyersModel","message":{"Status Code":200,"API":"/history"},"timestamp":"2026-06-04 15:15:11,821+0530","service":"FyersAPIRequest"}
{"level":"DEBUG","location":"[get_call:159] fyersModel","message":{"Status Code":200,"API":"/history"},"timestamp":"2026-06-04 15:15:12,116+0530","service":"FyersAPIRequest"}
{"level":"DEBUG","location":"[get_call:159] fyersModel","message":{"Status Code":200,"API":"/history"},"timestamp":"2026-06-04 15:15:12,410+0530","service":"FyersAPIRequest"}
{"level":"DEBUG","location":"[get_call:159] fyersModel","message":{"Status Code":200,"API":"/history"},"timestamp":"2026-06-04 15:15:12,713+0530","service":"FyersAPIRequest"}
{"level":"DEBUG","location":"[get_call:159] fyersModel","message":{"Status Code":200,"API":"/history"},"timestamp":"2026-06-04 15:15:14,063+0530","service":"FyersAPIRequest"}
{"level":"DEBUG","location":"[get_call:159] fyersModel","message":{"Status Code":200,"API":"/history"},"timestamp":"2026-06-04 15:15:14,346+0530","service":"FyersAPIRequest"}
{"level":"DEBUG","location":"[get_call:159] fyersModel","message":{"Status Code":200,"API":"/history"},"timestamp":"2026-06-04 15:15:14,635+0530","service":"FyersAPIRequest"}
{"level":"DEBUG","location":"[get_call:159] fyersModel","message":{"Status Code":200,"API":"/history"},"timestamp":"2026-06-04 15:15:14,938+0530","service":"FyersAPIRequest"}
{"level":"DEBUG","location":"[get_call:159] fyersModel","message":{"Status Code":200,"API":"/history"},"timestamp":"2026-06-04 15:15:15,229+0530","service":"FyersAPIRequest"}
{"level":"DEBUG","location":"[get_call:159] fyersModel","message":{"Status Code":200,"API":"/history"},"timestamp":"2026-06-04 15:15:15,528+0530","service":"FyersAPIRequest"}
{"level":"DEBUG","location":"[get_call:159] fyersModel","message":{"Status Code":200,"API":"/history"},"timestamp":"2026-06-04 15:15:15,811+0530","service":"FyersAPIRequest"}
{"level":"DEBUG","location":"[get_call:159] fyersModel","message":{"Status Code":200,"API":"/history"},"timestamp":"2026-06-04 15:15:16,122+0530","service":"FyersAPIRequest"}
{"level":"DEBUG","location":"[get_call:159] fyersModel","message":{"Status Code":200,"API":"/history"},"timestamp":"2026-06-04 15:15:16,426+0530","service":"FyersAPIRequest"}
{"level":"DEBUG","location":"[get_call:159] fyersModel","message":{"Status Code":200,"API":"/history"},"timestamp":"2026-06-04 15:15:16,729+0530","service":"FyersAPIRequest"}
{"level":"DEBUG","location":"[get_call:159] fyersModel","message":{"Status Code":200,"API":"/history"},"timestamp":"2026-06-04 15:15:17,021+0530","service":"FyersAPIRequest"}
{"level":"DEBUG","location":"[get_call:159] fyersModel","message":{"Status Code":200,"API":"/history"},"timestamp":"2026-06-04 15:15:17,316+0530","service":"FyersAPIRequest"}
{"level":"DEBUG","location":"[get_call:159] fyersModel","message":{"Status Code":200,"API":"/history"},"timestamp":"2026-06-04 15:15:17,596+0530","service":"FyersAPIRequest"}
{"level":"DEBUG","location":"[get_call:159] fyersModel","message":{"Status Code":200,"API":"/history"},"timestamp":"2026-06-04 15:15:17,865+0530","service":"FyersAPIRequest"}
{"level":"DEBUG","location":"[get_call:159] fyersModel","message":{"Status Code":200,"API":"/history"},"timestamp":"2026-06-04 15:15:18,148+0530","service":"FyersAPIRequest"}
{"level":"DEBUG","location":"[get_call:159] fyersModel","message":{"Status Code":200,"API":"/history"},"timestamp":"2026-06-04 15:15:18,430+0530","service":"FyersAPIRequest"}
{"level":"DEBUG","location":"[get_call:159] fyersModel","message":{"Status Code":200,"API":"/history"},"timestamp":"2026-06-04 15:15:18,734+0530","service":"FyersAPIRequest"}
{"level":"DEBUG","location":"[get_call:159] fyersModel","message":{"Status Code":200,"API":"/history"},"timestamp":"2026-06-04 15:15:19,023+0530","service":"FyersAPIRequest"}
{"level":"DEBUG","location":"[get_call:159] fyersModel","message":{"Status Code":200,"API":"/history"},"timestamp":"2026-06-04 15:15:19,329+0530","service":"FyersAPIRequest"}
{"level":"DEBUG","location":"[get_call:159] fyersModel","message":{"Status Code":200,"API":"/history"},"timestamp":"2026-06-04 15:15:19,623+0530","service":"FyersAPIRequest"}
{"level":"DEBUG","location":"[get_call:159] fyersModel","message":{"Status Code":200,"API":"/history"},"timestamp":"2026-06-04 15:15:19,944+0530","service":"FyersAPIRequest"}
{"level":"DEBUG","location":"[get_call:159] fyersModel","message":{"Status Code":200,"API":"/history"},"timestamp":"2026-06-04 15:15:20,240+0530","service":"FyersAPIRequest"}
{"level":"DEBUG","location":"[get_call:159] fyersModel","message":{"Status Code":200,"API":"/history"},"timestamp":"2026-06-04 15:15:20,533+0530","service":"FyersAPIRequest"}
{"level":"DEBUG","location":"[get_call:159] fyersModel","message":{"Status Code":200,"API":"/history"},"timestamp":"2026-06-04 15:15:20,826+0530","service":"FyersAPIRequest"}
{"level":"DEBUG","location":"[get_call:159] fyersModel","message":{"Status Code":200,"API":"/history"},"timestamp":"2026-06-04 15:15:21,116+0530","service":"FyersAPIRequest"}
{"level":"DEBUG","location":"[get_call:159] fyersModel","message":{"Status Code":200,"API":"/history"},"timestamp":"2026-06-04 15:15:21,413+0530","service":"FyersAPIRequest"}
{"level":"DEBUG","location":"[get_call:159] fyersModel","message":{"Status Code":200,"API":"/history"},"timestamp":"2026-06-04 15:15:21,686+0530","service":"FyersAPIRequest"}
{"level":"DEBUG","location":"[get_call:159] fyersModel","message":{"Status Code":200,"API":"/history"},"timestamp":"2026-06-04 15:15:21,986+0530","service":"FyersAPIRequest"}
{"level":"DEBUG","location":"[get_call:159] fyersModel","message":{"Status Code":200,"API":"/history"},"timestamp":"2026-06-04 15:15:22,299+0530","service":"FyersAPIRequest"}
{"level":"DEBUG","location":"[get_call:159] fyersModel","message":{"Status Code":422,"API":"/history"},"timestamp":"2026-06-04 15:15:22,558+0530","service":"FyersAPIRequest"}
{"level":"DEBUG","location":"[get_call:159] fyersModel","message":{"Status Code":422,"API":"/history"},"timestamp":"2026-06-04 15:15:22,639+0530","service":"FyersAPIRequest"}
{"level":"DEBUG","location":"[get_call:159] fyersModel","message":{"Status Code":422,"API":"/history"},"timestamp":"2026-06-04 15:15:22,724+0530","service":"FyersAPIRequest"}
{"level":"DEBUG","location":"[get_call:159] fyersModel","message":{"Status Code":422,"API":"/history"},"timestamp":"2026-06-04 15:15:22,806+0530","service":"FyersAPIRequest"}
{"level":"DEBUG","location":"[get_call:159] fyersModel","message":{"Status Code":422,"API":"/history"},"timestamp":"2026-06-04 15:15:22,889+0530","service":"FyersAPIRequest"}
{"level":"DEBUG","location":"[get_call:159] fyersModel","message":{"Status Code":422,"API":"/history"},"timestamp":"2026-06-04 15:15:22,976+0530","service":"FyersAPIRequest"}
{"level":"DEBUG","location":"[get_call:159] fyersModel","message":{"Status Code":422,"API":"/history"},"timestamp":"2026-06-04 15:15:23,073+0530","service":"FyersAPIRequest"}
{"level":"DEBUG","location":"[get_call:159] fyersModel","message":{"Status Code":422,"API":"/history"},"timestamp":"2026-06-04 15:15:23,215+0530","service":"FyersAPIRequest"}
{"level":"DEBUG","location":"[get_call:159] fyersModel","message":{"Status Code":422,"API":"/history"},"timestamp":"2026-06-04 15:15:23,318+0530","service":"FyersAPIRequest"}
{"level":"DEBUG","location":"[get_call:159] fyersModel","message":{"Status Code":422,"API":"/history"},"timestamp":"2026-06-04 15:15:23,406+0530","service":"FyersAPIRequest"}
{"level":"DEBUG","location":"[get_call:159] fyersModel","message":{"Status Code":422,"API":"/history"},"timestamp":"2026-06-04 15:15:23,496+0530","service":"FyersAPIRequest"}
{"level":"DEBUG","location":"[get_call:159] fyersModel","message":{"Status Code":422,"API":"/history"},"timestamp":"2026-06-04 15:15:23,704+0530","service":"FyersAPIRequest"}
{"level":"DEBUG","location":"[get_call:159] fyersModel","message":{"Status Code":422,"API":"/history"},"timestamp":"2026-06-04 15:15:23,791+0530","service":"FyersAPIRequest"}
{"level":"DEBUG","location":"[get_call:159] fyersModel","message":{"Status Code":422,"API":"/history"},"timestamp":"2026-06-04 15:15:23,885+0530","service":"FyersAPIRequest"}
{"level":"DEBUG","location":"[get_call:159] fyersModel","message":{"Status Code":422,"API":"/history"},"timestamp":"2026-06-04 15:15:23,978+0530","service":"FyersAPIRequest"}
{"level":"DEBUG","location":"[get_call:159] fyersModel","message":{"Status Code":422,"API":"/history"},"timestamp":"2026-06-04 15:15:24,076+0530","service":"FyersAPIRequest"}
{"level":"DEBUG","location":"[get_call:159] fyersModel","message":{"Status Code":422,"API":"/history"},"timestamp":"2026-06-04 15:15:24,185+0530","service":"FyersAPIRequest"}
{"level":"DEBUG","location":"[get_call:159] fyersModel","message":{"Status Code":422,"API":"/history"},"timestamp":"2026-06-04 15:15:24,272+0530","service":"FyersAPIRequest"}
{"level":"DEBUG","location":"[get_call:159] fyersModel","message":{"Status Code":422,"API":"/history"},"timestamp":"2026-06-04 15:15:24,351+0530","service":"FyersAPIRequest"}
{"level":"DEBUG","location":"[get_call:159] fyersModel","message":{"Status Code":422,"API":"/history"},"timestamp":"2026-06-04 15:15:24,429+0530","service":"FyersAPIRequest"}
{"level":"DEBUG","location":"[get_call:159] fyersModel","message":{"Status Code":422,"API":"/history"},"timestamp":"2026-06-04 15:15:24,527+0530","service":"FyersAPIRequest"}
{"level":"DEBUG","location":"[get_call:159] fyersModel","message":{"Status Code":422,"API":"/history"},"timestamp":"2026-06-04 15:15:24,620+0530","service":"FyersAPIRequest"}
{"level":"DEBUG","location":"[get_call:159] fyersModel","message":{"Status Code":422,"API":"/history"},"timestamp":"2026-06-04 15:15:24,854+0530","service":"FyersAPIRequest"}
{"level":"DEBUG","location":"[get_call:159] fyersModel","message":{"Status Code":422,"API":"/history"},"timestamp":"2026-06-04 15:15:24,935+0530","service":"FyersAPIRequest"}
{"level":"DEBUG","location":"[get_call:159] fyersModel","message":{"Status Code":422,"API":"/history"},"timestamp":"2026-06-04 15:15:25,018+0530","service":"FyersAPIRequest"}
{"level":"DEBUG","location":"[get_call:159] fyersModel","message":{"Status Code":422,"API":"/history"},"timestamp":"2026-06-04 15:15:25,122+0530","service":"FyersAPIRequest"}
{"level":"DEBUG","location":"[get_call:159] fyersModel","message":{"Status Code":422,"API":"/history"},"timestamp":"2026-06-04 15:15:25,201+0530","service":"FyersAPIRequest"}
{"level":"DEBUG","location":"[get_call:159] fyersModel","message":{"Status Code":422,"API":"/history"},"timestamp":"2026-06-04 15:15:25,294+0530","service":"FyersAPIRequest"}
{"level":"DEBUG","location":"[get_call:159] fyersModel","message":{"Status Code":422,"API":"/history"},"timestamp":"2026-06-04 15:15:25,385+0530","service":"FyersAPIRequest"}
{"level":"DEBUG","location":"[get_call:159] fyersModel","message":{"Status Code":422,"API":"/history"},"timestamp":"2026-06-04 15:15:25,470+0530","service":"FyersAPIRequest"}
{"level":"DEBUG","location":"[get_call:159] fyersModel","message":{"Status Code":422,"API":"/history"},"timestamp":"2026-06-04 15:15:25,557+0530","service":"FyersAPIRequest"}
{"level":"DEBUG","location":"[get_call:159] fyersModel","message":{"Status Code":422,"API":"/history"},"timestamp":"2026-06-04 15:15:25,660+0530","service":"FyersAPIRequest"}
{"level":"DEBUG","location":"[get_call:159] fyersModel","message":{"Status Code":429,"API":"/history"},"timestamp":"2026-06-04 15:15:25,739+0530","service":"FyersAPIRequest"}
{"level":"DEBUG","location":"[get_call:159] fyersModel","message":{"Status Code":429,"API":"/history"},"timestamp":"2026-06-04 15:15:26,835+0530","service":"FyersAPIRequest"}
{"level":"DEBUG","location":"[get_call:159] fyersModel","message":{"Status Code":422,"API":"/history"},"timestamp":"2026-06-04 15:15:28,949+0530","service":"FyersAPIRequest"}
{"level":"DEBUG","location":"[get_call:159] fyersModel","message":{"Status Code":200,"API":"/history"},"timestamp":"2026-06-04 15:15:29,181+0530","service":"FyersAPIRequest"}
{"level":"DEBUG","location":"[get_call:159] fyersModel","message":{"Status Code":200,"API":"/history"},"timestamp":"2026-06-04 15:15:29,484+0530","service":"FyersAPIRequest"}
{"level":"DEBUG","location":"[get_call:159] fyersModel","message":{"Status Code":200,"API":"/history"},"timestamp":"2026-06-04 15:15:29,762+0530","service":"FyersAPIRequest"}
{"level":"DEBUG","location":"[get_call:159] fyersModel","message":{"Status Code":200,"API":"/history"},"timestamp":"2026-06-04 15:15:30,076+0530","service":"FyersAPIRequest"}
{"level":"DEBUG","location":"[get_call:159] fyersModel","message":{"Status Code":200,"API":"/history"},"timestamp":"2026-06-04 15:15:30,367+0530","service":"FyersAPIRequest"}
{"level":"DEBUG","location":"[get_call:159] fyersModel","message":{"Status Code":200,"API":"/history"},"timestamp":"2026-06-04 15:15:30,658+0530","service":"FyersAPIRequest"}
{"level":"DEBUG","location":"[get_call:159] fyersModel","message":{"Status Code":200,"API":"/history"},"timestamp":"2026-06-04 15:15:30,959+0530","service":"FyersAPIRequest"}
{"level":"DEBUG","location":"[get_call:159] fyersModel","message":{"Status Code":200,"API":"/history"},"timestamp":"2026-06-04 15:15:31,249+0530","service":"FyersAPIRequest"}
{"level":"DEBUG","location":"[get_call:159] fyersModel","message":{"Status Code":200,"API":"/history"},"timestamp":"2026-06-04 15:15:31,534+0530","service":"FyersAPIRequest"}
{"level":"DEBUG","location":"[get_call:159] fyersModel","message":{"Status Code":200,"API":"/history"},"timestamp":"2026-06-04 15:15:31,821+0530","service":"FyersAPIRequest"}
{"level":"DEBUG","location":"[get_call:159] fyersModel","message":{"Status Code":200,"API":"/history"},"timestamp":"2026-06-04 15:15:32,124+0530","service":"FyersAPIRequest"}
{"level":"DEBUG","location":"[get_call:159] fyersModel","message":{"Status Code":200,"API":"/history"},"timestamp":"2026-06-04 15:15:32,423+0530","service":"FyersAPIRequest"}
{"level":"DEBUG","location":"[get_call:159] fyersModel","message":{"Status Code":200,"API":"/history"},"timestamp":"2026-06-04 15:15:32,710+0530","service":"FyersAPIRequest"}
{"level":"DEBUG","location":"[get_call:159] fyersModel","message":{"Status Code":200,"API":"/history"},"timestamp":"2026-06-04 15:15:32,995+0530","service":"FyersAPIRequest"}
{"level":"DEBUG","location":"[get_call:159] fyersModel","message":{"Status Code":200,"API":"/history"},"timestamp":"2026-06-04 15:15:33,281+0530","service":"FyersAPIRequest"}
{"level":"DEBUG","location":"[get_call:159] fyersModel","message":{"Status Code":200,"API":"/history"},"timestamp":"2026-06-04 15:15:33,580+0530","service":"FyersAPIRequest"}
{"level":"DEBUG","location":"[get_call:159] fyersModel","message":{"Status Code":200,"API":"/history"},"timestamp":"2026-06-04 15:15:33,869+0530","service":"FyersAPIRequest"}
{"level":"DEBUG","location":"[get_call:159] fyersModel","message":{"Status Code":200,"API":"/history"},"timestamp":"2026-06-04 15:15:34,155+0530","service":"FyersAPIRequest"}
{"level":"DEBUG","location":"[get_call:159] fyersModel","message":{"Status Code":200,"API":"/history"},"timestamp":"2026-06-04 15:15:34,438+0530","service":"FyersAPIRequest"}
{"level":"DEBUG","location":"[get_call:159] fyersModel","message":{"Status Code":200,"API":"/history"},"timestamp":"2026-06-04 15:15:34,717+0530","service":"FyersAPIRequest"}
{"level":"DEBUG","location":"[get_call:159] fyersModel","message":{"Status Code":200,"API":"/history"},"timestamp":"2026-06-04 15:15:34,991+0530","service":"FyersAPIRequest"}
{"level":"DEBUG","location":"[get_call:159] fyersModel","message":{"Status Code":200,"API":"/history"},"timestamp":"2026-06-04 15:15:35,285+0530","service":"FyersAPIRequest"}
{"level":"DEBUG","location":"[get_call:159] fyersModel","message":{"Status Code":200,"API":"/history"},"timestamp":"2026-06-04 15:15:35,575+0530","service":"FyersAPIRequest"}
{"level":"DEBUG","location":"[get_call:159] fyersModel","message":{"Status Code":200,"API":"/history"},"timestamp":"2026-06-04 15:15:35,855+0530","service":"FyersAPIRequest"}
{"level":"DEBUG","location":"[get_call:159] fyersModel","message":{"Status Code":200,"API":"/history"},"timestamp":"2026-06-04 15:15:36,128+0530","service":"FyersAPIRequest"}
{"level":"DEBUG","location":"[get_call:159] fyersModel","message":{"Status Code":200,"API":"/history"},"timestamp":"2026-06-04 15:15:36,413+0530","service":"FyersAPIRequest"}
{"level":"DEBUG","location":"[get_call:159] fyersModel","message":{"Status Code":200,"API":"/history"},"timestamp":"2026-06-04 15:15:36,923+0530","service":"FyersAPIRequest"}
{"level":"DEBUG","location":"[get_call:159] fyersModel","message":{"Status Code":200,"API":"/history"},"timestamp":"2026-06-04 15:15:37,523+0530","service":"FyersAPIRequest"}
{"level":"DEBUG","location":"[get_call:159] fyersModel","message":{"Status Code":200,"API":"/history"},"timestamp":"2026-06-04 15:15:37,975+0530","service":"FyersAPIRequest"}
{"level":"DEBUG","location":"[get_call:159] fyersModel","message":{"Status Code":200,"API":"/history"},"timestamp":"2026-06-04 15:15:38,428+0530","service":"FyersAPIRequest"}
{"level":"DEBUG","location":"[get_call:159] fyersModel","message":{"Status Code":200,"API":"/history"},"timestamp":"2026-06-04 15:15:38,883+0530","service":"FyersAPIRequest"}
{"level":"DEBUG","location":"[get_call:159] fyersModel","message":{"Status Code":200,"API":"/history"},"timestamp":"2026-06-04 15:15:39,335+0530","service":"FyersAPIRequest"}
{"level":"DEBUG","location":"[get_call:159] fyersModel","message":{"Status Code":200,"API":"/history"},"timestamp":"2026-06-04 15:15:39,787+0530","service":"FyersAPIRequest"}
{"level":"DEBUG","location":"[post_call:100] fyersModel","message":{"Status Code":200,"API":"/orders/sync"},"timestamp":"2026-06-04 15:17:00,237+0530","service":"FyersAPIRequest"}
{"level":"DEBUG","location":"[get_call:159] fyersModel","message":{"Status Code":200,"API":"/orders"},"timestamp":"2026-06-04 15:17:00,290+0530","service":"FyersAPIRequest"}
{"level":"DEBUG","location":"[post_call:100] fyersModel","message":{"Status Code":200,"API":"/gtt/orders/sync"},"timestamp":"2026-06-04 15:17:00,357+0530","service":"FyersAPIRequest"}
{"level":"DEBUG","location":"[post_call:100] fyersModel","message":{"Status Code":200,"API":"/orders/sync"},"timestamp":"2026-06-04 15:17:00,425+0530","service":"FyersAPIRequest"}
{"level":"DEBUG","location":"[get_call:159] fyersModel","message":{"Status Code":200,"API":"/orders"},"timestamp":"2026-06-04 15:17:00,485+0530","service":"FyersAPIRequest"}
{"level":"DEBUG","location":"[post_call:100] fyersModel","message":{"Status Code":200,"API":"/gtt/orders/sync"},"timestamp":"2026-06-04 15:17:00,560+0530","service":"FyersAPIRequest"}
{"level":"DEBUG","location":"[post_call:100] fyersModel","message":{"Status Code":200,"API":"/orders/sync"},"timestamp":"2026-06-04 15:17:00,621+0530","service":"FyersAPIRequest"}
{"level":"DEBUG","location":"[get_call:159] fyersModel","message":{"Status Code":200,"API":"/orders"},"timestamp":"2026-06-04 15:17:00,672+0530","service":"FyersAPIRequest"}
{"level":"DEBUG","location":"[post_call:100] fyersModel","message":{"Status Code":200,"API":"/gtt/orders/sync"},"timestamp":"2026-06-04 15:17:00,759+0530","service":"FyersAPIRequest"}
{"level":"DEBUG","location":"[get_call:159] fyersModel","message":{"Status Code":200,"API":"/positions"},"timestamp":"2026-06-04 23:22:02,681+0530","service":"FyersAPIRequest"}
{"level":"DEBUG","location":"[get_call:159] fyersModel","message":{"Status Code":200,"API":"/orders"},"timestamp":"2026-06-04 23:22:02,769+0530","service":"FyersAPIRequest"}
{"level":"DEBUG","location":"[get_call:159] fyersModel","message":{"Status Code":200,"API":"/orders"},"timestamp":"2026-06-04 23:22:02,837+0530","service":"FyersAPIRequest"}
{"level":"DEBUG","location":"[get_call:159] fyersModel","message":{"Status Code":200,"API":"/holdings"},"timestamp":"2026-06-04 23:22:02,926+0530","service":"FyersAPIRequest"}
{"level":"DEBUG","location":"[get_call:159] fyersModel","message":{"Status Code":200,"API":"/tradebook"},"timestamp":"2026-06-04 23:22:03,495+0530","service":"FyersAPIRequest"}
{"level":"DEBUG","location":"[get_call:159] fyersModel","message":{"Status Code":200,"API":"/funds"},"timestamp":"2026-06-04 23:22:04,071+0530","service":"FyersAPIRequest"}
{"level":"DEBUG","location":"[get_call:159] fyersModel","message":{"Status Code":200,"API":"/positions"},"timestamp":"2026-06-05 11:52:43,870+0530","service":"FyersAPIRequest"}
{"level":"DEBUG","location":"[get_call:159] fyersModel","message":{"Status Code":200,"API":"/orders"},"timestamp":"2026-06-05 11:52:43,918+0530","service":"FyersAPIRequest"}
{"level":"DEBUG","location":"[get_call:159] fyersModel","message":{"Status Code":200,"API":"/orders"},"timestamp":"2026-06-05 11:52:43,999+0530","service":"FyersAPIRequest"}
{"level":"DEBUG","location":"[get_call:159] fyersModel","message":{"Status Code":200,"API":"/holdings"},"timestamp":"2026-06-05 11:52:44,058+0530","service":"FyersAPIRequest"}
{"level":"DEBUG","location":"[get_call:159] fyersModel","message":{"Status Code":200,"API":"/tradebook"},"timestamp":"2026-06-05 11:52:44,605+0530","service":"FyersAPIRequest"}
{"level":"DEBUG","location":"[get_call:159] fyersModel","message":{"Status Code":200,"API":"/funds"},"timestamp":"2026-06-05 11:52:45,171+0530","service":"FyersAPIRequest"}
{"level":"DEBUG","location":"[get_call:159] fyersModel","message":{"Status Code":200,"API":"/positions"},"timestamp":"2026-06-05 11:52:45,221+0530","service":"FyersAPIRequest"}
{"level":"DEBUG","location":"[get_call:159] fyersModel","message":{"Status Code":200,"API":"/orders"},"timestamp":"2026-06-05 11:52:45,280+0530","service":"FyersAPIRequest"}
{"level":"DEBUG","location":"[get_call:159] fyersModel","message":{"Status Code":200,"API":"/orders"},"timestamp":"2026-06-05 11:52:45,328+0530","service":"FyersAPIRequest"}
{"level":"DEBUG","location":"[get_call:159] fyersModel","message":{"Status Code":200,"API":"/holdings"},"timestamp":"2026-06-05 11:52:45,380+0530","service":"FyersAPIRequest"}
{"level":"DEBUG","location":"[get_call:159] fyersModel","message":{"Status Code":200,"API":"/tradebook"},"timestamp":"2026-06-05 11:52:45,964+0530","service":"FyersAPIRequest"}
{"level":"DEBUG","location":"[get_call:159] fyersModel","message":{"Status Code":200,"API":"/funds"},"timestamp":"2026-06-05 11:52:46,522+0530","service":"FyersAPIRequest"}
{"level":"DEBUG","location":"[get_call:159] fyersModel","message":{"Status Code":200,"API":"/positions"},"timestamp":"2026-06-05 15:01:16,800+0530","service":"FyersAPIRequest"}
{"level":"DEBUG","location":"[get_call:159] fyersModel","message":{"Status Code":200,"API":"/orders"},"timestamp":"2026-06-05 15:01:16,860+0530","service":"FyersAPIRequest"}
{"level":"DEBUG","location":"[get_call:159] fyersModel","message":{"Status Code":200,"API":"/orders"},"timestamp":"2026-06-05 15:01:16,914+0530","service":"FyersAPIRequest"}
{"level":"DEBUG","location":"[get_call:159] fyersModel","message":{"Status Code":200,"API":"/holdings"},"timestamp":"2026-06-05 15:01:16,976+0530","service":"FyersAPIRequest"}
{"level":"DEBUG","location":"[get_call:159] fyersModel","message":{"Status Code":200,"API":"/tradebook"},"timestamp":"2026-06-05 15:01:17,545+0530","service":"FyersAPIRequest"}
{"level":"DEBUG","location":"[get_call:159] fyersModel","message":{"Status Code":200,"API":"/funds"},"timestamp":"2026-06-05 15:01:18,100+0530","service":"FyersAPIRequest"}
{"level":"DEBUG","location":"[get_call:159] fyersModel","message":{"Status Code":200,"API":"/history"},"timestamp":"2026-06-05 15:14:44,035+0530","service":"FyersAPIRequest"}
{"level":"DEBUG","location":"[get_call:159] fyersModel","message":{"Status Code":200,"API":"/history"},"timestamp":"2026-06-05 15:14:44,308+0530","service":"FyersAPIRequest"}
{"level":"DEBUG","location":"[get_call:159] fyersModel","message":{"Status Code":200,"API":"/history"},"timestamp":"2026-06-05 15:14:44,565+0530","service":"FyersAPIRequest"}
{"level":"DEBUG","location":"[get_call:159] fyersModel","message":{"Status Code":200,"API":"/history"},"timestamp":"2026-06-05 15:14:44,832+0530","service":"FyersAPIRequest"}
{"level":"DEBUG","location":"[get_call:159] fyersModel","message":{"Status Code":200,"API":"/history"},"timestamp":"2026-06-05 15:14:45,095+0530","service":"FyersAPIRequest"}
{"level":"DEBUG","location":"[get_call:159] fyersModel","message":{"Status Code":200,"API":"/history"},"timestamp":"2026-06-05 15:14:45,618+0530","service":"FyersAPIRequest"}
{"level":"DEBUG","location":"[get_call:159] fyersModel","message":{"Status Code":200,"API":"/history"},"timestamp":"2026-06-05 15:14:45,865+0530","service":"FyersAPIRequest"}
{"level":"DEBUG","location":"[get_call:159] fyersModel","message":{"Status Code":200,"API":"/history"},"timestamp":"2026-06-05 15:14:46,130+0530","service":"FyersAPIRequest"}
{"level":"DEBUG","location":"[get_call:159] fyersModel","message":{"Status Code":200,"API":"/history"},"timestamp":"2026-06-05 15:14:46,653+0530","service":"FyersAPIRequest"}
{"level":"DEBUG","location":"[get_call:159] fyersModel","message":{"Status Code":200,"API":"/history"},"timestamp":"2026-06-05 15:14:46,914+0530","service":"FyersAPIRequest"}
{"level":"DEBUG","location":"[get_call:159] fyersModel","message":{"Status Code":200,"API":"/history"},"timestamp":"2026-06-05 15:14:47,222+0530","service":"FyersAPIRequest"}
{"level":"DEBUG","location":"[get_call:159] fyersModel","message":{"Status Code":200,"API":"/history"},"timestamp":"2026-06-05 15:14:47,508+0530","service":"FyersAPIRequest"}
{"level":"DEBUG","location":"[get_call:159] fyersModel","message":{"Status Code":200,"API":"/history"},"timestamp":"2026-06-05 15:14:47,793+0530","service":"FyersAPIRequest"}
{"level":"DEBUG","location":"[get_call:159] fyersModel","message":{"Status Code":200,"API":"/history"},"timestamp":"2026-06-05 15:14:48,046+0530","service":"FyersAPIRequest"}
{"level":"DEBUG","location":"[get_call:159] fyersModel","message":{"Status Code":200,"API":"/history"},"timestamp":"2026-06-05 15:14:48,365+0530","service":"FyersAPIRequest"}
{"level":"DEBUG","location":"[get_call:159] fyersModel","message":{"Status Code":200,"API":"/history"},"timestamp":"2026-06-05 15:14:48,632+0530","service":"FyersAPIRequest"}
{"level":"DEBUG","location":"[get_call:159] fyersModel","message":{"Status Code":200,"API":"/history"},"timestamp":"2026-06-05 15:14:48,887+0530","service":"FyersAPIRequest"}
{"level":"DEBUG","location":"[get_call:159] fyersModel","message":{"Status Code":200,"API":"/history"},"timestamp":"2026-06-05 15:14:49,136+0530","service":"FyersAPIRequest"}
{"level":"DEBUG","location":"[get_call:159] fyersModel","message":{"Status Code":200,"API":"/history"},"timestamp":"2026-06-05 15:14:49,397+0530","service":"FyersAPIRequest"}
{"level":"DEBUG","location":"[get_call:159] fyersModel","message":{"Status Code":200,"API":"/history"},"timestamp":"2026-06-05 15:14:49,655+0530","service":"FyersAPIRequest"}
{"level":"DEBUG","location":"[get_call:159] fyersModel","message":{"Status Code":200,"API":"/history"},"timestamp":"2026-06-05 15:14:49,918+0530","service":"FyersAPIRequest"}
{"level":"DEBUG","location":"[get_call:159] fyersModel","message":{"Status Code":200,"API":"/history"},"timestamp":"2026-06-05 15:14:50,183+0530","service":"FyersAPIRequest"}
{"level":"DEBUG","location":"[get_call:159] fyersModel","message":{"Status Code":200,"API":"/history"},"timestamp":"2026-06-05 15:14:50,463+0530","service":"FyersAPIRequest"}
{"level":"DEBUG","location":"[get_call:159] fyersModel","message":{"Status Code":200,"API":"/history"},"timestamp":"2026-06-05 15:14:50,723+0530","service":"FyersAPIRequest"}
{"level":"DEBUG","location":"[get_call:159] fyersModel","message":{"Status Code":200,"API":"/history"},"timestamp":"2026-06-05 15:14:50,984+0530","service":"FyersAPIRequest"}
{"level":"DEBUG","location":"[get_call:159] fyersModel","message":{"Status Code":200,"API":"/history"},"timestamp":"2026-06-05 15:14:51,247+0530","service":"FyersAPIRequest"}
{"level":"DEBUG","location":"[get_call:159] fyersModel","message":{"Status Code":200,"API":"/history"},"timestamp":"2026-06-05 15:14:51,501+0530","service":"FyersAPIRequest"}
{"level":"DEBUG","location":"[get_call:159] fyersModel","message":{"Status Code":200,"API":"/history"},"timestamp":"2026-06-05 15:14:51,762+0530","service":"FyersAPIRequest"}
{"level":"DEBUG","location":"[get_call:159] fyersModel","message":{"Status Code":200,"API":"/history"},"timestamp":"2026-06-05 15:14:52,041+0530","service":"FyersAPIRequest"}
{"level":"DEBUG","location":"[get_call:159] fyersModel","message":{"Status Code":200,"API":"/history"},"timestamp":"2026-06-05 15:14:52,326+0530","service":"FyersAPIRequest"}
{"level":"DEBUG","location":"[get_call:159] fyersModel","message":{"Status Code":200,"API":"/history"},"timestamp":"2026-06-05 15:14:52,588+0530","service":"FyersAPIRequest"}
{"level":"DEBUG","location":"[get_call:159] fyersModel","message":{"Status Code":200,"API":"/history"},"timestamp":"2026-06-05 15:14:52,871+0530","service":"FyersAPIRequest"}
{"level":"DEBUG","location":"[get_call:159] fyersModel","message":{"Status Code":200,"API":"/history"},"timestamp":"2026-06-05 15:14:53,147+0530","service":"FyersAPIRequest"}
{"level":"DEBUG","location":"[get_call:159] fyersModel","message":{"Status Code":200,"API":"/history"},"timestamp":"2026-06-05 15:14:53,399+0530","service":"FyersAPIRequest"}
{"level":"DEBUG","location":"[get_call:159] fyersModel","message":{"Status Code":200,"API":"/history"},"timestamp":"2026-06-05 15:14:53,676+0530","service":"FyersAPIRequest"}
{"level":"DEBUG","location":"[get_call:159] fyersModel","message":{"Status Code":200,"API":"/history"},"timestamp":"2026-06-05 15:14:53,925+0530","service":"FyersAPIRequest"}
{"level":"DEBUG","location":"[get_call:159] fyersModel","message":{"Status Code":200,"API":"/history"},"timestamp":"2026-06-05 15:14:54,181+0530","service":"FyersAPIRequest"}
{"level":"DEBUG","location":"[get_call:159] fyersModel","message":{"Status Code":200,"API":"/history"},"timestamp":"2026-06-05 15:14:54,434+0530","service":"FyersAPIRequest"}
{"level":"DEBUG","location":"[get_call:159] fyersModel","message":{"Status Code":200,"API":"/history"},"timestamp":"2026-06-05 15:14:54,693+0530","service":"FyersAPIRequest"}
{"level":"DEBUG","location":"[get_call:159] fyersModel","message":{"Status Code":200,"API":"/history"},"timestamp":"2026-06-05 15:14:54,946+0530","service":"FyersAPIRequest"}
{"level":"DEBUG","location":"[get_call:159] fyersModel","message":{"Status Code":200,"API":"/history"},"timestamp":"2026-06-05 15:14:55,197+0530","service":"FyersAPIRequest"}
{"level":"DEBUG","location":"[get_call:159] fyersModel","message":{"Status Code":200,"API":"/history"},"timestamp":"2026-06-05 15:14:55,443+0530","service":"FyersAPIRequest"}
{"level":"DEBUG","location":"[get_call:159] fyersModel","message":{"Status Code":422,"API":"/history"},"timestamp":"2026-06-05 15:14:55,685+0530","service":"FyersAPIRequest"}
{"level":"DEBUG","location":"[get_call:159] fyersModel","message":{"Status Code":422,"API":"/history"},"timestamp":"2026-06-05 15:14:55,777+0530","service":"FyersAPIRequest"}
{"level":"DEBUG","location":"[get_call:159] fyersModel","message":{"Status Code":422,"API":"/history"},"timestamp":"2026-06-05 15:14:55,883+0530","service":"FyersAPIRequest"}
{"level":"DEBUG","location":"[get_call:159] fyersModel","message":{"Status Code":422,"API":"/history"},"timestamp":"2026-06-05 15:14:55,983+0530","service":"FyersAPIRequest"}
{"level":"DEBUG","location":"[get_call:159] fyersModel","message":{"Status Code":422,"API":"/history"},"timestamp":"2026-06-05 15:14:56,071+0530","service":"FyersAPIRequest"}
{"level":"DEBUG","location":"[get_call:159] fyersModel","message":{"Status Code":422,"API":"/history"},"timestamp":"2026-06-05 15:14:56,167+0530","service":"FyersAPIRequest"}
{"level":"DEBUG","location":"[get_call:159] fyersModel","message":{"Status Code":422,"API":"/history"},"timestamp":"2026-06-05 15:14:56,261+0530","service":"FyersAPIRequest"}
{"level":"DEBUG","location":"[get_call:159] fyersModel","message":{"Status Code":422,"API":"/history"},"timestamp":"2026-06-05 15:14:56,352+0530","service":"FyersAPIRequest"}
{"level":"DEBUG","location":"[get_call:159] fyersModel","message":{"Status Code":422,"API":"/history"},"timestamp":"2026-06-05 15:14:56,443+0530","service":"FyersAPIRequest"}
{"level":"DEBUG","location":"[get_call:159] fyersModel","message":{"Status Code":422,"API":"/history"},"timestamp":"2026-06-05 15:14:56,539+0530","service":"FyersAPIRequest"}
{"level":"DEBUG","location":"[get_call:159] fyersModel","message":{"Status Code":422,"API":"/history"},"timestamp":"2026-06-05 15:14:56,627+0530","service":"FyersAPIRequest"}
{"level":"DEBUG","location":"[get_call:159] fyersModel","message":{"Status Code":200,"API":"/history"},"timestamp":"2026-06-05 15:14:56,853+0530","service":"FyersAPIRequest"}
{"level":"DEBUG","location":"[get_call:159] fyersModel","message":{"Status Code":200,"API":"/history"},"timestamp":"2026-06-05 15:14:57,124+0530","service":"FyersAPIRequest"}
{"level":"DEBUG","location":"[get_call:159] fyersModel","message":{"Status Code":200,"API":"/history"},"timestamp":"2026-06-05 15:14:57,398+0530","service":"FyersAPIRequest"}
{"level":"DEBUG","location":"[get_call:159] fyersModel","message":{"Status Code":200,"API":"/history"},"timestamp":"2026-06-05 15:14:57,664+0530","service":"FyersAPIRequest"}
{"level":"DEBUG","location":"[get_call:159] fyersModel","message":{"Status Code":200,"API":"/history"},"timestamp":"2026-06-05 15:14:57,931+0530","service":"FyersAPIRequest"}
{"level":"DEBUG","location":"[get_call:159] fyersModel","message":{"Status Code":200,"API":"/history"},"timestamp":"2026-06-05 15:14:58,207+0530","service":"FyersAPIRequest"}
{"level":"DEBUG","location":"[get_call:159] fyersModel","message":{"Status Code":200,"API":"/history"},"timestamp":"2026-06-05 15:14:58,463+0530","service":"FyersAPIRequest"}
{"level":"DEBUG","location":"[get_call:159] fyersModel","message":{"Status Code":200,"API":"/history"},"timestamp":"2026-06-05 15:14:58,744+0530","service":"FyersAPIRequest"}
{"level":"DEBUG","location":"[get_call:159] fyersModel","message":{"Status Code":200,"API":"/history"},"timestamp":"2026-06-05 15:14:58,993+0530","service":"FyersAPIRequest"}
{"level":"DEBUG","location":"[get_call:159] fyersModel","message":{"Status Code":200,"API":"/history"},"timestamp":"2026-06-05 15:14:59,262+0530","service":"FyersAPIRequest"}
{"level":"DEBUG","location":"[get_call:159] fyersModel","message":{"Status Code":200,"API":"/history"},"timestamp":"2026-06-05 15:14:59,525+0530","service":"FyersAPIRequest"}
{"level":"DEBUG","location":"[get_call:159] fyersModel","message":{"Status Code":200,"API":"/history"},"timestamp":"2026-06-05 15:14:59,786+0530","service":"FyersAPIRequest"}
{"level":"DEBUG","location":"[get_call:159] fyersModel","message":{"Status Code":200,"API":"/history"},"timestamp":"2026-06-05 15:15:00,078+0530","service":"FyersAPIRequest"}
{"level":"DEBUG","location":"[get_call:159] fyersModel","message":{"Status Code":200,"API":"/history"},"timestamp":"2026-06-05 15:15:00,366+0530","service":"FyersAPIRequest"}
{"level":"DEBUG","location":"[get_call:159] fyersModel","message":{"Status Code":200,"API":"/history"},"timestamp":"2026-06-05 15:15:00,645+0530","service":"FyersAPIRequest"}
{"level":"DEBUG","location":"[get_call:159] fyersModel","message":{"Status Code":200,"API":"/history"},"timestamp":"2026-06-05 15:15:00,901+0530","service":"FyersAPIRequest"}
{"level":"DEBUG","location":"[get_call:159] fyersModel","message":{"Status Code":200,"API":"/history"},"timestamp":"2026-06-05 15:15:01,338+0530","service":"FyersAPIRequest"}
{"level":"DEBUG","location":"[get_call:159] fyersModel","message":{"Status Code":200,"API":"/history"},"timestamp":"2026-06-05 15:15:01,602+0530","service":"FyersAPIRequest"}
{"level":"DEBUG","location":"[get_call:159] fyersModel","message":{"Status Code":200,"API":"/history"},"timestamp":"2026-06-05 15:15:01,871+0530","service":"FyersAPIRequest"}
{"level":"DEBUG","location":"[get_call:159] fyersModel","message":{"Status Code":200,"API":"/history"},"timestamp":"2026-06-05 15:15:02,243+0530","service":"FyersAPIRequest"}
{"level":"DEBUG","location":"[get_call:159] fyersModel","message":{"Status Code":200,"API":"/history"},"timestamp":"2026-06-05 15:15:02,544+0530","service":"FyersAPIRequest"}
{"level":"DEBUG","location":"[get_call:159] fyersModel","message":{"Status Code":200,"API":"/history"},"timestamp":"2026-06-05 15:15:02,837+0530","service":"FyersAPIRequest"}
{"level":"DEBUG","location":"[get_call:159] fyersModel","message":{"Status Code":200,"API":"/history"},"timestamp":"2026-06-05 15:15:03,121+0530","service":"FyersAPIRequest"}
{"level":"DEBUG","location":"[get_call:159] fyersModel","message":{"Status Code":200,"API":"/history"},"timestamp":"2026-06-05 15:15:03,444+0530","service":"FyersAPIRequest"}
{"level":"DEBUG","location":"[get_call:159] fyersModel","message":{"Status Code":200,"API":"/history"},"timestamp":"2026-06-05 15:15:03,723+0530","service":"FyersAPIRequest"}
{"level":"DEBUG","location":"[get_call:159] fyersModel","message":{"Status Code":200,"API":"/history"},"timestamp":"2026-06-05 15:15:04,131+0530","service":"FyersAPIRequest"}
{"level":"DEBUG","location":"[get_call:159] fyersModel","message":{"Status Code":200,"API":"/history"},"timestamp":"2026-06-05 15:15:04,418+0530","service":"FyersAPIRequest"}
{"level":"DEBUG","location":"[get_call:159] fyersModel","message":{"Status Code":200,"API":"/history"},"timestamp":"2026-06-05 15:15:04,709+0530","service":"FyersAPIRequest"}
{"level":"DEBUG","location":"[get_call:159] fyersModel","message":{"Status Code":200,"API":"/history"},"timestamp":"2026-06-05 15:15:04,976+0530","service":"FyersAPIRequest"}
{"level":"DEBUG","location":"[get_call:159] fyersModel","message":{"Status Code":200,"API":"/history"},"timestamp":"2026-06-05 15:15:05,255+0530","service":"FyersAPIRequest"}
{"level":"DEBUG","location":"[get_call:159] fyersModel","message":{"Status Code":200,"API":"/history"},"timestamp":"2026-06-05 15:15:05,533+0530","service":"FyersAPIRequest"}
{"level":"DEBUG","location":"[get_call:159] fyersModel","message":{"Status Code":200,"API":"/history"},"timestamp":"2026-06-05 15:15:05,851+0530","service":"FyersAPIRequest"}
{"level":"DEBUG","location":"[get_call:159] fyersModel","message":{"Status Code":200,"API":"/history"},"timestamp":"2026-06-05 15:15:06,120+0530","service":"FyersAPIRequest"}
{"level":"DEBUG","location":"[get_call:159] fyersModel","message":{"Status Code":200,"API":"/history"},"timestamp":"2026-06-05 15:15:06,447+0530","service":"FyersAPIRequest"}
{"level":"DEBUG","location":"[get_call:159] fyersModel","message":{"Status Code":200,"API":"/history"},"timestamp":"2026-06-05 15:15:06,722+0530","service":"FyersAPIRequest"}
{"level":"DEBUG","location":"[get_call:159] fyersModel","message":{"Status Code":200,"API":"/history"},"timestamp":"2026-06-05 15:15:07,015+0530","service":"FyersAPIRequest"}
{"level":"DEBUG","location":"[get_call:159] fyersModel","message":{"Status Code":200,"API":"/history"},"timestamp":"2026-06-05 15:15:07,278+0530","service":"FyersAPIRequest"}
{"level":"DEBUG","location":"[get_call:159] fyersModel","message":{"Status Code":200,"API":"/history"},"timestamp":"2026-06-05 15:15:07,568+0530","service":"FyersAPIRequest"}
{"level":"DEBUG","location":"[get_call:159] fyersModel","message":{"Status Code":200,"API":"/history"},"timestamp":"2026-06-05 15:15:07,846+0530","service":"FyersAPIRequest"}
{"level":"DEBUG","location":"[get_call:159] fyersModel","message":{"Status Code":200,"API":"/history"},"timestamp":"2026-06-05 15:15:08,141+0530","service":"FyersAPIRequest"}
{"level":"DEBUG","location":"[get_call:159] fyersModel","message":{"Status Code":200,"API":"/history"},"timestamp":"2026-06-05 15:15:08,418+0530","service":"FyersAPIRequest"}
{"level":"DEBUG","location":"[get_call:159] fyersModel","message":{"Status Code":200,"API":"/history"},"timestamp":"2026-06-05 15:15:08,725+0530","service":"FyersAPIRequest"}
{"level":"DEBUG","location":"[get_call:159] fyersModel","message":{"Status Code":200,"API":"/history"},"timestamp":"2026-06-05 15:15:08,999+0530","service":"FyersAPIRequest"}
{"level":"DEBUG","location":"[get_call:159] fyersModel","message":{"Status Code":200,"API":"/history"},"timestamp":"2026-06-05 15:15:09,262+0530","service":"FyersAPIRequest"}
{"level":"DEBUG","location":"[get_call:159] fyersModel","message":{"Status Code":200,"API":"/history"},"timestamp":"2026-06-05 15:15:09,551+0530","service":"FyersAPIRequest"}
{"level":"DEBUG","location":"[get_call:159] fyersModel","message":{"Status Code":200,"API":"/history"},"timestamp":"2026-06-05 15:15:09,850+0530","service":"FyersAPIRequest"}
{"level":"DEBUG","location":"[get_call:159] fyersModel","message":{"Status Code":200,"API":"/history"},"timestamp":"2026-06-05 15:15:10,114+0530","service":"FyersAPIRequest"}
{"level":"DEBUG","location":"[get_call:159] fyersModel","message":{"Status Code":200,"API":"/history"},"timestamp":"2026-06-05 15:15:10,382+0530","service":"FyersAPIRequest"}
{"level":"DEBUG","location":"[get_call:159] fyersModel","message":{"Status Code":200,"API":"/history"},"timestamp":"2026-06-05 15:15:10,647+0530","service":"FyersAPIRequest"}
{"level":"DEBUG","location":"[get_call:159] fyersModel","message":{"Status Code":200,"API":"/history"},"timestamp":"2026-06-05 15:15:10,933+0530","service":"FyersAPIRequest"}
{"level":"DEBUG","location":"[get_call:159] fyersModel","message":{"Status Code":200,"API":"/history"},"timestamp":"2026-06-05 15:15:11,228+0530","service":"FyersAPIRequest"}
{"level":"DEBUG","location":"[get_call:159] fyersModel","message":{"Status Code":200,"API":"/history"},"timestamp":"2026-06-05 15:15:11,524+0530","service":"FyersAPIRequest"}
{"level":"DEBUG","location":"[get_call:159] fyersModel","message":{"Status Code":200,"API":"/history"},"timestamp":"2026-06-05 15:15:11,797+0530","service":"FyersAPIRequest"}
{"level":"DEBUG","location":"[get_call:159] fyersModel","message":{"Status Code":200,"API":"/history"},"timestamp":"2026-06-05 15:15:12,077+0530","service":"FyersAPIRequest"}
{"level":"DEBUG","location":"[get_call:159] fyersModel","message":{"Status Code":200,"API":"/history"},"timestamp":"2026-06-05 15:15:12,363+0530","service":"FyersAPIRequest"}
{"level":"DEBUG","location":"[get_call:159] fyersModel","message":{"Status Code":200,"API":"/history"},"timestamp":"2026-06-05 15:15:12,629+0530","service":"FyersAPIRequest"}
{"level":"DEBUG","location":"[get_call:159] fyersModel","message":{"Status Code":200,"API":"/history"},"timestamp":"2026-06-05 15:15:12,892+0530","service":"FyersAPIRequest"}
{"level":"DEBUG","location":"[get_call:159] fyersModel","message":{"Status Code":200,"API":"/history"},"timestamp":"2026-06-05 15:15:13,194+0530","service":"FyersAPIRequest"}
{"level":"DEBUG","location":"[get_call:159] fyersModel","message":{"Status Code":200,"API":"/history"},"timestamp":"2026-06-05 15:15:13,463+0530","service":"FyersAPIRequest"}
{"level":"DEBUG","location":"[get_call:159] fyersModel","message":{"Status Code":200,"API":"/history"},"timestamp":"2026-06-05 15:15:13,728+0530","service":"FyersAPIRequest"}
{"level":"DEBUG","location":"[get_call:159] fyersModel","message":{"Status Code":200,"API":"/history"},"timestamp":"2026-06-05 15:15:14,002+0530","service":"FyersAPIRequest"}
{"level":"DEBUG","location":"[get_call:159] fyersModel","message":{"Status Code":200,"API":"/history"},"timestamp":"2026-06-05 15:15:14,312+0530","service":"FyersAPIRequest"}
{"level":"DEBUG","location":"[get_call:159] fyersModel","message":{"Status Code":200,"API":"/history"},"timestamp":"2026-06-05 15:15:14,601+0530","service":"FyersAPIRequest"}
{"level":"DEBUG","location":"[get_call:159] fyersModel","message":{"Status Code":200,"API":"/history"},"timestamp":"2026-06-05 15:15:14,876+0530","service":"FyersAPIRequest"}
{"level":"DEBUG","location":"[get_call:159] fyersModel","message":{"Status Code":200,"API":"/history"},"timestamp":"2026-06-05 15:15:15,169+0530","service":"FyersAPIRequest"}
{"level":"DEBUG","location":"[get_call:159] fyersModel","message":{"Status Code":200,"API":"/history"},"timestamp":"2026-06-05 15:15:15,473+0530","service":"FyersAPIRequest"}
{"level":"DEBUG","location":"[get_call:159] fyersModel","message":{"Status Code":200,"API":"/history"},"timestamp":"2026-06-05 15:15:15,744+0530","service":"FyersAPIRequest"}
{"level":"DEBUG","location":"[get_call:159] fyersModel","message":{"Status Code":200,"API":"/history"},"timestamp":"2026-06-05 15:15:16,003+0530","service":"FyersAPIRequest"}
{"level":"DEBUG","location":"[get_call:159] fyersModel","message":{"Status Code":200,"API":"/history"},"timestamp":"2026-06-05 15:15:16,294+0530","service":"FyersAPIRequest"}
{"level":"DEBUG","location":"[get_call:159] fyersModel","message":{"Status Code":200,"API":"/history"},"timestamp":"2026-06-05 15:15:16,644+0530","service":"FyersAPIRequest"}
{"level":"DEBUG","location":"[get_call:159] fyersModel","message":{"Status Code":200,"API":"/history"},"timestamp":"2026-06-05 15:15:16,917+0530","service":"FyersAPIRequest"}
{"level":"DEBUG","location":"[get_call:159] fyersModel","message":{"Status Code":200,"API":"/history"},"timestamp":"2026-06-05 15:15:17,250+0530","service":"FyersAPIRequest"}
{"level":"DEBUG","location":"[get_call:159] fyersModel","message":{"Status Code":200,"API":"/history"},"timestamp":"2026-06-05 15:15:17,532+0530","service":"FyersAPIRequest"}
{"level":"DEBUG","location":"[get_call:159] fyersModel","message":{"Status Code":200,"API":"/history"},"timestamp":"2026-06-05 15:15:17,881+0530","service":"FyersAPIRequest"}
{"level":"DEBUG","location":"[get_call:159] fyersModel","message":{"Status Code":200,"API":"/history"},"timestamp":"2026-06-05 15:15:18,178+0530","service":"FyersAPIRequest"}
{"level":"DEBUG","location":"[get_call:159] fyersModel","message":{"Status Code":200,"API":"/history"},"timestamp":"2026-06-05 15:15:18,445+0530","service":"FyersAPIRequest"}
{"level":"DEBUG","location":"[get_call:159] fyersModel","message":{"Status Code":200,"API":"/history"},"timestamp":"2026-06-05 15:15:18,713+0530","service":"FyersAPIRequest"}
{"level":"DEBUG","location":"[get_call:159] fyersModel","message":{"Status Code":200,"API":"/history"},"timestamp":"2026-06-05 15:15:18,980+0530","service":"FyersAPIRequest"}
{"level":"DEBUG","location":"[get_call:159] fyersModel","message":{"Status Code":200,"API":"/history"},"timestamp":"2026-06-05 15:15:19,257+0530","service":"FyersAPIRequest"}
{"level":"DEBUG","location":"[get_call:159] fyersModel","message":{"Status Code":200,"API":"/history"},"timestamp":"2026-06-05 15:15:19,555+0530","service":"FyersAPIRequest"}
{"level":"DEBUG","location":"[get_call:159] fyersModel","message":{"Status Code":200,"API":"/history"},"timestamp":"2026-06-05 15:15:19,823+0530","service":"FyersAPIRequest"}
{"level":"DEBUG","location":"[get_call:159] fyersModel","message":{"Status Code":200,"API":"/history"},"timestamp":"2026-06-05 15:15:20,089+0530","service":"FyersAPIRequest"}
{"level":"DEBUG","location":"[get_call:159] fyersModel","message":{"Status Code":200,"API":"/history"},"timestamp":"2026-06-05 15:15:20,352+0530","service":"FyersAPIRequest"}
{"level":"DEBUG","location":"[get_call:159] fyersModel","message":{"Status Code":200,"API":"/history"},"timestamp":"2026-06-05 15:15:20,625+0530","service":"FyersAPIRequest"}
{"level":"DEBUG","location":"[get_call:159] fyersModel","message":{"Status Code":200,"API":"/history"},"timestamp":"2026-06-05 15:15:20,913+0530","service":"FyersAPIRequest"}
{"level":"DEBUG","location":"[get_call:159] fyersModel","message":{"Status Code":200,"API":"/history"},"timestamp":"2026-06-05 15:15:21,197+0530","service":"FyersAPIRequest"}
{"level":"DEBUG","location":"[get_call:159] fyersModel","message":{"Status Code":200,"API":"/history"},"timestamp":"2026-06-05 15:15:21,470+0530","service":"FyersAPIRequest"}
{"level":"DEBUG","location":"[get_call:159] fyersModel","message":{"Status Code":200,"API":"/history"},"timestamp":"2026-06-05 15:15:21,748+0530","service":"FyersAPIRequest"}
{"level":"DEBUG","location":"[get_call:159] fyersModel","message":{"Status Code":200,"API":"/history"},"timestamp":"2026-06-05 15:15:22,004+0530","service":"FyersAPIRequest"}
{"level":"DEBUG","location":"[get_call:159] fyersModel","message":{"Status Code":200,"API":"/history"},"timestamp":"2026-06-05 15:15:22,274+0530","service":"FyersAPIRequest"}
{"level":"DEBUG","location":"[get_call:159] fyersModel","message":{"Status Code":200,"API":"/history"},"timestamp":"2026-06-05 15:15:22,561+0530","service":"FyersAPIRequest"}
{"level":"DEBUG","location":"[get_call:159] fyersModel","message":{"Status Code":200,"API":"/history"},"timestamp":"2026-06-05 15:15:22,870+0530","service":"FyersAPIRequest"}
{"level":"DEBUG","location":"[get_call:159] fyersModel","message":{"Status Code":200,"API":"/history"},"timestamp":"2026-06-05 15:15:23,140+0530","service":"FyersAPIRequest"}
{"level":"DEBUG","location":"[get_call:159] fyersModel","message":{"Status Code":200,"API":"/history"},"timestamp":"2026-06-05 15:15:23,416+0530","service":"FyersAPIRequest"}
{"level":"DEBUG","location":"[get_call:159] fyersModel","message":{"Status Code":200,"API":"/history"},"timestamp":"2026-06-05 15:15:23,698+0530","service":"FyersAPIRequest"}
{"level":"DEBUG","location":"[get_call:159] fyersModel","message":{"Status Code":200,"API":"/history"},"timestamp":"2026-06-05 15:15:23,983+0530","service":"FyersAPIRequest"}
{"level":"DEBUG","location":"[get_call:159] fyersModel","message":{"Status Code":200,"API":"/history"},"timestamp":"2026-06-05 15:15:24,271+0530","service":"FyersAPIRequest"}
{"level":"DEBUG","location":"[get_call:159] fyersModel","message":{"Status Code":200,"API":"/history"},"timestamp":"2026-06-05 15:15:24,560+0530","service":"FyersAPIRequest"}
{"level":"DEBUG","location":"[get_call:159] fyersModel","message":{"Status Code":200,"API":"/history"},"timestamp":"2026-06-05 15:15:24,847+0530","service":"FyersAPIRequest"}
{"level":"DEBUG","location":"[get_call:159] fyersModel","message":{"Status Code":200,"API":"/history"},"timestamp":"2026-06-05 15:15:25,098+0530","service":"FyersAPIRequest"}
{"level":"DEBUG","location":"[get_call:159] fyersModel","message":{"Status Code":200,"API":"/history"},"timestamp":"2026-06-05 15:15:25,353+0530","service":"FyersAPIRequest"}
{"level":"DEBUG","location":"[get_call:159] fyersModel","message":{"Status Code":200,"API":"/history"},"timestamp":"2026-06-05 15:15:25,633+0530","service":"FyersAPIRequest"}
{"level":"DEBUG","location":"[get_call:159] fyersModel","message":{"Status Code":200,"API":"/history"},"timestamp":"2026-06-05 15:15:25,923+0530","service":"FyersAPIRequest"}
{"level":"DEBUG","location":"[get_call:159] fyersModel","message":{"Status Code":200,"API":"/history"},"timestamp":"2026-06-05 15:15:26,216+0530","service":"FyersAPIRequest"}
{"level":"DEBUG","location":"[get_call:159] fyersModel","message":{"Status Code":200,"API":"/history"},"timestamp":"2026-06-05 15:15:26,501+0530","service":"FyersAPIRequest"}
{"level":"DEBUG","location":"[get_call:159] fyersModel","message":{"Status Code":200,"API":"/history"},"timestamp":"2026-06-05 15:15:26,808+0530","service":"FyersAPIRequest"}
{"level":"DEBUG","location":"[get_call:159] fyersModel","message":{"Status Code":200,"API":"/history"},"timestamp":"2026-06-05 15:15:27,083+0530","service":"FyersAPIRequest"}
{"level":"DEBUG","location":"[get_call:159] fyersModel","message":{"Status Code":200,"API":"/history"},"timestamp":"2026-06-05 15:15:27,364+0530","service":"FyersAPIRequest"}
{"level":"DEBUG","location":"[get_call:159] fyersModel","message":{"Status Code":200,"API":"/history"},"timestamp":"2026-06-05 15:15:27,640+0530","service":"FyersAPIRequest"}
{"level":"DEBUG","location":"[get_call:159] fyersModel","message":{"Status Code":200,"API":"/history"},"timestamp":"2026-06-05 15:15:27,925+0530","service":"FyersAPIRequest"}
{"level":"DEBUG","location":"[get_call:159] fyersModel","message":{"Status Code":200,"API":"/history"},"timestamp":"2026-06-05 15:15:28,236+0530","service":"FyersAPIRequest"}
{"level":"DEBUG","location":"[get_call:159] fyersModel","message":{"Status Code":200,"API":"/history"},"timestamp":"2026-06-05 15:15:28,523+0530","service":"FyersAPIRequest"}
{"level":"DEBUG","location":"[get_call:159] fyersModel","message":{"Status Code":200,"API":"/history"},"timestamp":"2026-06-05 15:15:28,804+0530","service":"FyersAPIRequest"}
{"level":"DEBUG","location":"[get_call:159] fyersModel","message":{"Status Code":200,"API":"/history"},"timestamp":"2026-06-05 15:15:29,067+0530","service":"FyersAPIRequest"}
{"level":"DEBUG","location":"[get_call:159] fyersModel","message":{"Status Code":200,"API":"/history"},"timestamp":"2026-06-05 15:15:29,364+0530","service":"FyersAPIRequest"}
{"level":"DEBUG","location":"[get_call:159] fyersModel","message":{"Status Code":200,"API":"/history"},"timestamp":"2026-06-05 15:15:29,641+0530","service":"FyersAPIRequest"}
{"level":"DEBUG","location":"[get_call:159] fyersModel","message":{"Status Code":422,"API":"/history"},"timestamp":"2026-06-05 15:15:29,910+0530","service":"FyersAPIRequest"}
{"level":"DEBUG","location":"[get_call:159] fyersModel","message":{"Status Code":422,"API":"/history"},"timestamp":"2026-06-05 15:15:29,997+0530","service":"FyersAPIRequest"}
{"level":"DEBUG","location":"[get_call:159] fyersModel","message":{"Status Code":422,"API":"/history"},"timestamp":"2026-06-05 15:15:30,093+0530","service":"FyersAPIRequest"}
{"level":"DEBUG","location":"[get_call:159] fyersModel","message":{"Status Code":422,"API":"/history"},"timestamp":"2026-06-05 15:15:30,182+0530","service":"FyersAPIRequest"}
{"level":"DEBUG","location":"[get_call:159] fyersModel","message":{"Status Code":422,"API":"/history"},"timestamp":"2026-06-05 15:15:30,277+0530","service":"FyersAPIRequest"}
{"level":"DEBUG","location":"[get_call:159] fyersModel","message":{"Status Code":422,"API":"/history"},"timestamp":"2026-06-05 15:15:30,386+0530","service":"FyersAPIRequest"}
{"level":"DEBUG","location":"[get_call:159] fyersModel","message":{"Status Code":422,"API":"/history"},"timestamp":"2026-06-05 15:15:30,592+0530","service":"FyersAPIRequest"}
{"level":"DEBUG","location":"[get_call:159] fyersModel","message":{"Status Code":422,"API":"/history"},"timestamp":"2026-06-05 15:15:30,684+0530","service":"FyersAPIRequest"}
{"level":"DEBUG","location":"[get_call:159] fyersModel","message":{"Status Code":422,"API":"/history"},"timestamp":"2026-06-05 15:15:30,773+0530","service":"FyersAPIRequest"}
{"level":"DEBUG","location":"[get_call:159] fyersModel","message":{"Status Code":422,"API":"/history"},"timestamp":"2026-06-05 15:15:30,876+0530","service":"FyersAPIRequest"}
{"level":"DEBUG","location":"[get_call:159] fyersModel","message":{"Status Code":422,"API":"/history"},"timestamp":"2026-06-05 15:15:30,969+0530","service":"FyersAPIRequest"}
{"level":"DEBUG","location":"[get_call:159] fyersModel","message":{"Status Code":422,"API":"/history"},"timestamp":"2026-06-05 15:15:31,209+0530","service":"FyersAPIRequest"}
{"level":"DEBUG","location":"[get_call:159] fyersModel","message":{"Status Code":422,"API":"/history"},"timestamp":"2026-06-05 15:15:31,315+0530","service":"FyersAPIRequest"}
{"level":"DEBUG","location":"[get_call:159] fyersModel","message":{"Status Code":422,"API":"/history"},"timestamp":"2026-06-05 15:15:31,404+0530","service":"FyersAPIRequest"}
{"level":"DEBUG","location":"[get_call:159] fyersModel","message":{"Status Code":422,"API":"/history"},"timestamp":"2026-06-05 15:15:31,491+0530","service":"FyersAPIRequest"}
{"level":"DEBUG","location":"[get_call:159] fyersModel","message":{"Status Code":422,"API":"/history"},"timestamp":"2026-06-05 15:15:31,576+0530","service":"FyersAPIRequest"}
{"level":"DEBUG","location":"[get_call:159] fyersModel","message":{"Status Code":422,"API":"/history"},"timestamp":"2026-06-05 15:15:31,663+0530","service":"FyersAPIRequest"}
{"level":"DEBUG","location":"[get_call:159] fyersModel","message":{"Status Code":422,"API":"/history"},"timestamp":"2026-06-05 15:15:31,754+0530","service":"FyersAPIRequest"}
{"level":"DEBUG","location":"[get_call:159] fyersModel","message":{"Status Code":422,"API":"/history"},"timestamp":"2026-06-05 15:15:31,827+0530","service":"FyersAPIRequest"}
{"level":"DEBUG","location":"[get_call:159] fyersModel","message":{"Status Code":422,"API":"/history"},"timestamp":"2026-06-05 15:15:31,913+0530","service":"FyersAPIRequest"}
{"level":"DEBUG","location":"[get_call:159] fyersModel","message":{"Status Code":422,"API":"/history"},"timestamp":"2026-06-05 15:15:32,001+0530","service":"FyersAPIRequest"}
{"level":"DEBUG","location":"[get_call:159] fyersModel","message":{"Status Code":422,"API":"/history"},"timestamp":"2026-06-05 15:15:32,088+0530","service":"FyersAPIRequest"}
{"level":"DEBUG","location":"[get_call:159] fyersModel","message":{"Status Code":422,"API":"/history"},"timestamp":"2026-06-05 15:15:32,312+0530","service":"FyersAPIRequest"}
{"level":"DEBUG","location":"[get_call:159] fyersModel","message":{"Status Code":422,"API":"/history"},"timestamp":"2026-06-05 15:15:32,408+0530","service":"FyersAPIRequest"}
{"level":"DEBUG","location":"[get_call:159] fyersModel","message":{"Status Code":422,"API":"/history"},"timestamp":"2026-06-05 15:15:32,512+0530","service":"FyersAPIRequest"}
{"level":"DEBUG","location":"[get_call:159] fyersModel","message":{"Status Code":422,"API":"/history"},"timestamp":"2026-06-05 15:15:32,608+0530","service":"FyersAPIRequest"}
{"level":"DEBUG","location":"[get_call:159] fyersModel","message":{"Status Code":422,"API":"/history"},"timestamp":"2026-06-05 15:15:32,697+0530","service":"FyersAPIRequest"}
{"level":"DEBUG","location":"[get_call:159] fyersModel","message":{"Status Code":422,"API":"/history"},"timestamp":"2026-06-05 15:15:32,793+0530","service":"FyersAPIRequest"}
{"level":"DEBUG","location":"[get_call:159] fyersModel","message":{"Status Code":422,"API":"/history"},"timestamp":"2026-06-05 15:15:32,882+0530","service":"FyersAPIRequest"}
{"level":"DEBUG","location":"[get_call:159] fyersModel","message":{"Status Code":422,"API":"/history"},"timestamp":"2026-06-05 15:15:32,970+0530","service":"FyersAPIRequest"}
{"level":"DEBUG","location":"[get_call:159] fyersModel","message":{"Status Code":422,"API":"/history"},"timestamp":"2026-06-05 15:15:33,074+0530","service":"FyersAPIRequest"}
{"level":"DEBUG","location":"[get_call:159] fyersModel","message":{"Status Code":422,"API":"/history"},"timestamp":"2026-06-05 15:15:33,167+0530","service":"FyersAPIRequest"}
{"level":"DEBUG","location":"[get_call:159] fyersModel","message":{"Status Code":429,"API":"/history"},"timestamp":"2026-06-05 15:15:33,252+0530","service":"FyersAPIRequest"}
{"level":"DEBUG","location":"[get_call:159] fyersModel","message":{"Status Code":429,"API":"/history"},"timestamp":"2026-06-05 15:15:34,346+0530","service":"FyersAPIRequest"}
{"level":"DEBUG","location":"[get_call:159] fyersModel","message":{"Status Code":429,"API":"/history"},"timestamp":"2026-06-05 15:15:36,445+0530","service":"FyersAPIRequest"}
{"level":"DEBUG","location":"[get_call:159] fyersModel","message":{"Status Code":429,"API":"/history"},"timestamp":"2026-06-05 15:15:40,528+0530","service":"FyersAPIRequest"}
{"level":"DEBUG","location":"[get_call:159] fyersModel","message":{"Status Code":422,"API":"/history"},"timestamp":"2026-06-05 15:15:48,613+0530","service":"FyersAPIRequest"}
{"level":"DEBUG","location":"[get_call:159] fyersModel","message":{"Status Code":200,"API":"/history"},"timestamp":"2026-06-05 15:15:48,834+0530","service":"FyersAPIRequest"}
{"level":"DEBUG","location":"[get_call:159] fyersModel","message":{"Status Code":200,"API":"/history"},"timestamp":"2026-06-05 15:15:49,100+0530","service":"FyersAPIRequest"}
{"level":"DEBUG","location":"[get_call:159] fyersModel","message":{"Status Code":200,"API":"/history"},"timestamp":"2026-06-05 15:15:49,404+0530","service":"FyersAPIRequest"}
{"level":"DEBUG","location":"[get_call:159] fyersModel","message":{"Status Code":200,"API":"/history"},"timestamp":"2026-06-05 15:15:49,674+0530","service":"FyersAPIRequest"}
{"level":"DEBUG","location":"[get_call:159] fyersModel","message":{"Status Code":200,"API":"/history"},"timestamp":"2026-06-05 15:15:49,970+0530","service":"FyersAPIRequest"}
{"level":"DEBUG","location":"[get_call:159] fyersModel","message":{"Status Code":200,"API":"/history"},"timestamp":"2026-06-05 15:15:50,247+0530","service":"FyersAPIRequest"}
{"level":"DEBUG","location":"[get_call:159] fyersModel","message":{"Status Code":200,"API":"/history"},"timestamp":"2026-06-05 15:15:50,490+0530","service":"FyersAPIRequest"}
{"level":"DEBUG","location":"[get_call:159] fyersModel","message":{"Status Code":200,"API":"/history"},"timestamp":"2026-06-05 15:15:50,797+0530","service":"FyersAPIRequest"}
{"level":"DEBUG","location":"[get_call:159] fyersModel","message":{"Status Code":200,"API":"/history"},"timestamp":"2026-06-05 15:15:51,080+0530","service":"FyersAPIRequest"}
{"level":"DEBUG","location":"[get_call:159] fyersModel","message":{"Status Code":200,"API":"/history"},"timestamp":"2026-06-05 15:15:51,346+0530","service":"FyersAPIRequest"}
{"level":"DEBUG","location":"[get_call:159] fyersModel","message":{"Status Code":200,"API":"/history"},"timestamp":"2026-06-05 15:15:51,628+0530","service":"FyersAPIRequest"}
{"level":"DEBUG","location":"[get_call:159] fyersModel","message":{"Status Code":200,"API":"/history"},"timestamp":"2026-06-05 15:15:51,917+0530","service":"FyersAPIRequest"}
{"level":"DEBUG","location":"[get_call:159] fyersModel","message":{"Status Code":200,"API":"/history"},"timestamp":"2026-06-05 15:15:52,174+0530","service":"FyersAPIRequest"}
{"level":"DEBUG","location":"[get_call:159] fyersModel","message":{"Status Code":200,"API":"/history"},"timestamp":"2026-06-05 15:15:52,471+0530","service":"FyersAPIRequest"}
{"level":"DEBUG","location":"[get_call:159] fyersModel","message":{"Status Code":200,"API":"/history"},"timestamp":"2026-06-05 15:15:52,740+0530","service":"FyersAPIRequest"}
{"level":"DEBUG","location":"[get_call:159] fyersModel","message":{"Status Code":200,"API":"/history"},"timestamp":"2026-06-05 15:15:53,012+0530","service":"FyersAPIRequest"}
{"level":"DEBUG","location":"[get_call:159] fyersModel","message":{"Status Code":200,"API":"/history"},"timestamp":"2026-06-05 15:15:53,289+0530","service":"FyersAPIRequest"}
{"level":"DEBUG","location":"[get_call:159] fyersModel","message":{"Status Code":200,"API":"/history"},"timestamp":"2026-06-05 15:15:53,562+0530","service":"FyersAPIRequest"}
{"level":"DEBUG","location":"[get_call:159] fyersModel","message":{"Status Code":200,"API":"/history"},"timestamp":"2026-06-05 15:15:53,855+0530","service":"FyersAPIRequest"}
{"level":"DEBUG","location":"[get_call:159] fyersModel","message":{"Status Code":200,"API":"/history"},"timestamp":"2026-06-05 15:15:54,122+0530","service":"FyersAPIRequest"}
{"level":"DEBUG","location":"[get_call:159] fyersModel","message":{"Status Code":200,"API":"/history"},"timestamp":"2026-06-05 15:15:54,406+0530","service":"FyersAPIRequest"}
{"level":"DEBUG","location":"[get_call:159] fyersModel","message":{"Status Code":200,"API":"/history"},"timestamp":"2026-06-05 15:15:54,703+0530","service":"FyersAPIRequest"}
{"level":"DEBUG","location":"[get_call:159] fyersModel","message":{"Status Code":200,"API":"/history"},"timestamp":"2026-06-05 15:15:54,991+0530","service":"FyersAPIRequest"}
{"level":"DEBUG","location":"[get_call:159] fyersModel","message":{"Status Code":200,"API":"/history"},"timestamp":"2026-06-05 15:15:55,263+0530","service":"FyersAPIRequest"}
{"level":"DEBUG","location":"[get_call:159] fyersModel","message":{"Status Code":200,"API":"/history"},"timestamp":"2026-06-05 15:15:55,563+0530","service":"FyersAPIRequest"}
{"level":"DEBUG","location":"[get_call:159] fyersModel","message":{"Status Code":200,"API":"/history"},"timestamp":"2026-06-05 15:15:55,856+0530","service":"FyersAPIRequest"}
{"level":"DEBUG","location":"[get_call:159] fyersModel","message":{"Status Code":200,"API":"/history"},"timestamp":"2026-06-05 15:15:56,134+0530","service":"FyersAPIRequest"}
{"level":"DEBUG","location":"[get_call:159] fyersModel","message":{"Status Code":200,"API":"/history"},"timestamp":"2026-06-05 15:15:56,410+0530","service":"FyersAPIRequest"}
{"level":"DEBUG","location":"[get_call:159] fyersModel","message":{"Status Code":200,"API":"/history"},"timestamp":"2026-06-05 15:15:56,698+0530","service":"FyersAPIRequest"}
{"level":"DEBUG","location":"[get_call:159] fyersModel","message":{"Status Code":200,"API":"/history"},"timestamp":"2026-06-05 15:15:56,982+0530","service":"FyersAPIRequest"}
{"level":"DEBUG","location":"[get_call:159] fyersModel","message":{"Status Code":200,"API":"/history"},"timestamp":"2026-06-05 15:15:57,297+0530","service":"FyersAPIRequest"}
{"level":"DEBUG","location":"[get_call:159] fyersModel","message":{"Status Code":200,"API":"/history"},"timestamp":"2026-06-05 15:15:57,575+0530","service":"FyersAPIRequest"}
{"level":"DEBUG","location":"[get_call:159] fyersModel","message":{"Status Code":200,"API":"/history"},"timestamp":"2026-06-05 15:15:57,840+0530","service":"FyersAPIRequest"}
{"level":"DEBUG","location":"[post_call:100] fyersModel","message":{"Status Code":200,"API":"/orders/sync"},"timestamp":"2026-06-05 15:17:31,831+0530","service":"FyersAPIRequest"}
{"level":"DEBUG","location":"[get_call:159] fyersModel","message":{"Status Code":200,"API":"/orders"},"timestamp":"2026-06-05 15:17:31,884+0530","service":"FyersAPIRequest"}
{"level":"DEBUG","location":"[post_call:100] fyersModel","message":{"Status Code":200,"API":"/gtt/orders/sync"},"timestamp":"2026-06-05 15:17:31,949+0530","service":"FyersAPIRequest"}
{"level":"DEBUG","location":"[post_call:100] fyersModel","message":{"Status Code":200,"API":"/orders/sync"},"timestamp":"2026-06-05 15:17:32,001+0530","service":"FyersAPIRequest"}
{"level":"DEBUG","location":"[get_call:159] fyersModel","message":{"Status Code":200,"API":"/orders"},"timestamp":"2026-06-05 15:17:32,055+0530","service":"FyersAPIRequest"}
{"level":"DEBUG","location":"[get_call:159] fyersModel","message":{"Status Code":200,"API":"/orders"},"timestamp":"2026-06-05 15:17:33,102+0530","service":"FyersAPIRequest"}
{"level":"DEBUG","location":"[post_call:100] fyersModel","message":{"Status Code":200,"API":"/gtt/orders/sync"},"timestamp":"2026-06-05 15:17:33,169+0530","service":"FyersAPIRequest"}
{"level":"DEBUG","location":"[post_call:100] fyersModel","message":{"Status Code":200,"API":"/orders/sync"},"timestamp":"2026-06-05 15:17:33,224+0530","service":"FyersAPIRequest"}
{"level":"DEBUG","location":"[get_call:159] fyersModel","message":{"Status Code":200,"API":"/orders"},"timestamp":"2026-06-05 15:17:33,269+0530","service":"FyersAPIRequest"}
{"level":"DEBUG","location":"[post_call:100] fyersModel","message":{"Status Code":200,"API":"/gtt/orders/sync"},"timestamp":"2026-06-05 15:17:33,335+0530","service":"FyersAPIRequest"}
{"level":"DEBUG","location":"[post_call:100] fyersModel","message":{"Status Code":200,"API":"/orders/sync"},"timestamp":"2026-06-05 15:17:33,394+0530","service":"FyersAPIRequest"}
{"level":"DEBUG","location":"[get_call:159] fyersModel","message":{"Status Code":200,"API":"/orders"},"timestamp":"2026-06-05 15:17:33,444+0530","service":"FyersAPIRequest"}
{"level":"DEBUG","location":"[post_call:100] fyersModel","message":{"Status Code":200,"API":"/gtt/orders/sync"},"timestamp":"2026-06-05 15:17:33,512+0530","service":"FyersAPIRequest"}
{"level":"DEBUG","location":"[get_call:159] fyersModel","message":{"Status Code":200,"API":"/positions"},"timestamp":"2026-06-05 18:35:54,335+0530","service":"FyersAPIRequest"}
{"level":"DEBUG","location":"[get_call:159] fyersModel","message":{"Status Code":200,"API":"/orders"},"timestamp":"2026-06-05 18:35:54,401+0530","service":"FyersAPIRequest"}
{"level":"DEBUG","location":"[get_call:159] fyersModel","message":{"Status Code":200,"API":"/orders"},"timestamp":"2026-06-05 18:35:54,472+0530","service":"FyersAPIRequest"}
{"level":"DEBUG","location":"[get_call:159] fyersModel","message":{"Status Code":200,"API":"/holdings"},"timestamp":"2026-06-05 18:35:54,535+0530","service":"FyersAPIRequest"}
{"level":"DEBUG","location":"[get_call:159] fyersModel","message":{"Status Code":200,"API":"/tradebook"},"timestamp":"2026-06-05 18:35:55,085+0530","service":"FyersAPIRequest"}
{"level":"DEBUG","location":"[get_call:159] fyersModel","message":{"Status Code":200,"API":"/funds"},"timestamp":"2026-06-05 18:35:55,648+0530","service":"FyersAPIRequest"}
{"level":"DEBUG","location":"[get_call:159] fyersModel","message":{"Status Code":200,"API":"/positions"},"timestamp":"2026-06-08 23:51:51,256+0530","service":"FyersAPIRequest"}
{"level":"DEBUG","location":"[get_call:159] fyersModel","message":{"Status Code":200,"API":"/orders"},"timestamp":"2026-06-08 23:51:51,306+0530","service":"FyersAPIRequest"}
{"level":"DEBUG","location":"[get_call:159] fyersModel","message":{"Status Code":200,"API":"/orders"},"timestamp":"2026-06-08 23:51:51,384+0530","service":"FyersAPIRequest"}
{"level":"DEBUG","location":"[get_call:159] fyersModel","message":{"Status Code":200,"API":"/holdings"},"timestamp":"2026-06-08 23:51:51,442+0530","service":"FyersAPIRequest"}
{"level":"DEBUG","location":"[get_call:159] fyersModel","message":{"Status Code":200,"API":"/tradebook"},"timestamp":"2026-06-08 23:51:51,992+0530","service":"FyersAPIRequest"}
{"level":"DEBUG","location":"[get_call:159] fyersModel","message":{"Status Code":200,"API":"/funds"},"timestamp":"2026-06-08 23:51:52,546+0530","service":"FyersAPIRequest"}
{"level":"DEBUG","location":"[get_call:159] fyersModel","message":{"Status Code":200,"API":"/positions"},"timestamp":"2026-06-08 23:51:52,610+0530","service":"FyersAPIRequest"}
{"level":"DEBUG","location":"[get_call:159] fyersModel","message":{"Status Code":200,"API":"/orders"},"timestamp":"2026-06-08 23:51:52,658+0530","service":"FyersAPIRequest"}
{"level":"DEBUG","location":"[get_call:159] fyersModel","message":{"Status Code":200,"API":"/orders"},"timestamp":"2026-06-08 23:51:52,709+0530","service":"FyersAPIRequest"}
{"level":"DEBUG","location":"[get_call:159] fyersModel","message":{"Status Code":200,"API":"/holdings"},"timestamp":"2026-06-08 23:51:52,759+0530","service":"FyersAPIRequest"}
{"level":"DEBUG","location":"[get_call:159] fyersModel","message":{"Status Code":200,"API":"/tradebook"},"timestamp":"2026-06-08 23:51:53,308+0530","service":"FyersAPIRequest"}
{"level":"DEBUG","location":"[get_call:159] fyersModel","message":{"Status Code":200,"API":"/funds"},"timestamp":"2026-06-08 23:51:53,871+0530","service":"FyersAPIRequest"}
{"level":"DEBUG","location":"[get_call:159] fyersModel","message":{"Status Code":200,"API":"/positions"},"timestamp":"2026-06-15 10:51:13,068+0530","service":"FyersAPIRequest"}
{"level":"DEBUG","location":"[get_call:159] fyersModel","message":{"Status Code":200,"API":"/orders"},"timestamp":"2026-06-15 10:51:13,166+0530","service":"FyersAPIRequest"}
{"level":"DEBUG","location":"[get_call:159] fyersModel","message":{"Status Code":200,"API":"/orders"},"timestamp":"2026-06-15 10:51:13,261+0530","service":"FyersAPIRequest"}
{"level":"DEBUG","location":"[get_call:159] fyersModel","message":{"Status Code":200,"API":"/holdings"},"timestamp":"2026-06-15 10:51:13,346+0530","service":"FyersAPIRequest"}
{"level":"DEBUG","location":"[get_call:159] fyersModel","message":{"Status Code":200,"API":"/tradebook"},"timestamp":"2026-06-15 10:51:13,943+0530","service":"FyersAPIRequest"}
{"level":"DEBUG","location":"[get_call:159] fyersModel","message":{"Status Code":200,"API":"/funds"},"timestamp":"2026-06-15 10:51:14,543+0530","service":"FyersAPIRequest"}
{"level":"DEBUG","location":"[get_call:159] fyersModel","message":{"Status Code":200,"API":"/positions"},"timestamp":"2026-06-15 10:51:14,618+0530","service":"FyersAPIRequest"}
{"level":"DEBUG","location":"[get_call:159] fyersModel","message":{"Status Code":200,"API":"/orders"},"timestamp":"2026-06-15 10:51:14,696+0530","service":"FyersAPIRequest"}
{"level":"DEBUG","location":"[get_call:159] fyersModel","message":{"Status Code":200,"API":"/orders"},"timestamp":"2026-06-15 10:51:14,764+0530","service":"FyersAPIRequest"}
{"level":"DEBUG","location":"[get_call:159] fyersModel","message":{"Status Code":200,"API":"/holdings"},"timestamp":"2026-06-15 10:51:14,837+0530","service":"FyersAPIRequest"}
{"level":"DEBUG","location":"[get_call:159] fyersModel","message":{"Status Code":200,"API":"/tradebook"},"timestamp":"2026-06-15 10:51:15,417+0530","service":"FyersAPIRequest"}
{"level":"DEBUG","location":"[get_call:159] fyersModel","message":{"Status Code":200,"API":"/funds"},"timestamp":"2026-06-15 10:51:16,008+0530","service":"FyersAPIRequest"}
{"level":"DEBUG","location":"[get_call:159] fyersModel","message":{"Status Code":200,"API":"/positions"},"timestamp":"2026-06-15 11:48:41,675+0530","service":"FyersAPIRequest"}
{"level":"DEBUG","location":"[get_call:159] fyersModel","message":{"Status Code":200,"API":"/positions"},"timestamp":"2026-06-15 11:48:44,119+0530","service":"FyersAPIRequest"}
{"level":"DEBUG","location":"[get_call:159] fyersModel","message":{"Status Code":200,"API":"/orders"},"timestamp":"2026-06-15 11:48:44,196+0530","service":"FyersAPIRequest"}
{"level":"DEBUG","location":"[get_call:159] fyersModel","message":{"Status Code":200,"API":"/orders"},"timestamp":"2026-06-15 11:48:44,301+0530","service":"FyersAPIRequest"}
{"level":"DEBUG","location":"[get_call:159] fyersModel","message":{"Status Code":200,"API":"/holdings"},"timestamp":"2026-06-15 11:48:44,387+0530","service":"FyersAPIRequest"}
{"level":"DEBUG","location":"[get_call:159] fyersModel","message":{"Status Code":200,"API":"/tradebook"},"timestamp":"2026-06-15 11:48:44,965+0530","service":"FyersAPIRequest"}
{"level":"DEBUG","location":"[get_call:159] fyersModel","message":{"Status Code":200,"API":"/funds"},"timestamp":"2026-06-15 11:48:45,557+0530","service":"FyersAPIRequest"}
{"level":"DEBUG","location":"[get_call:159] fyersModel","message":{"Status Code":200,"API":"/positions"},"timestamp":"2026-06-15 11:48:45,638+0530","service":"FyersAPIRequest"}
{"level":"DEBUG","location":"[get_call:159] fyersModel","message":{"Status Code":200,"API":"/orders"},"timestamp":"2026-06-15 11:48:45,722+0530","service":"FyersAPIRequest"}
{"level":"DEBUG","location":"[get_call:159] fyersModel","message":{"Status Code":200,"API":"/orders"},"timestamp":"2026-06-15 11:48:45,804+0530","service":"FyersAPIRequest"}
{"level":"DEBUG","location":"[get_call:159] fyersModel","message":{"Status Code":200,"API":"/holdings"},"timestamp":"2026-06-15 11:48:45,884+0530","service":"FyersAPIRequest"}
{"level":"DEBUG","location":"[get_call:159] fyersModel","message":{"Status Code":200,"API":"/tradebook"},"timestamp":"2026-06-15 11:48:46,468+0530","service":"FyersAPIRequest"}
{"level":"DEBUG","location":"[get_call:159] fyersModel","message":{"Status Code":200,"API":"/funds"},"timestamp":"2026-06-15 11:48:47,058+0530","service":"FyersAPIRequest"}
{"level":"DEBUG","location":"[get_call:159] fyersModel","message":{"Status Code":200,"API":"/positions"},"timestamp":"2026-06-15 15:01:17,417+0530","service":"FyersAPIRequest"}
{"level":"DEBUG","location":"[get_call:159] fyersModel","message":{"Status Code":200,"API":"/orders"},"timestamp":"2026-06-15 15:01:17,508+0530","service":"FyersAPIRequest"}
{"level":"DEBUG","location":"[get_call:159] fyersModel","message":{"Status Code":200,"API":"/orders"},"timestamp":"2026-06-15 15:01:17,603+0530","service":"FyersAPIRequest"}
{"level":"DEBUG","location":"[get_call:159] fyersModel","message":{"Status Code":200,"API":"/holdings"},"timestamp":"2026-06-15 15:01:17,709+0530","service":"FyersAPIRequest"}
{"level":"DEBUG","location":"[get_call:159] fyersModel","message":{"Status Code":200,"API":"/tradebook"},"timestamp":"2026-06-15 15:01:18,282+0530","service":"FyersAPIRequest"}
{"level":"DEBUG","location":"[get_call:159] fyersModel","message":{"Status Code":200,"API":"/funds"},"timestamp":"2026-06-15 15:01:18,875+0530","service":"FyersAPIRequest"}
{"level":"DEBUG","location":"[get_call:159] fyersModel","message":{"Status Code":200,"API":"/history"},"timestamp":"2026-06-15 15:14:48,888+0530","service":"FyersAPIRequest"}
{"level":"DEBUG","location":"[get_call:159] fyersModel","message":{"Status Code":200,"API":"/history"},"timestamp":"2026-06-15 15:14:49,602+0530","service":"FyersAPIRequest"}
{"level":"DEBUG","location":"[get_call:159] fyersModel","message":{"Status Code":200,"API":"/history"},"timestamp":"2026-06-15 15:14:49,981+0530","service":"FyersAPIRequest"}
{"level":"DEBUG","location":"[get_call:159] fyersModel","message":{"Status Code":200,"API":"/history"},"timestamp":"2026-06-15 15:14:50,294+0530","service":"FyersAPIRequest"}
{"level":"DEBUG","location":"[get_call:159] fyersModel","message":{"Status Code":200,"API":"/history"},"timestamp":"2026-06-15 15:14:50,626+0530","service":"FyersAPIRequest"}
{"level":"DEBUG","location":"[get_call:159] fyersModel","message":{"Status Code":200,"API":"/history"},"timestamp":"2026-06-15 15:14:51,201+0530","service":"FyersAPIRequest"}
{"level":"DEBUG","location":"[get_call:159] fyersModel","message":{"Status Code":200,"API":"/history"},"timestamp":"2026-06-15 15:14:51,529+0530","service":"FyersAPIRequest"}
{"level":"DEBUG","location":"[get_call:159] fyersModel","message":{"Status Code":200,"API":"/history"},"timestamp":"2026-06-15 15:14:51,848+0530","service":"FyersAPIRequest"}
{"level":"DEBUG","location":"[get_call:159] fyersModel","message":{"Status Code":200,"API":"/history"},"timestamp":"2026-06-15 15:14:52,467+0530","service":"FyersAPIRequest"}
{"level":"DEBUG","location":"[get_call:159] fyersModel","message":{"Status Code":200,"API":"/history"},"timestamp":"2026-06-15 15:14:52,806+0530","service":"FyersAPIRequest"}
{"level":"DEBUG","location":"[get_call:159] fyersModel","message":{"Status Code":200,"API":"/history"},"timestamp":"2026-06-15 15:14:53,140+0530","service":"FyersAPIRequest"}
{"level":"DEBUG","location":"[get_call:159] fyersModel","message":{"Status Code":200,"API":"/history"},"timestamp":"2026-06-15 15:14:53,480+0530","service":"FyersAPIRequest"}
{"level":"DEBUG","location":"[get_call:159] fyersModel","message":{"Status Code":200,"API":"/history"},"timestamp":"2026-06-15 15:14:53,844+0530","service":"FyersAPIRequest"}
{"level":"DEBUG","location":"[get_call:159] fyersModel","message":{"Status Code":200,"API":"/history"},"timestamp":"2026-06-15 15:14:54,175+0530","service":"FyersAPIRequest"}
{"level":"DEBUG","location":"[get_call:159] fyersModel","message":{"Status Code":200,"API":"/history"},"timestamp":"2026-06-15 15:14:54,569+0530","service":"FyersAPIRequest"}
{"level":"DEBUG","location":"[get_call:159] fyersModel","message":{"Status Code":200,"API":"/history"},"timestamp":"2026-06-15 15:14:54,921+0530","service":"FyersAPIRequest"}
{"level":"DEBUG","location":"[get_call:159] fyersModel","message":{"Status Code":200,"API":"/history"},"timestamp":"2026-06-15 15:14:55,259+0530","service":"FyersAPIRequest"}
{"level":"DEBUG","location":"[get_call:159] fyersModel","message":{"Status Code":200,"API":"/history"},"timestamp":"2026-06-15 15:14:55,589+0530","service":"FyersAPIRequest"}
{"level":"DEBUG","location":"[get_call:159] fyersModel","message":{"Status Code":200,"API":"/history"},"timestamp":"2026-06-15 15:14:55,934+0530","service":"FyersAPIRequest"}
{"level":"DEBUG","location":"[get_call:159] fyersModel","message":{"Status Code":200,"API":"/history"},"timestamp":"2026-06-15 15:14:56,255+0530","service":"FyersAPIRequest"}
{"level":"DEBUG","location":"[get_call:159] fyersModel","message":{"Status Code":200,"API":"/history"},"timestamp":"2026-06-15 15:14:56,597+0530","service":"FyersAPIRequest"}
{"level":"DEBUG","location":"[get_call:159] fyersModel","message":{"Status Code":200,"API":"/history"},"timestamp":"2026-06-15 15:14:56,942+0530","service":"FyersAPIRequest"}
{"level":"DEBUG","location":"[get_call:159] fyersModel","message":{"Status Code":200,"API":"/history"},"timestamp":"2026-06-15 15:14:57,258+0530","service":"FyersAPIRequest"}
{"level":"DEBUG","location":"[get_call:159] fyersModel","message":{"Status Code":200,"API":"/history"},"timestamp":"2026-06-15 15:14:57,606+0530","service":"FyersAPIRequest"}
{"level":"DEBUG","location":"[get_call:159] fyersModel","message":{"Status Code":200,"API":"/history"},"timestamp":"2026-06-15 15:14:57,945+0530","service":"FyersAPIRequest"}
{"level":"DEBUG","location":"[get_call:159] fyersModel","message":{"Status Code":200,"API":"/history"},"timestamp":"2026-06-15 15:14:58,251+0530","service":"FyersAPIRequest"}
{"level":"DEBUG","location":"[get_call:159] fyersModel","message":{"Status Code":200,"API":"/history"},"timestamp":"2026-06-15 15:14:58,568+0530","service":"FyersAPIRequest"}
{"level":"DEBUG","location":"[get_call:159] fyersModel","message":{"Status Code":200,"API":"/history"},"timestamp":"2026-06-15 15:14:58,880+0530","service":"FyersAPIRequest"}
{"level":"DEBUG","location":"[get_call:159] fyersModel","message":{"Status Code":200,"API":"/history"},"timestamp":"2026-06-15 15:14:59,202+0530","service":"FyersAPIRequest"}
{"level":"DEBUG","location":"[get_call:159] fyersModel","message":{"Status Code":200,"API":"/history"},"timestamp":"2026-06-15 15:14:59,537+0530","service":"FyersAPIRequest"}
{"level":"DEBUG","location":"[get_call:159] fyersModel","message":{"Status Code":200,"API":"/history"},"timestamp":"2026-06-15 15:14:59,868+0530","service":"FyersAPIRequest"}
{"level":"DEBUG","location":"[get_call:159] fyersModel","message":{"Status Code":200,"API":"/history"},"timestamp":"2026-06-15 15:15:00,225+0530","service":"FyersAPIRequest"}
{"level":"DEBUG","location":"[get_call:159] fyersModel","message":{"Status Code":200,"API":"/history"},"timestamp":"2026-06-15 15:15:00,576+0530","service":"FyersAPIRequest"}
{"level":"DEBUG","location":"[get_call:159] fyersModel","message":{"Status Code":200,"API":"/history"},"timestamp":"2026-06-15 15:15:00,890+0530","service":"FyersAPIRequest"}
{"level":"DEBUG","location":"[get_call:159] fyersModel","message":{"Status Code":200,"API":"/history"},"timestamp":"2026-06-15 15:15:01,252+0530","service":"FyersAPIRequest"}
{"level":"DEBUG","location":"[get_call:159] fyersModel","message":{"Status Code":200,"API":"/history"},"timestamp":"2026-06-15 15:15:01,601+0530","service":"FyersAPIRequest"}
{"level":"DEBUG","location":"[get_call:159] fyersModel","message":{"Status Code":200,"API":"/history"},"timestamp":"2026-06-15 15:15:01,947+0530","service":"FyersAPIRequest"}
{"level":"DEBUG","location":"[get_call:159] fyersModel","message":{"Status Code":200,"API":"/history"},"timestamp":"2026-06-15 15:15:02,326+0530","service":"FyersAPIRequest"}
{"level":"DEBUG","location":"[get_call:159] fyersModel","message":{"Status Code":200,"API":"/history"},"timestamp":"2026-06-15 15:15:02,687+0530","service":"FyersAPIRequest"}
{"level":"DEBUG","location":"[get_call:159] fyersModel","message":{"Status Code":200,"API":"/history"},"timestamp":"2026-06-15 15:15:03,037+0530","service":"FyersAPIRequest"}
{"level":"DEBUG","location":"[get_call:159] fyersModel","message":{"Status Code":200,"API":"/history"},"timestamp":"2026-06-15 15:15:03,389+0530","service":"FyersAPIRequest"}
{"level":"DEBUG","location":"[get_call:159] fyersModel","message":{"Status Code":200,"API":"/history"},"timestamp":"2026-06-15 15:15:03,725+0530","service":"FyersAPIRequest"}
{"level":"DEBUG","location":"[get_call:159] fyersModel","message":{"Status Code":422,"API":"/history"},"timestamp":"2026-06-15 15:15:04,094+0530","service":"FyersAPIRequest"}
{"level":"DEBUG","location":"[get_call:159] fyersModel","message":{"Status Code":422,"API":"/history"},"timestamp":"2026-06-15 15:15:04,335+0530","service":"FyersAPIRequest"}
{"level":"DEBUG","location":"[get_call:159] fyersModel","message":{"Status Code":422,"API":"/history"},"timestamp":"2026-06-15 15:15:04,461+0530","service":"FyersAPIRequest"}
{"level":"DEBUG","location":"[get_call:159] fyersModel","message":{"Status Code":422,"API":"/history"},"timestamp":"2026-06-15 15:15:04,600+0530","service":"FyersAPIRequest"}
{"level":"DEBUG","location":"[get_call:159] fyersModel","message":{"Status Code":422,"API":"/history"},"timestamp":"2026-06-15 15:15:04,731+0530","service":"FyersAPIRequest"}
{"level":"DEBUG","location":"[get_call:159] fyersModel","message":{"Status Code":422,"API":"/history"},"timestamp":"2026-06-15 15:15:04,845+0530","service":"FyersAPIRequest"}
{"level":"DEBUG","location":"[get_call:159] fyersModel","message":{"Status Code":422,"API":"/history"},"timestamp":"2026-06-15 15:15:04,978+0530","service":"FyersAPIRequest"}
{"level":"DEBUG","location":"[get_call:159] fyersModel","message":{"Status Code":422,"API":"/history"},"timestamp":"2026-06-15 15:15:05,135+0530","service":"FyersAPIRequest"}
{"level":"DEBUG","location":"[get_call:159] fyersModel","message":{"Status Code":422,"API":"/history"},"timestamp":"2026-06-15 15:15:05,278+0530","service":"FyersAPIRequest"}
{"level":"DEBUG","location":"[get_call:159] fyersModel","message":{"Status Code":422,"API":"/history"},"timestamp":"2026-06-15 15:15:05,393+0530","service":"FyersAPIRequest"}
{"level":"DEBUG","location":"[get_call:159] fyersModel","message":{"Status Code":422,"API":"/history"},"timestamp":"2026-06-15 15:15:05,583+0530","service":"FyersAPIRequest"}
{"level":"DEBUG","location":"[get_call:159] fyersModel","message":{"Status Code":200,"API":"/history"},"timestamp":"2026-06-15 15:15:05,896+0530","service":"FyersAPIRequest"}
{"level":"DEBUG","location":"[get_call:159] fyersModel","message":{"Status Code":200,"API":"/history"},"timestamp":"2026-06-15 15:15:06,261+0530","service":"FyersAPIRequest"}
{"level":"DEBUG","location":"[get_call:159] fyersModel","message":{"Status Code":200,"API":"/history"},"timestamp":"2026-06-15 15:15:06,601+0530","service":"FyersAPIRequest"}
{"level":"DEBUG","location":"[get_call:159] fyersModel","message":{"Status Code":200,"API":"/history"},"timestamp":"2026-06-15 15:15:07,009+0530","service":"FyersAPIRequest"}
{"level":"DEBUG","location":"[get_call:159] fyersModel","message":{"Status Code":200,"API":"/history"},"timestamp":"2026-06-15 15:15:07,348+0530","service":"FyersAPIRequest"}
{"level":"DEBUG","location":"[get_call:159] fyersModel","message":{"Status Code":200,"API":"/history"},"timestamp":"2026-06-15 15:15:07,707+0530","service":"FyersAPIRequest"}
{"level":"DEBUG","location":"[get_call:159] fyersModel","message":{"Status Code":200,"API":"/history"},"timestamp":"2026-06-15 15:15:08,069+0530","service":"FyersAPIRequest"}
{"level":"DEBUG","location":"[get_call:159] fyersModel","message":{"Status Code":200,"API":"/history"},"timestamp":"2026-06-15 15:15:08,415+0530","service":"FyersAPIRequest"}
{"level":"DEBUG","location":"[get_call:159] fyersModel","message":{"Status Code":200,"API":"/history"},"timestamp":"2026-06-15 15:15:08,744+0530","service":"FyersAPIRequest"}
{"level":"DEBUG","location":"[get_call:159] fyersModel","message":{"Status Code":200,"API":"/history"},"timestamp":"2026-06-15 15:15:09,092+0530","service":"FyersAPIRequest"}
{"level":"DEBUG","location":"[get_call:159] fyersModel","message":{"Status Code":200,"API":"/history"},"timestamp":"2026-06-15 15:15:09,434+0530","service":"FyersAPIRequest"}
{"level":"DEBUG","location":"[get_call:159] fyersModel","message":{"Status Code":200,"API":"/history"},"timestamp":"2026-06-15 15:15:09,812+0530","service":"FyersAPIRequest"}
{"level":"DEBUG","location":"[get_call:159] fyersModel","message":{"Status Code":200,"API":"/history"},"timestamp":"2026-06-15 15:15:10,180+0530","service":"FyersAPIRequest"}
{"level":"DEBUG","location":"[get_call:159] fyersModel","message":{"Status Code":200,"API":"/history"},"timestamp":"2026-06-15 15:15:10,526+0530","service":"FyersAPIRequest"}
{"level":"DEBUG","location":"[get_call:159] fyersModel","message":{"Status Code":200,"API":"/history"},"timestamp":"2026-06-15 15:15:10,901+0530","service":"FyersAPIRequest"}
{"level":"DEBUG","location":"[get_call:159] fyersModel","message":{"Status Code":200,"API":"/history"},"timestamp":"2026-06-15 15:15:11,261+0530","service":"FyersAPIRequest"}
{"level":"DEBUG","location":"[get_call:159] fyersModel","message":{"Status Code":200,"API":"/history"},"timestamp":"2026-06-15 15:15:11,615+0530","service":"FyersAPIRequest"}
{"level":"DEBUG","location":"[get_call:159] fyersModel","message":{"Status Code":200,"API":"/history"},"timestamp":"2026-06-15 15:15:12,031+0530","service":"FyersAPIRequest"}
{"level":"DEBUG","location":"[get_call:159] fyersModel","message":{"Status Code":200,"API":"/history"},"timestamp":"2026-06-15 15:15:12,383+0530","service":"FyersAPIRequest"}
{"level":"DEBUG","location":"[get_call:159] fyersModel","message":{"Status Code":200,"API":"/history"},"timestamp":"2026-06-15 15:15:12,731+0530","service":"FyersAPIRequest"}
{"level":"DEBUG","location":"[get_call:159] fyersModel","message":{"Status Code":200,"API":"/history"},"timestamp":"2026-06-15 15:15:13,084+0530","service":"FyersAPIRequest"}
{"level":"DEBUG","location":"[get_call:159] fyersModel","message":{"Status Code":200,"API":"/history"},"timestamp":"2026-06-15 15:15:13,424+0530","service":"FyersAPIRequest"}
{"level":"DEBUG","location":"[get_call:159] fyersModel","message":{"Status Code":200,"API":"/history"},"timestamp":"2026-06-15 15:15:13,765+0530","service":"FyersAPIRequest"}
{"level":"DEBUG","location":"[get_call:159] fyersModel","message":{"Status Code":200,"API":"/history"},"timestamp":"2026-06-15 15:15:14,084+0530","service":"FyersAPIRequest"}
{"level":"DEBUG","location":"[get_call:159] fyersModel","message":{"Status Code":200,"API":"/history"},"timestamp":"2026-06-15 15:15:14,472+0530","service":"FyersAPIRequest"}
{"level":"DEBUG","location":"[get_call:159] fyersModel","message":{"Status Code":200,"API":"/history"},"timestamp":"2026-06-15 15:15:14,957+0530","service":"FyersAPIRequest"}
{"level":"DEBUG","location":"[get_call:159] fyersModel","message":{"Status Code":200,"API":"/history"},"timestamp":"2026-06-15 15:15:15,295+0530","service":"FyersAPIRequest"}
{"level":"DEBUG","location":"[get_call:159] fyersModel","message":{"Status Code":200,"API":"/history"},"timestamp":"2026-06-15 15:15:15,660+0530","service":"FyersAPIRequest"}
{"level":"DEBUG","location":"[get_call:159] fyersModel","message":{"Status Code":200,"API":"/history"},"timestamp":"2026-06-15 15:15:15,975+0530","service":"FyersAPIRequest"}
{"level":"DEBUG","location":"[get_call:159] fyersModel","message":{"Status Code":200,"API":"/history"},"timestamp":"2026-06-15 15:15:16,304+0530","service":"FyersAPIRequest"}
{"level":"DEBUG","location":"[get_call:159] fyersModel","message":{"Status Code":200,"API":"/history"},"timestamp":"2026-06-15 15:15:16,631+0530","service":"FyersAPIRequest"}
{"level":"DEBUG","location":"[get_call:159] fyersModel","message":{"Status Code":200,"API":"/history"},"timestamp":"2026-06-15 15:15:16,956+0530","service":"FyersAPIRequest"}
{"level":"DEBUG","location":"[get_call:159] fyersModel","message":{"Status Code":200,"API":"/history"},"timestamp":"2026-06-15 15:15:17,274+0530","service":"FyersAPIRequest"}
{"level":"DEBUG","location":"[get_call:159] fyersModel","message":{"Status Code":200,"API":"/history"},"timestamp":"2026-06-15 15:15:17,675+0530","service":"FyersAPIRequest"}
{"level":"DEBUG","location":"[get_call:159] fyersModel","message":{"Status Code":200,"API":"/history"},"timestamp":"2026-06-15 15:15:18,032+0530","service":"FyersAPIRequest"}
{"level":"DEBUG","location":"[get_call:159] fyersModel","message":{"Status Code":200,"API":"/history"},"timestamp":"2026-06-15 15:15:18,362+0530","service":"FyersAPIRequest"}
{"level":"DEBUG","location":"[get_call:159] fyersModel","message":{"Status Code":200,"API":"/history"},"timestamp":"2026-06-15 15:15:18,724+0530","service":"FyersAPIRequest"}
{"level":"DEBUG","location":"[get_call:159] fyersModel","message":{"Status Code":200,"API":"/history"},"timestamp":"2026-06-15 15:15:19,056+0530","service":"FyersAPIRequest"}
{"level":"DEBUG","location":"[get_call:159] fyersModel","message":{"Status Code":200,"API":"/history"},"timestamp":"2026-06-15 15:15:19,397+0530","service":"FyersAPIRequest"}
{"level":"DEBUG","location":"[get_call:159] fyersModel","message":{"Status Code":200,"API":"/history"},"timestamp":"2026-06-15 15:15:19,752+0530","service":"FyersAPIRequest"}
{"level":"DEBUG","location":"[get_call:159] fyersModel","message":{"Status Code":200,"API":"/history"},"timestamp":"2026-06-15 15:15:20,145+0530","service":"FyersAPIRequest"}
{"level":"DEBUG","location":"[get_call:159] fyersModel","message":{"Status Code":200,"API":"/history"},"timestamp":"2026-06-15 15:15:20,494+0530","service":"FyersAPIRequest"}
{"level":"DEBUG","location":"[get_call:159] fyersModel","message":{"Status Code":200,"API":"/history"},"timestamp":"2026-06-15 15:15:20,859+0530","service":"FyersAPIRequest"}
{"level":"DEBUG","location":"[get_call:159] fyersModel","message":{"Status Code":200,"API":"/history"},"timestamp":"2026-06-15 15:15:21,200+0530","service":"FyersAPIRequest"}
{"level":"DEBUG","location":"[get_call:159] fyersModel","message":{"Status Code":200,"API":"/history"},"timestamp":"2026-06-15 15:15:21,528+0530","service":"FyersAPIRequest"}
{"level":"DEBUG","location":"[get_call:159] fyersModel","message":{"Status Code":200,"API":"/history"},"timestamp":"2026-06-15 15:15:21,877+0530","service":"FyersAPIRequest"}
{"level":"DEBUG","location":"[get_call:159] fyersModel","message":{"Status Code":200,"API":"/history"},"timestamp":"2026-06-15 15:15:22,244+0530","service":"FyersAPIRequest"}
{"level":"DEBUG","location":"[get_call:159] fyersModel","message":{"Status Code":200,"API":"/history"},"timestamp":"2026-06-15 15:15:22,601+0530","service":"FyersAPIRequest"}
{"level":"DEBUG","location":"[get_call:159] fyersModel","message":{"Status Code":200,"API":"/history"},"timestamp":"2026-06-15 15:15:22,930+0530","service":"FyersAPIRequest"}
{"level":"DEBUG","location":"[get_call:159] fyersModel","message":{"Status Code":200,"API":"/history"},"timestamp":"2026-06-15 15:15:23,284+0530","service":"FyersAPIRequest"}
{"level":"DEBUG","location":"[get_call:159] fyersModel","message":{"Status Code":200,"API":"/history"},"timestamp":"2026-06-15 15:15:23,602+0530","service":"FyersAPIRequest"}
{"level":"DEBUG","location":"[get_call:159] fyersModel","message":{"Status Code":200,"API":"/history"},"timestamp":"2026-06-15 15:15:23,923+0530","service":"FyersAPIRequest"}
{"level":"DEBUG","location":"[get_call:159] fyersModel","message":{"Status Code":200,"API":"/history"},"timestamp":"2026-06-15 15:15:24,230+0530","service":"FyersAPIRequest"}
{"level":"DEBUG","location":"[get_call:159] fyersModel","message":{"Status Code":200,"API":"/history"},"timestamp":"2026-06-15 15:15:24,547+0530","service":"FyersAPIRequest"}
{"level":"DEBUG","location":"[get_call:159] fyersModel","message":{"Status Code":200,"API":"/history"},"timestamp":"2026-06-15 15:15:24,875+0530","service":"FyersAPIRequest"}
{"level":"DEBUG","location":"[get_call:159] fyersModel","message":{"Status Code":200,"API":"/history"},"timestamp":"2026-06-15 15:15:25,201+0530","service":"FyersAPIRequest"}
{"level":"DEBUG","location":"[get_call:159] fyersModel","message":{"Status Code":200,"API":"/history"},"timestamp":"2026-06-15 15:15:25,525+0530","service":"FyersAPIRequest"}
{"level":"DEBUG","location":"[get_call:159] fyersModel","message":{"Status Code":200,"API":"/history"},"timestamp":"2026-06-15 15:15:25,871+0530","service":"FyersAPIRequest"}
{"level":"DEBUG","location":"[get_call:159] fyersModel","message":{"Status Code":200,"API":"/history"},"timestamp":"2026-06-15 15:15:26,256+0530","service":"FyersAPIRequest"}
{"level":"DEBUG","location":"[get_call:159] fyersModel","message":{"Status Code":200,"API":"/history"},"timestamp":"2026-06-15 15:15:26,623+0530","service":"FyersAPIRequest"}
{"level":"DEBUG","location":"[get_call:159] fyersModel","message":{"Status Code":200,"API":"/history"},"timestamp":"2026-06-15 15:15:26,995+0530","service":"FyersAPIRequest"}
{"level":"DEBUG","location":"[get_call:159] fyersModel","message":{"Status Code":200,"API":"/history"},"timestamp":"2026-06-15 15:15:27,334+0530","service":"FyersAPIRequest"}
{"level":"DEBUG","location":"[get_call:159] fyersModel","message":{"Status Code":200,"API":"/history"},"timestamp":"2026-06-15 15:15:27,676+0530","service":"FyersAPIRequest"}
{"level":"DEBUG","location":"[get_call:159] fyersModel","message":{"Status Code":200,"API":"/history"},"timestamp":"2026-06-15 15:15:28,014+0530","service":"FyersAPIRequest"}
{"level":"DEBUG","location":"[get_call:159] fyersModel","message":{"Status Code":200,"API":"/history"},"timestamp":"2026-06-15 15:15:28,368+0530","service":"FyersAPIRequest"}
{"level":"DEBUG","location":"[get_call:159] fyersModel","message":{"Status Code":200,"API":"/history"},"timestamp":"2026-06-15 15:15:28,706+0530","service":"FyersAPIRequest"}
{"level":"DEBUG","location":"[get_call:159] fyersModel","message":{"Status Code":200,"API":"/history"},"timestamp":"2026-06-15 15:15:29,045+0530","service":"FyersAPIRequest"}
{"level":"DEBUG","location":"[get_call:159] fyersModel","message":{"Status Code":200,"API":"/history"},"timestamp":"2026-06-15 15:15:29,410+0530","service":"FyersAPIRequest"}
{"level":"DEBUG","location":"[get_call:159] fyersModel","message":{"Status Code":200,"API":"/history"},"timestamp":"2026-06-15 15:15:29,754+0530","service":"FyersAPIRequest"}
{"level":"DEBUG","location":"[get_call:159] fyersModel","message":{"Status Code":200,"API":"/history"},"timestamp":"2026-06-15 15:15:30,079+0530","service":"FyersAPIRequest"}
{"level":"DEBUG","location":"[get_call:159] fyersModel","message":{"Status Code":200,"API":"/history"},"timestamp":"2026-06-15 15:15:30,454+0530","service":"FyersAPIRequest"}
{"level":"DEBUG","location":"[get_call:159] fyersModel","message":{"Status Code":200,"API":"/history"},"timestamp":"2026-06-15 15:15:30,783+0530","service":"FyersAPIRequest"}
{"level":"DEBUG","location":"[get_call:159] fyersModel","message":{"Status Code":200,"API":"/history"},"timestamp":"2026-06-15 15:15:31,122+0530","service":"FyersAPIRequest"}
{"level":"DEBUG","location":"[get_call:159] fyersModel","message":{"Status Code":200,"API":"/history"},"timestamp":"2026-06-15 15:15:31,516+0530","service":"FyersAPIRequest"}
{"level":"DEBUG","location":"[get_call:159] fyersModel","message":{"Status Code":200,"API":"/history"},"timestamp":"2026-06-15 15:15:31,849+0530","service":"FyersAPIRequest"}
{"level":"DEBUG","location":"[get_call:159] fyersModel","message":{"Status Code":200,"API":"/history"},"timestamp":"2026-06-15 15:15:32,211+0530","service":"FyersAPIRequest"}
{"level":"DEBUG","location":"[get_call:159] fyersModel","message":{"Status Code":200,"API":"/history"},"timestamp":"2026-06-15 15:15:32,524+0530","service":"FyersAPIRequest"}
{"level":"DEBUG","location":"[get_call:159] fyersModel","message":{"Status Code":200,"API":"/history"},"timestamp":"2026-06-15 15:15:32,869+0530","service":"FyersAPIRequest"}
{"level":"DEBUG","location":"[get_call:159] fyersModel","message":{"Status Code":200,"API":"/history"},"timestamp":"2026-06-15 15:15:33,232+0530","service":"FyersAPIRequest"}
{"level":"DEBUG","location":"[get_call:159] fyersModel","message":{"Status Code":200,"API":"/history"},"timestamp":"2026-06-15 15:15:33,573+0530","service":"FyersAPIRequest"}
{"level":"DEBUG","location":"[get_call:159] fyersModel","message":{"Status Code":200,"API":"/history"},"timestamp":"2026-06-15 15:15:33,916+0530","service":"FyersAPIRequest"}
{"level":"DEBUG","location":"[get_call:159] fyersModel","message":{"Status Code":200,"API":"/history"},"timestamp":"2026-06-15 15:15:34,315+0530","service":"FyersAPIRequest"}
{"level":"DEBUG","location":"[get_call:159] fyersModel","message":{"Status Code":200,"API":"/history"},"timestamp":"2026-06-15 15:15:34,653+0530","service":"FyersAPIRequest"}
{"level":"DEBUG","location":"[get_call:159] fyersModel","message":{"Status Code":200,"API":"/history"},"timestamp":"2026-06-15 15:15:34,996+0530","service":"FyersAPIRequest"}
{"level":"DEBUG","location":"[get_call:159] fyersModel","message":{"Status Code":200,"API":"/history"},"timestamp":"2026-06-15 15:15:35,296+0530","service":"FyersAPIRequest"}
{"level":"DEBUG","location":"[get_call:159] fyersModel","message":{"Status Code":200,"API":"/history"},"timestamp":"2026-06-15 15:15:35,637+0530","service":"FyersAPIRequest"}
{"level":"DEBUG","location":"[get_call:159] fyersModel","message":{"Status Code":200,"API":"/history"},"timestamp":"2026-06-15 15:15:35,974+0530","service":"FyersAPIRequest"}
{"level":"DEBUG","location":"[get_call:159] fyersModel","message":{"Status Code":200,"API":"/history"},"timestamp":"2026-06-15 15:15:36,334+0530","service":"FyersAPIRequest"}
{"level":"DEBUG","location":"[get_call:159] fyersModel","message":{"Status Code":200,"API":"/history"},"timestamp":"2026-06-15 15:15:36,701+0530","service":"FyersAPIRequest"}
{"level":"DEBUG","location":"[get_call:159] fyersModel","message":{"Status Code":200,"API":"/history"},"timestamp":"2026-06-15 15:15:37,045+0530","service":"FyersAPIRequest"}
{"level":"DEBUG","location":"[get_call:159] fyersModel","message":{"Status Code":200,"API":"/history"},"timestamp":"2026-06-15 15:15:37,386+0530","service":"FyersAPIRequest"}
{"level":"DEBUG","location":"[get_call:159] fyersModel","message":{"Status Code":200,"API":"/history"},"timestamp":"2026-06-15 15:15:37,723+0530","service":"FyersAPIRequest"}
{"level":"DEBUG","location":"[get_call:159] fyersModel","message":{"Status Code":200,"API":"/history"},"timestamp":"2026-06-15 15:15:38,074+0530","service":"FyersAPIRequest"}
{"level":"DEBUG","location":"[get_call:159] fyersModel","message":{"Status Code":200,"API":"/history"},"timestamp":"2026-06-15 15:15:38,430+0530","service":"FyersAPIRequest"}
{"level":"DEBUG","location":"[get_call:159] fyersModel","message":{"Status Code":200,"API":"/history"},"timestamp":"2026-06-15 15:15:38,761+0530","service":"FyersAPIRequest"}
{"level":"DEBUG","location":"[get_call:159] fyersModel","message":{"Status Code":200,"API":"/history"},"timestamp":"2026-06-15 15:15:39,097+0530","service":"FyersAPIRequest"}
{"level":"DEBUG","location":"[get_call:159] fyersModel","message":{"Status Code":200,"API":"/history"},"timestamp":"2026-06-15 15:15:39,412+0530","service":"FyersAPIRequest"}
{"level":"DEBUG","location":"[get_call:159] fyersModel","message":{"Status Code":200,"API":"/history"},"timestamp":"2026-06-15 15:15:39,757+0530","service":"FyersAPIRequest"}
{"level":"DEBUG","location":"[get_call:159] fyersModel","message":{"Status Code":200,"API":"/history"},"timestamp":"2026-06-15 15:15:40,067+0530","service":"FyersAPIRequest"}
{"level":"DEBUG","location":"[get_call:159] fyersModel","message":{"Status Code":200,"API":"/history"},"timestamp":"2026-06-15 15:15:40,397+0530","service":"FyersAPIRequest"}
{"level":"DEBUG","location":"[get_call:159] fyersModel","message":{"Status Code":200,"API":"/history"},"timestamp":"2026-06-15 15:15:40,736+0530","service":"FyersAPIRequest"}
{"level":"DEBUG","location":"[get_call:159] fyersModel","message":{"Status Code":200,"API":"/history"},"timestamp":"2026-06-15 15:15:41,095+0530","service":"FyersAPIRequest"}
{"level":"DEBUG","location":"[get_call:159] fyersModel","message":{"Status Code":200,"API":"/history"},"timestamp":"2026-06-15 15:15:41,417+0530","service":"FyersAPIRequest"}
{"level":"DEBUG","location":"[get_call:159] fyersModel","message":{"Status Code":200,"API":"/history"},"timestamp":"2026-06-15 15:15:41,755+0530","service":"FyersAPIRequest"}
{"level":"DEBUG","location":"[get_call:159] fyersModel","message":{"Status Code":200,"API":"/history"},"timestamp":"2026-06-15 15:15:42,096+0530","service":"FyersAPIRequest"}
{"level":"DEBUG","location":"[get_call:159] fyersModel","message":{"Status Code":200,"API":"/history"},"timestamp":"2026-06-15 15:15:42,403+0530","service":"FyersAPIRequest"}
{"level":"DEBUG","location":"[get_call:159] fyersModel","message":{"Status Code":200,"API":"/history"},"timestamp":"2026-06-15 15:15:42,746+0530","service":"FyersAPIRequest"}
{"level":"DEBUG","location":"[get_call:159] fyersModel","message":{"Status Code":200,"API":"/history"},"timestamp":"2026-06-15 15:15:43,075+0530","service":"FyersAPIRequest"}
{"level":"DEBUG","location":"[get_call:159] fyersModel","message":{"Status Code":200,"API":"/history"},"timestamp":"2026-06-15 15:15:43,452+0530","service":"FyersAPIRequest"}
{"level":"DEBUG","location":"[get_call:159] fyersModel","message":{"Status Code":200,"API":"/history"},"timestamp":"2026-06-15 15:15:43,780+0530","service":"FyersAPIRequest"}
{"level":"DEBUG","location":"[get_call:159] fyersModel","message":{"Status Code":200,"API":"/history"},"timestamp":"2026-06-15 15:15:44,100+0530","service":"FyersAPIRequest"}
{"level":"DEBUG","location":"[get_call:159] fyersModel","message":{"Status Code":200,"API":"/history"},"timestamp":"2026-06-15 15:15:44,434+0530","service":"FyersAPIRequest"}
{"level":"DEBUG","location":"[get_call:159] fyersModel","message":{"Status Code":200,"API":"/history"},"timestamp":"2026-06-15 15:15:44,772+0530","service":"FyersAPIRequest"}
{"level":"DEBUG","location":"[get_call:159] fyersModel","message":{"Status Code":200,"API":"/history"},"timestamp":"2026-06-15 15:15:45,141+0530","service":"FyersAPIRequest"}
{"level":"DEBUG","location":"[get_call:159] fyersModel","message":{"Status Code":200,"API":"/history"},"timestamp":"2026-06-15 15:15:45,466+0530","service":"FyersAPIRequest"}
{"level":"DEBUG","location":"[get_call:159] fyersModel","message":{"Status Code":200,"API":"/history"},"timestamp":"2026-06-15 15:15:45,843+0530","service":"FyersAPIRequest"}
{"level":"DEBUG","location":"[get_call:159] fyersModel","message":{"Status Code":422,"API":"/history"},"timestamp":"2026-06-15 15:15:46,152+0530","service":"FyersAPIRequest"}
{"level":"DEBUG","location":"[get_call:159] fyersModel","message":{"Status Code":422,"API":"/history"},"timestamp":"2026-06-15 15:15:46,278+0530","service":"FyersAPIRequest"}
{"level":"DEBUG","location":"[get_call:159] fyersModel","message":{"Status Code":422,"API":"/history"},"timestamp":"2026-06-15 15:15:46,424+0530","service":"FyersAPIRequest"}
{"level":"DEBUG","location":"[get_call:159] fyersModel","message":{"Status Code":422,"API":"/history"},"timestamp":"2026-06-15 15:15:46,555+0530","service":"FyersAPIRequest"}
{"level":"DEBUG","location":"[get_call:159] fyersModel","message":{"Status Code":422,"API":"/history"},"timestamp":"2026-06-15 15:15:46,696+0530","service":"FyersAPIRequest"}
{"level":"DEBUG","location":"[get_call:159] fyersModel","message":{"Status Code":422,"API":"/history"},"timestamp":"2026-06-15 15:15:46,856+0530","service":"FyersAPIRequest"}
{"level":"DEBUG","location":"[get_call:159] fyersModel","message":{"Status Code":422,"API":"/history"},"timestamp":"2026-06-15 15:15:46,955+0530","service":"FyersAPIRequest"}
{"level":"DEBUG","location":"[get_call:159] fyersModel","message":{"Status Code":422,"API":"/history"},"timestamp":"2026-06-15 15:15:47,089+0530","service":"FyersAPIRequest"}
{"level":"DEBUG","location":"[get_call:159] fyersModel","message":{"Status Code":422,"API":"/history"},"timestamp":"2026-06-15 15:15:47,219+0530","service":"FyersAPIRequest"}
{"level":"DEBUG","location":"[get_call:159] fyersModel","message":{"Status Code":422,"API":"/history"},"timestamp":"2026-06-15 15:15:47,351+0530","service":"FyersAPIRequest"}
{"level":"DEBUG","location":"[get_call:159] fyersModel","message":{"Status Code":422,"API":"/history"},"timestamp":"2026-06-15 15:15:47,473+0530","service":"FyersAPIRequest"}
{"level":"DEBUG","location":"[get_call:159] fyersModel","message":{"Status Code":422,"API":"/history"},"timestamp":"2026-06-15 15:15:47,707+0530","service":"FyersAPIRequest"}
{"level":"DEBUG","location":"[get_call:159] fyersModel","message":{"Status Code":422,"API":"/history"},"timestamp":"2026-06-15 15:15:47,856+0530","service":"FyersAPIRequest"}
{"level":"DEBUG","location":"[get_call:159] fyersModel","message":{"Status Code":422,"API":"/history"},"timestamp":"2026-06-15 15:15:47,984+0530","service":"FyersAPIRequest"}
{"level":"DEBUG","location":"[get_call:159] fyersModel","message":{"Status Code":422,"API":"/history"},"timestamp":"2026-06-15 15:15:48,110+0530","service":"FyersAPIRequest"}
{"level":"DEBUG","location":"[get_call:159] fyersModel","message":{"Status Code":422,"API":"/history"},"timestamp":"2026-06-15 15:15:48,340+0530","service":"FyersAPIRequest"}
{"level":"DEBUG","location":"[get_call:159] fyersModel","message":{"Status Code":422,"API":"/history"},"timestamp":"2026-06-15 15:15:48,466+0530","service":"FyersAPIRequest"}
{"level":"DEBUG","location":"[get_call:159] fyersModel","message":{"Status Code":422,"API":"/history"},"timestamp":"2026-06-15 15:15:48,601+0530","service":"FyersAPIRequest"}
{"level":"DEBUG","location":"[get_call:159] fyersModel","message":{"Status Code":422,"API":"/history"},"timestamp":"2026-06-15 15:15:48,728+0530","service":"FyersAPIRequest"}
{"level":"DEBUG","location":"[get_call:159] fyersModel","message":{"Status Code":422,"API":"/history"},"timestamp":"2026-06-15 15:15:48,856+0530","service":"FyersAPIRequest"}
{"level":"DEBUG","location":"[get_call:159] fyersModel","message":{"Status Code":422,"API":"/history"},"timestamp":"2026-06-15 15:15:48,995+0530","service":"FyersAPIRequest"}
{"level":"DEBUG","location":"[get_call:159] fyersModel","message":{"Status Code":422,"API":"/history"},"timestamp":"2026-06-15 15:15:49,154+0530","service":"FyersAPIRequest"}
{"level":"DEBUG","location":"[get_call:159] fyersModel","message":{"Status Code":422,"API":"/history"},"timestamp":"2026-06-15 15:15:49,397+0530","service":"FyersAPIRequest"}
{"level":"DEBUG","location":"[get_call:159] fyersModel","message":{"Status Code":422,"API":"/history"},"timestamp":"2026-06-15 15:15:49,518+0530","service":"FyersAPIRequest"}
{"level":"DEBUG","location":"[get_call:159] fyersModel","message":{"Status Code":422,"API":"/history"},"timestamp":"2026-06-15 15:15:49,649+0530","service":"FyersAPIRequest"}
{"level":"DEBUG","location":"[get_call:159] fyersModel","message":{"Status Code":422,"API":"/history"},"timestamp":"2026-06-15 15:15:49,798+0530","service":"FyersAPIRequest"}
{"level":"DEBUG","location":"[get_call:159] fyersModel","message":{"Status Code":422,"API":"/history"},"timestamp":"2026-06-15 15:15:49,927+0530","service":"FyersAPIRequest"}
{"level":"DEBUG","location":"[get_call:159] fyersModel","message":{"Status Code":422,"API":"/history"},"timestamp":"2026-06-15 15:15:50,045+0530","service":"FyersAPIRequest"}
{"level":"DEBUG","location":"[get_call:159] fyersModel","message":{"Status Code":422,"API":"/history"},"timestamp":"2026-06-15 15:15:50,207+0530","service":"FyersAPIRequest"}
{"level":"DEBUG","location":"[get_call:159] fyersModel","message":{"Status Code":422,"API":"/history"},"timestamp":"2026-06-15 15:15:50,331+0530","service":"FyersAPIRequest"}
{"level":"DEBUG","location":"[get_call:159] fyersModel","message":{"Status Code":422,"API":"/history"},"timestamp":"2026-06-15 15:15:50,467+0530","service":"FyersAPIRequest"}
{"level":"DEBUG","location":"[get_call:159] fyersModel","message":{"Status Code":422,"API":"/history"},"timestamp":"2026-06-15 15:15:50,599+0530","service":"FyersAPIRequest"}
{"level":"DEBUG","location":"[get_call:159] fyersModel","message":{"Status Code":422,"API":"/history"},"timestamp":"2026-06-15 15:15:50,714+0530","service":"FyersAPIRequest"}
{"level":"DEBUG","location":"[get_call:159] fyersModel","message":{"Status Code":200,"API":"/history"},"timestamp":"2026-06-15 15:15:50,976+0530","service":"FyersAPIRequest"}
{"level":"DEBUG","location":"[get_call:159] fyersModel","message":{"Status Code":200,"API":"/history"},"timestamp":"2026-06-15 15:15:51,341+0530","service":"FyersAPIRequest"}
{"level":"DEBUG","location":"[get_call:159] fyersModel","message":{"Status Code":200,"API":"/history"},"timestamp":"2026-06-15 15:15:51,695+0530","service":"FyersAPIRequest"}
{"level":"DEBUG","location":"[get_call:159] fyersModel","message":{"Status Code":200,"API":"/history"},"timestamp":"2026-06-15 15:15:52,078+0530","service":"FyersAPIRequest"}
{"level":"DEBUG","location":"[get_call:159] fyersModel","message":{"Status Code":200,"API":"/history"},"timestamp":"2026-06-15 15:15:52,436+0530","service":"FyersAPIRequest"}
{"level":"DEBUG","location":"[get_call:159] fyersModel","message":{"Status Code":200,"API":"/history"},"timestamp":"2026-06-15 15:15:52,780+0530","service":"FyersAPIRequest"}
{"level":"DEBUG","location":"[get_call:159] fyersModel","message":{"Status Code":200,"API":"/history"},"timestamp":"2026-06-15 15:15:53,128+0530","service":"FyersAPIRequest"}
{"level":"DEBUG","location":"[get_call:159] fyersModel","message":{"Status Code":200,"API":"/history"},"timestamp":"2026-06-15 15:15:53,457+0530","service":"FyersAPIRequest"}
{"level":"DEBUG","location":"[get_call:159] fyersModel","message":{"Status Code":200,"API":"/history"},"timestamp":"2026-06-15 15:15:53,780+0530","service":"FyersAPIRequest"}
{"level":"DEBUG","location":"[get_call:159] fyersModel","message":{"Status Code":200,"API":"/history"},"timestamp":"2026-06-15 15:15:54,135+0530","service":"FyersAPIRequest"}
{"level":"DEBUG","location":"[get_call:159] fyersModel","message":{"Status Code":200,"API":"/history"},"timestamp":"2026-06-15 15:15:54,459+0530","service":"FyersAPIRequest"}
{"level":"DEBUG","location":"[get_call:159] fyersModel","message":{"Status Code":200,"API":"/history"},"timestamp":"2026-06-15 15:15:54,820+0530","service":"FyersAPIRequest"}
{"level":"DEBUG","location":"[get_call:159] fyersModel","message":{"Status Code":200,"API":"/history"},"timestamp":"2026-06-15 15:15:55,226+0530","service":"FyersAPIRequest"}
{"level":"DEBUG","location":"[get_call:159] fyersModel","message":{"Status Code":200,"API":"/history"},"timestamp":"2026-06-15 15:15:55,557+0530","service":"FyersAPIRequest"}
{"level":"DEBUG","location":"[get_call:159] fyersModel","message":{"Status Code":200,"API":"/history"},"timestamp":"2026-06-15 15:15:55,895+0530","service":"FyersAPIRequest"}
{"level":"DEBUG","location":"[get_call:159] fyersModel","message":{"Status Code":200,"API":"/history"},"timestamp":"2026-06-15 15:15:56,227+0530","service":"FyersAPIRequest"}
{"level":"DEBUG","location":"[get_call:159] fyersModel","message":{"Status Code":200,"API":"/history"},"timestamp":"2026-06-15 15:15:56,583+0530","service":"FyersAPIRequest"}
{"level":"DEBUG","location":"[get_call:159] fyersModel","message":{"Status Code":200,"API":"/history"},"timestamp":"2026-06-15 15:15:56,905+0530","service":"FyersAPIRequest"}
{"level":"DEBUG","location":"[get_call:159] fyersModel","message":{"Status Code":200,"API":"/history"},"timestamp":"2026-06-15 15:15:57,255+0530","service":"FyersAPIRequest"}
{"level":"DEBUG","location":"[get_call:159] fyersModel","message":{"Status Code":200,"API":"/history"},"timestamp":"2026-06-15 15:15:57,606+0530","service":"FyersAPIRequest"}
{"level":"DEBUG","location":"[get_call:159] fyersModel","message":{"Status Code":200,"API":"/history"},"timestamp":"2026-06-15 15:15:57,948+0530","service":"FyersAPIRequest"}
{"level":"DEBUG","location":"[get_call:159] fyersModel","message":{"Status Code":200,"API":"/history"},"timestamp":"2026-06-15 15:15:58,305+0530","service":"FyersAPIRequest"}
{"level":"DEBUG","location":"[get_call:159] fyersModel","message":{"Status Code":200,"API":"/history"},"timestamp":"2026-06-15 15:15:58,636+0530","service":"FyersAPIRequest"}
{"level":"DEBUG","location":"[get_call:159] fyersModel","message":{"Status Code":200,"API":"/history"},"timestamp":"2026-06-15 15:15:58,952+0530","service":"FyersAPIRequest"}
{"level":"DEBUG","location":"[get_call:159] fyersModel","message":{"Status Code":200,"API":"/history"},"timestamp":"2026-06-15 15:15:59,275+0530","service":"FyersAPIRequest"}
{"level":"DEBUG","location":"[get_call:159] fyersModel","message":{"Status Code":200,"API":"/history"},"timestamp":"2026-06-15 15:15:59,604+0530","service":"FyersAPIRequest"}
{"level":"DEBUG","location":"[get_call:159] fyersModel","message":{"Status Code":200,"API":"/history"},"timestamp":"2026-06-15 15:15:59,966+0530","service":"FyersAPIRequest"}
{"level":"DEBUG","location":"[get_call:159] fyersModel","message":{"Status Code":200,"API":"/history"},"timestamp":"2026-06-15 15:16:00,312+0530","service":"FyersAPIRequest"}
{"level":"DEBUG","location":"[get_call:159] fyersModel","message":{"Status Code":200,"API":"/history"},"timestamp":"2026-06-15 15:16:00,670+0530","service":"FyersAPIRequest"}
{"level":"DEBUG","location":"[get_call:159] fyersModel","message":{"Status Code":200,"API":"/history"},"timestamp":"2026-06-15 15:16:01,016+0530","service":"FyersAPIRequest"}
{"level":"DEBUG","location":"[get_call:159] fyersModel","message":{"Status Code":200,"API":"/history"},"timestamp":"2026-06-15 15:16:01,362+0530","service":"FyersAPIRequest"}
{"level":"DEBUG","location":"[get_call:159] fyersModel","message":{"Status Code":200,"API":"/history"},"timestamp":"2026-06-15 15:16:01,696+0530","service":"FyersAPIRequest"}
{"level":"DEBUG","location":"[get_call:159] fyersModel","message":{"Status Code":200,"API":"/history"},"timestamp":"2026-06-15 15:16:02,049+0530","service":"FyersAPIRequest"}
{"level":"DEBUG","location":"[post_call:100] fyersModel","message":{"Status Code":400,"API":"/orders/sync"},"timestamp":"2026-06-15 15:17:39,642+0530","service":"FyersAPIRequest"}
{"level":"DEBUG","location":"[post_call:100] fyersModel","message":{"Status Code":400,"API":"/orders/sync"},"timestamp":"2026-06-15 15:17:39,711+0530","service":"FyersAPIRequest"}
{"level":"DEBUG","location":"[post_call:100] fyersModel","message":{"Status Code":400,"API":"/orders/sync"},"timestamp":"2026-06-15 15:17:39,780+0530","service":"FyersAPIRequest"}
{"level":"DEBUG","location":"[post_call:100] fyersModel","message":{"Status Code":400,"API":"/orders/sync"},"timestamp":"2026-06-15 15:17:39,851+0530","service":"FyersAPIRequest"}
{"level":"DEBUG","location":"[get_call:159] fyersModel","message":{"Status Code":401,"API":"/positions"},"timestamp":"2026-06-16 10:09:14,124+0530","service":"FyersAPIRequest"}
{"level":"DEBUG","location":"[get_call:159] fyersModel","message":{"Status Code":401,"API":"/orders"},"timestamp":"2026-06-16 10:09:14,215+0530","service":"FyersAPIRequest"}
{"level":"DEBUG","location":"[get_call:159] fyersModel","message":{"Status Code":401,"API":"/orders"},"timestamp":"2026-06-16 10:09:14,298+0530","service":"FyersAPIRequest"}
{"level":"DEBUG","location":"[get_call:159] fyersModel","message":{"Status Code":401,"API":"/holdings"},"timestamp":"2026-06-16 10:09:14,403+0530","service":"FyersAPIRequest"}
{"level":"DEBUG","location":"[get_call:159] fyersModel","message":{"Status Code":401,"API":"/tradebook"},"timestamp":"2026-06-16 10:09:15,004+0530","service":"FyersAPIRequest"}
{"level":"DEBUG","location":"[get_call:159] fyersModel","message":{"Status Code":401,"API":"/funds"},"timestamp":"2026-06-16 10:09:15,621+0530","service":"FyersAPIRequest"}
{"level":"DEBUG","location":"[get_call:159] fyersModel","message":{"Status Code":200,"API":"/positions"},"timestamp":"2026-06-16 10:11:08,113+0530","service":"FyersAPIRequest"}
{"level":"DEBUG","location":"[get_call:159] fyersModel","message":{"Status Code":200,"API":"/orders"},"timestamp":"2026-06-16 10:11:08,213+0530","service":"FyersAPIRequest"}
{"level":"DEBUG","location":"[get_call:159] fyersModel","message":{"Status Code":200,"API":"/orders"},"timestamp":"2026-06-16 10:11:08,313+0530","service":"FyersAPIRequest"}
{"level":"DEBUG","location":"[get_call:159] fyersModel","message":{"Status Code":200,"API":"/holdings"},"timestamp":"2026-06-16 10:11:08,385+0530","service":"FyersAPIRequest"}
{"level":"DEBUG","location":"[get_call:159] fyersModel","message":{"Status Code":200,"API":"/tradebook"},"timestamp":"2026-06-16 10:11:08,967+0530","service":"FyersAPIRequest"}
{"level":"DEBUG","location":"[get_call:159] fyersModel","message":{"Status Code":200,"API":"/funds"},"timestamp":"2026-06-16 10:11:09,567+0530","service":"FyersAPIRequest"}
{"level":"DEBUG","location":"[get_call:159] fyersModel","message":{"Status Code":200,"API":"/positions"},"timestamp":"2026-06-16 10:11:09,659+0530","service":"FyersAPIRequest"}
{"level":"DEBUG","location":"[get_call:159] fyersModel","message":{"Status Code":200,"API":"/orders"},"timestamp":"2026-06-16 10:11:09,737+0530","service":"FyersAPIRequest"}
{"level":"DEBUG","location":"[get_call:159] fyersModel","message":{"Status Code":200,"API":"/orders"},"timestamp":"2026-06-16 10:11:09,812+0530","service":"FyersAPIRequest"}
{"level":"DEBUG","location":"[get_call:159] fyersModel","message":{"Status Code":200,"API":"/holdings"},"timestamp":"2026-06-16 10:11:09,892+0530","service":"FyersAPIRequest"}
{"level":"DEBUG","location":"[get_call:159] fyersModel","message":{"Status Code":200,"API":"/tradebook"},"timestamp":"2026-06-16 10:11:10,497+0530","service":"FyersAPIRequest"}
{"level":"DEBUG","location":"[get_call:159] fyersModel","message":{"Status Code":200,"API":"/funds"},"timestamp":"2026-06-16 10:11:11,082+0530","service":"FyersAPIRequest"}
{"level":"DEBUG","location":"[get_call:159] fyersModel","message":{"Status Code":200,"API":"/positions"},"timestamp":"2026-06-16 10:11:21,753+0530","service":"FyersAPIRequest"}
{"level":"DEBUG","location":"[get_call:159] fyersModel","message":{"Status Code":200,"API":"/orders"},"timestamp":"2026-06-16 10:11:21,827+0530","service":"FyersAPIRequest"}
{"level":"DEBUG","location":"[get_call:159] fyersModel","message":{"Status Code":200,"API":"/orders"},"timestamp":"2026-06-16 10:11:21,922+0530","service":"FyersAPIRequest"}
{"level":"DEBUG","location":"[get_call:159] fyersModel","message":{"Status Code":200,"API":"/holdings"},"timestamp":"2026-06-16 10:11:21,999+0530","service":"FyersAPIRequest"}
{"level":"DEBUG","location":"[get_call:159] fyersModel","message":{"Status Code":200,"API":"/tradebook"},"timestamp":"2026-06-16 10:11:22,582+0530","service":"FyersAPIRequest"}
{"level":"DEBUG","location":"[get_call:159] fyersModel","message":{"Status Code":200,"API":"/funds"},"timestamp":"2026-06-16 10:11:23,160+0530","service":"FyersAPIRequest"}
{"level":"DEBUG","location":"[get_call:159] fyersModel","message":{"Status Code":200,"API":"/positions"},"timestamp":"2026-06-22 10:01:06,650+0530","service":"FyersAPIRequest"}
{"level":"DEBUG","location":"[get_call:159] fyersModel","message":{"Status Code":200,"API":"/orders"},"timestamp":"2026-06-22 10:01:06,726+0530","service":"FyersAPIRequest"}
{"level":"DEBUG","location":"[get_call:159] fyersModel","message":{"Status Code":200,"API":"/orders"},"timestamp":"2026-06-22 10:01:06,794+0530","service":"FyersAPIRequest"}
{"level":"DEBUG","location":"[get_call:159] fyersModel","message":{"Status Code":200,"API":"/holdings"},"timestamp":"2026-06-22 10:01:06,875+0530","service":"FyersAPIRequest"}
{"level":"DEBUG","location":"[get_call:159] fyersModel","message":{"Status Code":200,"API":"/tradebook"},"timestamp":"2026-06-22 10:01:07,479+0530","service":"FyersAPIRequest"}
{"level":"DEBUG","location":"[get_call:159] fyersModel","message":{"Status Code":200,"API":"/funds"},"timestamp":"2026-06-22 10:01:08,051+0530","service":"FyersAPIRequest"}
{"level":"DEBUG","location":"[get_call:159] fyersModel","message":{"Status Code":200,"API":"/positions"},"timestamp":"2026-06-22 10:01:08,145+0530","service":"FyersAPIRequest"}
{"level":"DEBUG","location":"[get_call:159] fyersModel","message":{"Status Code":200,"API":"/orders"},"timestamp":"2026-06-22 10:01:08,252+0530","service":"FyersAPIRequest"}
{"level":"DEBUG","location":"[get_call:159] fyersModel","message":{"Status Code":200,"API":"/orders"},"timestamp":"2026-06-22 10:01:08,318+0530","service":"FyersAPIRequest"}
{"level":"DEBUG","location":"[get_call:159] fyersModel","message":{"Status Code":200,"API":"/holdings"},"timestamp":"2026-06-22 10:01:08,408+0530","service":"FyersAPIRequest"}
{"level":"DEBUG","location":"[get_call:159] fyersModel","message":{"Status Code":200,"API":"/tradebook"},"timestamp":"2026-06-22 10:01:08,987+0530","service":"FyersAPIRequest"}
{"level":"DEBUG","location":"[get_call:159] fyersModel","message":{"Status Code":200,"API":"/funds"},"timestamp":"2026-06-22 10:01:09,554+0530","service":"FyersAPIRequest"}
{"level":"DEBUG","location":"[get_call:159] fyersModel","message":{"Status Code":200,"API":"/positions"},"timestamp":"2026-06-22 10:01:09,624+0530","service":"FyersAPIRequest"}
{"level":"DEBUG","location":"[get_call:159] fyersModel","message":{"Status Code":200,"API":"/orders"},"timestamp":"2026-06-22 10:01:09,694+0530","service":"FyersAPIRequest"}
{"level":"DEBUG","location":"[get_call:159] fyersModel","message":{"Status Code":200,"API":"/orders"},"timestamp":"2026-06-22 10:01:09,838+0530","service":"FyersAPIRequest"}
{"level":"DEBUG","location":"[get_call:159] fyersModel","message":{"Status Code":200,"API":"/holdings"},"timestamp":"2026-06-22 10:01:09,947+0530","service":"FyersAPIRequest"}
{"level":"DEBUG","location":"[get_call:159] fyersModel","message":{"Status Code":200,"API":"/tradebook"},"timestamp":"2026-06-22 10:01:10,550+0530","service":"FyersAPIRequest"}
{"level":"DEBUG","location":"[get_call:159] fyersModel","message":{"Status Code":200,"API":"/funds"},"timestamp":"2026-06-22 10:01:11,127+0530","service":"FyersAPIRequest"}
{"level":"DEBUG","location":"[get_call:159] fyersModel","message":{"Status Code":200,"API":"/quotes"},"timestamp":"2026-06-22 10:01:11,197+0530","service":"FyersAPIRequest"}
{"level":"DEBUG","location":"[post_call:100] fyersModel","message":{"Status Code":400,"API":"/orders/sync"},"timestamp":"2026-06-22 10:01:11,264+0530","service":"FyersAPIRequest"}
{"level":"DEBUG","location":"[get_call:159] fyersModel","message":{"Status Code":200,"API":"/positions"},"timestamp":"2026-06-22 10:01:41,834+0530","service":"FyersAPIRequest"}
{"level":"DEBUG","location":"[get_call:159] fyersModel","message":{"Status Code":200,"API":"/orders"},"timestamp":"2026-06-22 10:01:41,903+0530","service":"FyersAPIRequest"}
{"level":"DEBUG","location":"[get_call:159] fyersModel","message":{"Status Code":200,"API":"/positions"},"timestamp":"2026-06-22 10:02:20,134+0530","service":"FyersAPIRequest"}
{"level":"DEBUG","location":"[get_call:159] fyersModel","message":{"Status Code":200,"API":"/orders"},"timestamp":"2026-06-22 10:02:20,199+0530","service":"FyersAPIRequest"}
{"level":"DEBUG","location":"[get_call:159] fyersModel","message":{"Status Code":200,"API":"/orders"},"timestamp":"2026-06-22 10:02:20,267+0530","service":"FyersAPIRequest"}
{"level":"DEBUG","location":"[get_call:159] fyersModel","message":{"Status Code":200,"API":"/holdings"},"timestamp":"2026-06-22 10:02:20,334+0530","service":"FyersAPIRequest"}
{"level":"DEBUG","location":"[get_call:159] fyersModel","message":{"Status Code":200,"API":"/tradebook"},"timestamp":"2026-06-22 10:02:20,898+0530","service":"FyersAPIRequest"}
{"level":"DEBUG","location":"[get_call:159] fyersModel","message":{"Status Code":200,"API":"/funds"},"timestamp":"2026-06-22 10:02:21,463+0530","service":"FyersAPIRequest"}
{"level":"DEBUG","location":"[get_call:159] fyersModel","message":{"Status Code":200,"API":"/positions"},"timestamp":"2026-06-22 10:02:21,536+0530","service":"FyersAPIRequest"}
{"level":"DEBUG","location":"[get_call:159] fyersModel","message":{"Status Code":200,"API":"/orders"},"timestamp":"2026-06-22 10:02:21,598+0530","service":"FyersAPIRequest"}
{"level":"DEBUG","location":"[get_call:159] fyersModel","message":{"Status Code":200,"API":"/orders"},"timestamp":"2026-06-22 10:02:21,664+0530","service":"FyersAPIRequest"}
{"level":"DEBUG","location":"[get_call:159] fyersModel","message":{"Status Code":200,"API":"/holdings"},"timestamp":"2026-06-22 10:02:21,754+0530","service":"FyersAPIRequest"}
{"level":"DEBUG","location":"[get_call:159] fyersModel","message":{"Status Code":200,"API":"/tradebook"},"timestamp":"2026-06-22 10:02:22,319+0530","service":"FyersAPIRequest"}
{"level":"DEBUG","location":"[get_call:159] fyersModel","message":{"Status Code":200,"API":"/funds"},"timestamp":"2026-06-22 10:02:22,889+0530","service":"FyersAPIRequest"}
{"level":"DEBUG","location":"[get_call:159] fyersModel","message":{"Status Code":200,"API":"/history"},"timestamp":"2026-06-22 10:03:51,015+0530","service":"FyersAPIRequest"}
{"level":"DEBUG","location":"[get_call:159] fyersModel","message":{"Status Code":200,"API":"/history"},"timestamp":"2026-06-22 10:03:51,340+0530","service":"FyersAPIRequest"}
{"level":"DEBUG","location":"[get_call:159] fyersModel","message":{"Status Code":200,"API":"/history"},"timestamp":"2026-06-22 10:03:51,645+0530","service":"FyersAPIRequest"}
{"level":"DEBUG","location":"[get_call:159] fyersModel","message":{"Status Code":200,"API":"/history"},"timestamp":"2026-06-22 10:03:51,954+0530","service":"FyersAPIRequest"}
{"level":"DEBUG","location":"[get_call:159] fyersModel","message":{"Status Code":200,"API":"/history"},"timestamp":"2026-06-22 10:03:52,254+0530","service":"FyersAPIRequest"}
{"level":"DEBUG","location":"[get_call:159] fyersModel","message":{"Status Code":200,"API":"/history"},"timestamp":"2026-06-22 10:03:52,866+0530","service":"FyersAPIRequest"}
{"level":"DEBUG","location":"[get_call:159] fyersModel","message":{"Status Code":200,"API":"/history"},"timestamp":"2026-06-22 10:03:53,174+0530","service":"FyersAPIRequest"}
{"level":"DEBUG","location":"[get_call:159] fyersModel","message":{"Status Code":200,"API":"/history"},"timestamp":"2026-06-22 10:03:53,473+0530","service":"FyersAPIRequest"}
{"level":"DEBUG","location":"[get_call:159] fyersModel","message":{"Status Code":200,"API":"/history"},"timestamp":"2026-06-22 10:03:54,063+0530","service":"FyersAPIRequest"}
{"level":"DEBUG","location":"[get_call:159] fyersModel","message":{"Status Code":200,"API":"/history"},"timestamp":"2026-06-22 10:03:54,354+0530","service":"FyersAPIRequest"}
{"level":"DEBUG","location":"[get_call:159] fyersModel","message":{"Status Code":200,"API":"/history"},"timestamp":"2026-06-22 10:03:54,676+0530","service":"FyersAPIRequest"}
{"level":"DEBUG","location":"[get_call:159] fyersModel","message":{"Status Code":200,"API":"/history"},"timestamp":"2026-06-22 10:03:54,996+0530","service":"FyersAPIRequest"}
{"level":"DEBUG","location":"[get_call:159] fyersModel","message":{"Status Code":200,"API":"/history"},"timestamp":"2026-06-22 10:03:55,299+0530","service":"FyersAPIRequest"}
{"level":"DEBUG","location":"[get_call:159] fyersModel","message":{"Status Code":200,"API":"/history"},"timestamp":"2026-06-22 10:03:55,608+0530","service":"FyersAPIRequest"}
{"level":"DEBUG","location":"[get_call:159] fyersModel","message":{"Status Code":200,"API":"/history"},"timestamp":"2026-06-22 10:03:56,002+0530","service":"FyersAPIRequest"}
{"level":"DEBUG","location":"[get_call:159] fyersModel","message":{"Status Code":200,"API":"/history"},"timestamp":"2026-06-22 10:03:56,306+0530","service":"FyersAPIRequest"}
{"level":"DEBUG","location":"[get_call:159] fyersModel","message":{"Status Code":200,"API":"/history"},"timestamp":"2026-06-22 10:03:56,605+0530","service":"FyersAPIRequest"}
{"level":"DEBUG","location":"[get_call:159] fyersModel","message":{"Status Code":200,"API":"/history"},"timestamp":"2026-06-22 10:03:56,919+0530","service":"FyersAPIRequest"}
{"level":"DEBUG","location":"[get_call:159] fyersModel","message":{"Status Code":200,"API":"/history"},"timestamp":"2026-06-22 10:03:57,221+0530","service":"FyersAPIRequest"}
{"level":"DEBUG","location":"[get_call:159] fyersModel","message":{"Status Code":200,"API":"/history"},"timestamp":"2026-06-22 10:03:57,523+0530","service":"FyersAPIRequest"}
{"level":"DEBUG","location":"[get_call:159] fyersModel","message":{"Status Code":200,"API":"/history"},"timestamp":"2026-06-22 10:03:57,849+0530","service":"FyersAPIRequest"}
{"level":"DEBUG","location":"[get_call:159] fyersModel","message":{"Status Code":200,"API":"/history"},"timestamp":"2026-06-22 10:03:58,162+0530","service":"FyersAPIRequest"}
{"level":"DEBUG","location":"[get_call:159] fyersModel","message":{"Status Code":200,"API":"/history"},"timestamp":"2026-06-22 10:03:58,482+0530","service":"FyersAPIRequest"}
{"level":"DEBUG","location":"[get_call:159] fyersModel","message":{"Status Code":200,"API":"/history"},"timestamp":"2026-06-22 10:03:58,781+0530","service":"FyersAPIRequest"}
{"level":"DEBUG","location":"[get_call:159] fyersModel","message":{"Status Code":200,"API":"/history"},"timestamp":"2026-06-22 10:03:59,111+0530","service":"FyersAPIRequest"}
{"level":"DEBUG","location":"[get_call:159] fyersModel","message":{"Status Code":200,"API":"/history"},"timestamp":"2026-06-22 10:03:59,426+0530","service":"FyersAPIRequest"}
{"level":"DEBUG","location":"[get_call:159] fyersModel","message":{"Status Code":200,"API":"/history"},"timestamp":"2026-06-22 10:03:59,725+0530","service":"FyersAPIRequest"}
{"level":"DEBUG","location":"[get_call:159] fyersModel","message":{"Status Code":200,"API":"/history"},"timestamp":"2026-06-22 10:04:00,019+0530","service":"FyersAPIRequest"}
{"level":"DEBUG","location":"[get_call:159] fyersModel","message":{"Status Code":200,"API":"/history"},"timestamp":"2026-06-22 10:04:00,350+0530","service":"FyersAPIRequest"}
{"level":"DEBUG","location":"[get_call:159] fyersModel","message":{"Status Code":200,"API":"/history"},"timestamp":"2026-06-22 10:04:00,658+0530","service":"FyersAPIRequest"}
{"level":"DEBUG","location":"[get_call:159] fyersModel","message":{"Status Code":200,"API":"/history"},"timestamp":"2026-06-22 10:04:00,952+0530","service":"FyersAPIRequest"}
{"level":"DEBUG","location":"[get_call:159] fyersModel","message":{"Status Code":200,"API":"/history"},"timestamp":"2026-06-22 10:04:01,254+0530","service":"FyersAPIRequest"}
{"level":"DEBUG","location":"[get_call:159] fyersModel","message":{"Status Code":200,"API":"/history"},"timestamp":"2026-06-22 10:04:01,552+0530","service":"FyersAPIRequest"}
{"level":"DEBUG","location":"[get_call:159] fyersModel","message":{"Status Code":200,"API":"/history"},"timestamp":"2026-06-22 10:04:01,848+0530","service":"FyersAPIRequest"}
{"level":"DEBUG","location":"[get_call:159] fyersModel","message":{"Status Code":200,"API":"/history"},"timestamp":"2026-06-22 10:04:02,194+0530","service":"FyersAPIRequest"}
{"level":"DEBUG","location":"[get_call:159] fyersModel","message":{"Status Code":200,"API":"/history"},"timestamp":"2026-06-22 10:04:02,496+0530","service":"FyersAPIRequest"}
{"level":"DEBUG","location":"[get_call:159] fyersModel","message":{"Status Code":200,"API":"/history"},"timestamp":"2026-06-22 10:04:02,788+0530","service":"FyersAPIRequest"}
{"level":"DEBUG","location":"[get_call:159] fyersModel","message":{"Status Code":200,"API":"/history"},"timestamp":"2026-06-22 10:04:03,080+0530","service":"FyersAPIRequest"}
{"level":"DEBUG","location":"[get_call:159] fyersModel","message":{"Status Code":200,"API":"/history"},"timestamp":"2026-06-22 10:04:03,405+0530","service":"FyersAPIRequest"}
{"level":"DEBUG","location":"[get_call:159] fyersModel","message":{"Status Code":200,"API":"/history"},"timestamp":"2026-06-22 10:04:03,714+0530","service":"FyersAPIRequest"}
{"level":"DEBUG","location":"[get_call:159] fyersModel","message":{"Status Code":200,"API":"/history"},"timestamp":"2026-06-22 10:04:04,012+0530","service":"FyersAPIRequest"}
{"level":"DEBUG","location":"[get_call:159] fyersModel","message":{"Status Code":200,"API":"/history"},"timestamp":"2026-06-22 10:04:04,316+0530","service":"FyersAPIRequest"}
{"level":"DEBUG","location":"[get_call:159] fyersModel","message":{"Status Code":422,"API":"/history"},"timestamp":"2026-06-22 10:04:04,620+0530","service":"FyersAPIRequest"}
{"level":"DEBUG","location":"[get_call:159] fyersModel","message":{"Status Code":422,"API":"/history"},"timestamp":"2026-06-22 10:04:04,730+0530","service":"FyersAPIRequest"}
{"level":"DEBUG","location":"[get_call:159] fyersModel","message":{"Status Code":422,"API":"/history"},"timestamp":"2026-06-22 10:04:04,881+0530","service":"FyersAPIRequest"}
{"level":"DEBUG","location":"[get_call:159] fyersModel","message":{"Status Code":422,"API":"/history"},"timestamp":"2026-06-22 10:04:05,064+0530","service":"FyersAPIRequest"}
{"level":"DEBUG","location":"[get_call:159] fyersModel","message":{"Status Code":422,"API":"/history"},"timestamp":"2026-06-22 10:04:05,192+0530","service":"FyersAPIRequest"}
{"level":"DEBUG","location":"[get_call:159] fyersModel","message":{"Status Code":422,"API":"/history"},"timestamp":"2026-06-22 10:04:05,313+0530","service":"FyersAPIRequest"}
{"level":"DEBUG","location":"[get_call:159] fyersModel","message":{"Status Code":422,"API":"/history"},"timestamp":"2026-06-22 10:04:05,431+0530","service":"FyersAPIRequest"}
{"level":"DEBUG","location":"[get_call:159] fyersModel","message":{"Status Code":422,"API":"/history"},"timestamp":"2026-06-22 10:04:05,543+0530","service":"FyersAPIRequest"}
{"level":"DEBUG","location":"[get_call:159] fyersModel","message":{"Status Code":422,"API":"/history"},"timestamp":"2026-06-22 10:04:05,684+0530","service":"FyersAPIRequest"}
{"level":"DEBUG","location":"[get_call:159] fyersModel","message":{"Status Code":422,"API":"/history"},"timestamp":"2026-06-22 10:04:05,795+0530","service":"FyersAPIRequest"}
{"level":"DEBUG","location":"[get_call:159] fyersModel","message":{"Status Code":422,"API":"/history"},"timestamp":"2026-06-22 10:04:05,932+0530","service":"FyersAPIRequest"}
{"level":"DEBUG","location":"[get_call:159] fyersModel","message":{"Status Code":200,"API":"/history"},"timestamp":"2026-06-22 10:04:06,178+0530","service":"FyersAPIRequest"}
{"level":"DEBUG","location":"[get_call:159] fyersModel","message":{"Status Code":200,"API":"/history"},"timestamp":"2026-06-22 10:04:06,486+0530","service":"FyersAPIRequest"}
{"level":"DEBUG","location":"[get_call:159] fyersModel","message":{"Status Code":200,"API":"/history"},"timestamp":"2026-06-22 10:04:06,795+0530","service":"FyersAPIRequest"}
{"level":"DEBUG","location":"[get_call:159] fyersModel","message":{"Status Code":200,"API":"/history"},"timestamp":"2026-06-22 10:04:07,276+0530","service":"FyersAPIRequest"}
{"level":"DEBUG","location":"[get_call:159] fyersModel","message":{"Status Code":200,"API":"/history"},"timestamp":"2026-06-22 10:04:07,562+0530","service":"FyersAPIRequest"}
{"level":"DEBUG","location":"[get_call:159] fyersModel","message":{"Status Code":200,"API":"/history"},"timestamp":"2026-06-22 10:04:07,863+0530","service":"FyersAPIRequest"}
{"level":"DEBUG","location":"[get_call:159] fyersModel","message":{"Status Code":200,"API":"/history"},"timestamp":"2026-06-22 10:04:08,274+0530","service":"FyersAPIRequest"}
{"level":"DEBUG","location":"[get_call:159] fyersModel","message":{"Status Code":200,"API":"/history"},"timestamp":"2026-06-22 10:04:08,679+0530","service":"FyersAPIRequest"}
{"level":"DEBUG","location":"[get_call:159] fyersModel","message":{"Status Code":200,"API":"/history"},"timestamp":"2026-06-22 10:04:08,981+0530","service":"FyersAPIRequest"}
{"level":"DEBUG","location":"[get_call:159] fyersModel","message":{"Status Code":200,"API":"/history"},"timestamp":"2026-06-22 10:04:09,282+0530","service":"FyersAPIRequest"}
{"level":"DEBUG","location":"[get_call:159] fyersModel","message":{"Status Code":200,"API":"/history"},"timestamp":"2026-06-22 10:04:09,608+0530","service":"FyersAPIRequest"}
{"level":"DEBUG","location":"[get_call:159] fyersModel","message":{"Status Code":200,"API":"/history"},"timestamp":"2026-06-22 10:04:09,925+0530","service":"FyersAPIRequest"}
{"level":"DEBUG","location":"[get_call:159] fyersModel","message":{"Status Code":200,"API":"/history"},"timestamp":"2026-06-22 10:04:10,244+0530","service":"FyersAPIRequest"}
{"level":"DEBUG","location":"[get_call:159] fyersModel","message":{"Status Code":200,"API":"/history"},"timestamp":"2026-06-22 10:04:10,679+0530","service":"FyersAPIRequest"}
{"level":"DEBUG","location":"[get_call:159] fyersModel","message":{"Status Code":200,"API":"/history"},"timestamp":"2026-06-22 10:04:11,013+0530","service":"FyersAPIRequest"}
{"level":"DEBUG","location":"[get_call:159] fyersModel","message":{"Status Code":200,"API":"/history"},"timestamp":"2026-06-22 10:04:11,324+0530","service":"FyersAPIRequest"}
{"level":"DEBUG","location":"[get_call:159] fyersModel","message":{"Status Code":200,"API":"/history"},"timestamp":"2026-06-22 10:04:11,723+0530","service":"FyersAPIRequest"}
{"level":"DEBUG","location":"[get_call:159] fyersModel","message":{"Status Code":200,"API":"/history"},"timestamp":"2026-06-22 10:04:12,035+0530","service":"FyersAPIRequest"}
{"level":"DEBUG","location":"[get_call:159] fyersModel","message":{"Status Code":200,"API":"/history"},"timestamp":"2026-06-22 10:04:12,340+0530","service":"FyersAPIRequest"}
{"level":"DEBUG","location":"[get_call:159] fyersModel","message":{"Status Code":200,"API":"/history"},"timestamp":"2026-06-22 10:04:12,658+0530","service":"FyersAPIRequest"}
{"level":"DEBUG","location":"[get_call:159] fyersModel","message":{"Status Code":200,"API":"/history"},"timestamp":"2026-06-22 10:04:12,970+0530","service":"FyersAPIRequest"}
{"level":"DEBUG","location":"[get_call:159] fyersModel","message":{"Status Code":200,"API":"/history"},"timestamp":"2026-06-22 10:04:13,279+0530","service":"FyersAPIRequest"}
{"level":"DEBUG","location":"[get_call:159] fyersModel","message":{"Status Code":200,"API":"/history"},"timestamp":"2026-06-22 10:04:13,592+0530","service":"FyersAPIRequest"}
{"level":"DEBUG","location":"[get_call:159] fyersModel","message":{"Status Code":200,"API":"/history"},"timestamp":"2026-06-22 10:04:13,929+0530","service":"FyersAPIRequest"}
{"level":"DEBUG","location":"[get_call:159] fyersModel","message":{"Status Code":200,"API":"/history"},"timestamp":"2026-06-22 10:04:14,263+0530","service":"FyersAPIRequest"}
{"level":"DEBUG","location":"[get_call:159] fyersModel","message":{"Status Code":200,"API":"/history"},"timestamp":"2026-06-22 10:04:14,735+0530","service":"FyersAPIRequest"}
{"level":"DEBUG","location":"[get_call:159] fyersModel","message":{"Status Code":200,"API":"/history"},"timestamp":"2026-06-22 10:04:15,038+0530","service":"FyersAPIRequest"}
{"level":"DEBUG","location":"[get_call:159] fyersModel","message":{"Status Code":200,"API":"/history"},"timestamp":"2026-06-22 10:04:15,364+0530","service":"FyersAPIRequest"}
{"level":"DEBUG","location":"[get_call:159] fyersModel","message":{"Status Code":200,"API":"/history"},"timestamp":"2026-06-22 10:04:15,670+0530","service":"FyersAPIRequest"}
{"level":"DEBUG","location":"[get_call:159] fyersModel","message":{"Status Code":200,"API":"/history"},"timestamp":"2026-06-22 10:04:16,014+0530","service":"FyersAPIRequest"}
{"level":"DEBUG","location":"[get_call:159] fyersModel","message":{"Status Code":200,"API":"/history"},"timestamp":"2026-06-22 10:04:16,335+0530","service":"FyersAPIRequest"}
{"level":"DEBUG","location":"[get_call:159] fyersModel","message":{"Status Code":200,"API":"/history"},"timestamp":"2026-06-22 10:04:16,664+0530","service":"FyersAPIRequest"}
{"level":"DEBUG","location":"[get_call:159] fyersModel","message":{"Status Code":200,"API":"/history"},"timestamp":"2026-06-22 10:04:17,083+0530","service":"FyersAPIRequest"}
{"level":"DEBUG","location":"[get_call:159] fyersModel","message":{"Status Code":200,"API":"/history"},"timestamp":"2026-06-22 10:04:17,398+0530","service":"FyersAPIRequest"}
{"level":"DEBUG","location":"[get_call:159] fyersModel","message":{"Status Code":200,"API":"/history"},"timestamp":"2026-06-22 10:04:17,736+0530","service":"FyersAPIRequest"}
{"level":"DEBUG","location":"[get_call:159] fyersModel","message":{"Status Code":200,"API":"/history"},"timestamp":"2026-06-22 10:04:18,056+0530","service":"FyersAPIRequest"}
{"level":"DEBUG","location":"[get_call:159] fyersModel","message":{"Status Code":200,"API":"/history"},"timestamp":"2026-06-22 10:04:18,409+0530","service":"FyersAPIRequest"}
{"level":"DEBUG","location":"[get_call:159] fyersModel","message":{"Status Code":200,"API":"/history"},"timestamp":"2026-06-22 10:04:18,792+0530","service":"FyersAPIRequest"}
{"level":"DEBUG","location":"[get_call:159] fyersModel","message":{"Status Code":200,"API":"/history"},"timestamp":"2026-06-22 10:04:19,104+0530","service":"FyersAPIRequest"}
{"level":"DEBUG","location":"[get_call:159] fyersModel","message":{"Status Code":200,"API":"/history"},"timestamp":"2026-06-22 10:04:19,405+0530","service":"FyersAPIRequest"}
{"level":"DEBUG","location":"[get_call:159] fyersModel","message":{"Status Code":200,"API":"/history"},"timestamp":"2026-06-22 10:04:19,736+0530","service":"FyersAPIRequest"}
{"level":"DEBUG","location":"[get_call:159] fyersModel","message":{"Status Code":200,"API":"/history"},"timestamp":"2026-06-22 10:04:20,060+0530","service":"FyersAPIRequest"}
{"level":"DEBUG","location":"[get_call:159] fyersModel","message":{"Status Code":200,"API":"/history"},"timestamp":"2026-06-22 10:04:20,372+0530","service":"FyersAPIRequest"}
{"level":"DEBUG","location":"[get_call:159] fyersModel","message":{"Status Code":200,"API":"/history"},"timestamp":"2026-06-22 10:04:20,688+0530","service":"FyersAPIRequest"}
{"level":"DEBUG","location":"[get_call:159] fyersModel","message":{"Status Code":200,"API":"/history"},"timestamp":"2026-06-22 10:04:21,008+0530","service":"FyersAPIRequest"}
{"level":"DEBUG","location":"[get_call:159] fyersModel","message":{"Status Code":200,"API":"/history"},"timestamp":"2026-06-22 10:04:21,322+0530","service":"FyersAPIRequest"}
{"level":"DEBUG","location":"[get_call:159] fyersModel","message":{"Status Code":200,"API":"/history"},"timestamp":"2026-06-22 10:04:21,637+0530","service":"FyersAPIRequest"}
{"level":"DEBUG","location":"[get_call:159] fyersModel","message":{"Status Code":200,"API":"/history"},"timestamp":"2026-06-22 10:04:21,929+0530","service":"FyersAPIRequest"}
{"level":"DEBUG","location":"[get_call:159] fyersModel","message":{"Status Code":200,"API":"/history"},"timestamp":"2026-06-22 10:04:22,244+0530","service":"FyersAPIRequest"}
{"level":"DEBUG","location":"[get_call:159] fyersModel","message":{"Status Code":200,"API":"/history"},"timestamp":"2026-06-22 10:04:22,554+0530","service":"FyersAPIRequest"}
{"level":"DEBUG","location":"[get_call:159] fyersModel","message":{"Status Code":200,"API":"/history"},"timestamp":"2026-06-22 10:04:22,871+0530","service":"FyersAPIRequest"}
{"level":"DEBUG","location":"[get_call:159] fyersModel","message":{"Status Code":200,"API":"/history"},"timestamp":"2026-06-22 10:04:23,202+0530","service":"FyersAPIRequest"}
{"level":"DEBUG","location":"[get_call:159] fyersModel","message":{"Status Code":200,"API":"/history"},"timestamp":"2026-06-22 10:04:23,515+0530","service":"FyersAPIRequest"}
{"level":"DEBUG","location":"[get_call:159] fyersModel","message":{"Status Code":200,"API":"/history"},"timestamp":"2026-06-22 10:04:23,843+0530","service":"FyersAPIRequest"}
{"level":"DEBUG","location":"[get_call:159] fyersModel","message":{"Status Code":200,"API":"/history"},"timestamp":"2026-06-22 10:04:24,148+0530","service":"FyersAPIRequest"}
{"level":"DEBUG","location":"[get_call:159] fyersModel","message":{"Status Code":200,"API":"/history"},"timestamp":"2026-06-22 10:04:24,450+0530","service":"FyersAPIRequest"}
{"level":"DEBUG","location":"[get_call:159] fyersModel","message":{"Status Code":200,"API":"/history"},"timestamp":"2026-06-22 10:04:24,854+0530","service":"FyersAPIRequest"}
{"level":"DEBUG","location":"[get_call:159] fyersModel","message":{"Status Code":200,"API":"/history"},"timestamp":"2026-06-22 10:04:25,185+0530","service":"FyersAPIRequest"}
{"level":"DEBUG","location":"[get_call:159] fyersModel","message":{"Status Code":200,"API":"/history"},"timestamp":"2026-06-22 10:04:25,497+0530","service":"FyersAPIRequest"}
{"level":"DEBUG","location":"[get_call:159] fyersModel","message":{"Status Code":200,"API":"/history"},"timestamp":"2026-06-22 10:04:25,816+0530","service":"FyersAPIRequest"}
{"level":"DEBUG","location":"[get_call:159] fyersModel","message":{"Status Code":200,"API":"/history"},"timestamp":"2026-06-22 10:04:26,133+0530","service":"FyersAPIRequest"}
{"level":"DEBUG","location":"[get_call:159] fyersModel","message":{"Status Code":200,"API":"/history"},"timestamp":"2026-06-22 10:04:26,459+0530","service":"FyersAPIRequest"}
{"level":"DEBUG","location":"[get_call:159] fyersModel","message":{"Status Code":200,"API":"/history"},"timestamp":"2026-06-22 10:04:26,779+0530","service":"FyersAPIRequest"}
{"level":"DEBUG","location":"[get_call:159] fyersModel","message":{"Status Code":200,"API":"/history"},"timestamp":"2026-06-22 10:04:27,119+0530","service":"FyersAPIRequest"}
{"level":"DEBUG","location":"[get_call:159] fyersModel","message":{"Status Code":200,"API":"/history"},"timestamp":"2026-06-22 10:04:27,421+0530","service":"FyersAPIRequest"}
{"level":"DEBUG","location":"[get_call:159] fyersModel","message":{"Status Code":200,"API":"/history"},"timestamp":"2026-06-22 10:04:27,714+0530","service":"FyersAPIRequest"}
{"level":"DEBUG","location":"[get_call:159] fyersModel","message":{"Status Code":200,"API":"/history"},"timestamp":"2026-06-22 10:04:28,021+0530","service":"FyersAPIRequest"}
{"level":"DEBUG","location":"[get_call:159] fyersModel","message":{"Status Code":200,"API":"/history"},"timestamp":"2026-06-22 10:04:28,325+0530","service":"FyersAPIRequest"}
{"level":"DEBUG","location":"[get_call:159] fyersModel","message":{"Status Code":200,"API":"/history"},"timestamp":"2026-06-22 10:04:28,647+0530","service":"FyersAPIRequest"}
{"level":"DEBUG","location":"[get_call:159] fyersModel","message":{"Status Code":200,"API":"/history"},"timestamp":"2026-06-22 10:04:28,951+0530","service":"FyersAPIRequest"}
{"level":"DEBUG","location":"[get_call:159] fyersModel","message":{"Status Code":200,"API":"/history"},"timestamp":"2026-06-22 10:04:29,260+0530","service":"FyersAPIRequest"}
{"level":"DEBUG","location":"[get_call:159] fyersModel","message":{"Status Code":200,"API":"/history"},"timestamp":"2026-06-22 10:04:29,612+0530","service":"FyersAPIRequest"}
{"level":"DEBUG","location":"[get_call:159] fyersModel","message":{"Status Code":200,"API":"/history"},"timestamp":"2026-06-22 10:04:29,935+0530","service":"FyersAPIRequest"}
{"level":"DEBUG","location":"[get_call:159] fyersModel","message":{"Status Code":200,"API":"/history"},"timestamp":"2026-06-22 10:04:30,270+0530","service":"FyersAPIRequest"}
{"level":"DEBUG","location":"[get_call:159] fyersModel","message":{"Status Code":200,"API":"/history"},"timestamp":"2026-06-22 10:04:30,575+0530","service":"FyersAPIRequest"}
{"level":"DEBUG","location":"[get_call:159] fyersModel","message":{"Status Code":200,"API":"/history"},"timestamp":"2026-06-22 10:04:30,881+0530","service":"FyersAPIRequest"}
{"level":"DEBUG","location":"[get_call:159] fyersModel","message":{"Status Code":200,"API":"/history"},"timestamp":"2026-06-22 10:04:31,190+0530","service":"FyersAPIRequest"}
{"level":"DEBUG","location":"[get_call:159] fyersModel","message":{"Status Code":200,"API":"/history"},"timestamp":"2026-06-22 10:04:31,481+0530","service":"FyersAPIRequest"}
{"level":"DEBUG","location":"[get_call:159] fyersModel","message":{"Status Code":200,"API":"/history"},"timestamp":"2026-06-22 10:04:31,800+0530","service":"FyersAPIRequest"}
{"level":"DEBUG","location":"[get_call:159] fyersModel","message":{"Status Code":200,"API":"/history"},"timestamp":"2026-06-22 10:04:32,104+0530","service":"FyersAPIRequest"}
{"level":"DEBUG","location":"[get_call:159] fyersModel","message":{"Status Code":200,"API":"/history"},"timestamp":"2026-06-22 10:04:32,406+0530","service":"FyersAPIRequest"}
{"level":"DEBUG","location":"[get_call:159] fyersModel","message":{"Status Code":200,"API":"/history"},"timestamp":"2026-06-22 10:04:32,744+0530","service":"FyersAPIRequest"}
{"level":"DEBUG","location":"[get_call:159] fyersModel","message":{"Status Code":200,"API":"/history"},"timestamp":"2026-06-22 10:04:33,050+0530","service":"FyersAPIRequest"}
{"level":"DEBUG","location":"[get_call:159] fyersModel","message":{"Status Code":200,"API":"/history"},"timestamp":"2026-06-22 10:04:33,376+0530","service":"FyersAPIRequest"}
{"level":"DEBUG","location":"[get_call:159] fyersModel","message":{"Status Code":200,"API":"/history"},"timestamp":"2026-06-22 10:04:33,704+0530","service":"FyersAPIRequest"}
{"level":"DEBUG","location":"[get_call:159] fyersModel","message":{"Status Code":200,"API":"/history"},"timestamp":"2026-06-22 10:04:34,007+0530","service":"FyersAPIRequest"}
{"level":"DEBUG","location":"[get_call:159] fyersModel","message":{"Status Code":200,"API":"/history"},"timestamp":"2026-06-22 10:04:34,334+0530","service":"FyersAPIRequest"}
{"level":"DEBUG","location":"[get_call:159] fyersModel","message":{"Status Code":200,"API":"/history"},"timestamp":"2026-06-22 10:04:34,643+0530","service":"FyersAPIRequest"}
{"level":"DEBUG","location":"[get_call:159] fyersModel","message":{"Status Code":200,"API":"/history"},"timestamp":"2026-06-22 10:04:34,957+0530","service":"FyersAPIRequest"}
{"level":"DEBUG","location":"[get_call:159] fyersModel","message":{"Status Code":200,"API":"/history"},"timestamp":"2026-06-22 10:04:35,261+0530","service":"FyersAPIRequest"}
{"level":"DEBUG","location":"[get_call:159] fyersModel","message":{"Status Code":200,"API":"/history"},"timestamp":"2026-06-22 10:04:35,592+0530","service":"FyersAPIRequest"}
{"level":"DEBUG","location":"[get_call:159] fyersModel","message":{"Status Code":200,"API":"/history"},"timestamp":"2026-06-22 10:04:35,896+0530","service":"FyersAPIRequest"}
{"level":"DEBUG","location":"[get_call:159] fyersModel","message":{"Status Code":200,"API":"/history"},"timestamp":"2026-06-22 10:04:36,215+0530","service":"FyersAPIRequest"}
{"level":"DEBUG","location":"[get_call:159] fyersModel","message":{"Status Code":200,"API":"/history"},"timestamp":"2026-06-22 10:04:36,517+0530","service":"FyersAPIRequest"}
{"level":"DEBUG","location":"[get_call:159] fyersModel","message":{"Status Code":200,"API":"/history"},"timestamp":"2026-06-22 10:04:36,816+0530","service":"FyersAPIRequest"}
{"level":"DEBUG","location":"[get_call:159] fyersModel","message":{"Status Code":200,"API":"/history"},"timestamp":"2026-06-22 10:04:37,130+0530","service":"FyersAPIRequest"}
{"level":"DEBUG","location":"[get_call:159] fyersModel","message":{"Status Code":200,"API":"/history"},"timestamp":"2026-06-22 10:04:37,462+0530","service":"FyersAPIRequest"}
{"level":"DEBUG","location":"[get_call:159] fyersModel","message":{"Status Code":200,"API":"/history"},"timestamp":"2026-06-22 10:04:37,866+0530","service":"FyersAPIRequest"}
{"level":"DEBUG","location":"[get_call:159] fyersModel","message":{"Status Code":200,"API":"/history"},"timestamp":"2026-06-22 10:04:38,170+0530","service":"FyersAPIRequest"}
{"level":"DEBUG","location":"[get_call:159] fyersModel","message":{"Status Code":200,"API":"/history"},"timestamp":"2026-06-22 10:04:38,488+0530","service":"FyersAPIRequest"}
{"level":"DEBUG","location":"[get_call:159] fyersModel","message":{"Status Code":200,"API":"/history"},"timestamp":"2026-06-22 10:04:38,796+0530","service":"FyersAPIRequest"}
{"level":"DEBUG","location":"[get_call:159] fyersModel","message":{"Status Code":200,"API":"/history"},"timestamp":"2026-06-22 10:04:39,130+0530","service":"FyersAPIRequest"}
{"level":"DEBUG","location":"[get_call:159] fyersModel","message":{"Status Code":200,"API":"/history"},"timestamp":"2026-06-22 10:04:39,468+0530","service":"FyersAPIRequest"}
{"level":"DEBUG","location":"[get_call:159] fyersModel","message":{"Status Code":200,"API":"/history"},"timestamp":"2026-06-22 10:04:39,780+0530","service":"FyersAPIRequest"}
{"level":"DEBUG","location":"[get_call:159] fyersModel","message":{"Status Code":200,"API":"/history"},"timestamp":"2026-06-22 10:04:40,107+0530","service":"FyersAPIRequest"}
{"level":"DEBUG","location":"[get_call:159] fyersModel","message":{"Status Code":200,"API":"/history"},"timestamp":"2026-06-22 10:04:40,431+0530","service":"FyersAPIRequest"}
{"level":"DEBUG","location":"[get_call:159] fyersModel","message":{"Status Code":200,"API":"/history"},"timestamp":"2026-06-22 10:04:40,726+0530","service":"FyersAPIRequest"}
{"level":"DEBUG","location":"[get_call:159] fyersModel","message":{"Status Code":200,"API":"/history"},"timestamp":"2026-06-22 10:04:41,039+0530","service":"FyersAPIRequest"}
{"level":"DEBUG","location":"[get_call:159] fyersModel","message":{"Status Code":200,"API":"/history"},"timestamp":"2026-06-22 10:04:41,390+0530","service":"FyersAPIRequest"}
{"level":"DEBUG","location":"[get_call:159] fyersModel","message":{"Status Code":200,"API":"/history"},"timestamp":"2026-06-22 10:04:41,715+0530","service":"FyersAPIRequest"}
{"level":"DEBUG","location":"[get_call:159] fyersModel","message":{"Status Code":200,"API":"/history"},"timestamp":"2026-06-22 10:04:42,021+0530","service":"FyersAPIRequest"}
{"level":"DEBUG","location":"[get_call:159] fyersModel","message":{"Status Code":200,"API":"/history"},"timestamp":"2026-06-22 10:04:42,333+0530","service":"FyersAPIRequest"}
{"level":"DEBUG","location":"[get_call:159] fyersModel","message":{"Status Code":200,"API":"/history"},"timestamp":"2026-06-22 10:04:42,657+0530","service":"FyersAPIRequest"}
{"level":"DEBUG","location":"[get_call:159] fyersModel","message":{"Status Code":200,"API":"/history"},"timestamp":"2026-06-22 10:04:42,960+0530","service":"FyersAPIRequest"}
{"level":"DEBUG","location":"[get_call:159] fyersModel","message":{"Status Code":200,"API":"/history"},"timestamp":"2026-06-22 10:04:43,265+0530","service":"FyersAPIRequest"}
{"level":"DEBUG","location":"[get_call:159] fyersModel","message":{"Status Code":200,"API":"/history"},"timestamp":"2026-06-22 10:04:43,638+0530","service":"FyersAPIRequest"}
{"level":"DEBUG","location":"[get_call:159] fyersModel","message":{"Status Code":422,"API":"/history"},"timestamp":"2026-06-22 10:04:43,938+0530","service":"FyersAPIRequest"}
{"level":"DEBUG","location":"[get_call:159] fyersModel","message":{"Status Code":422,"API":"/history"},"timestamp":"2026-06-22 10:04:44,081+0530","service":"FyersAPIRequest"}
{"level":"DEBUG","location":"[get_call:159] fyersModel","message":{"Status Code":422,"API":"/history"},"timestamp":"2026-06-22 10:04:44,205+0530","service":"FyersAPIRequest"}
{"level":"DEBUG","location":"[get_call:159] fyersModel","message":{"Status Code":422,"API":"/history"},"timestamp":"2026-06-22 10:04:44,320+0530","service":"FyersAPIRequest"}
{"level":"DEBUG","location":"[get_call:159] fyersModel","message":{"Status Code":422,"API":"/history"},"timestamp":"2026-06-22 10:04:44,446+0530","service":"FyersAPIRequest"}
{"level":"DEBUG","location":"[get_call:159] fyersModel","message":{"Status Code":422,"API":"/history"},"timestamp":"2026-06-22 10:04:44,562+0530","service":"FyersAPIRequest"}
{"level":"DEBUG","location":"[get_call:159] fyersModel","message":{"Status Code":422,"API":"/history"},"timestamp":"2026-06-22 10:04:44,704+0530","service":"FyersAPIRequest"}
{"level":"DEBUG","location":"[get_call:159] fyersModel","message":{"Status Code":422,"API":"/history"},"timestamp":"2026-06-22 10:04:44,825+0530","service":"FyersAPIRequest"}
{"level":"DEBUG","location":"[get_call:159] fyersModel","message":{"Status Code":422,"API":"/history"},"timestamp":"2026-06-22 10:04:44,932+0530","service":"FyersAPIRequest"}
{"level":"DEBUG","location":"[get_call:159] fyersModel","message":{"Status Code":422,"API":"/history"},"timestamp":"2026-06-22 10:04:45,051+0530","service":"FyersAPIRequest"}
{"level":"DEBUG","location":"[get_call:159] fyersModel","message":{"Status Code":422,"API":"/history"},"timestamp":"2026-06-22 10:04:45,168+0530","service":"FyersAPIRequest"}
{"level":"DEBUG","location":"[get_call:159] fyersModel","message":{"Status Code":422,"API":"/history"},"timestamp":"2026-06-22 10:04:45,406+0530","service":"FyersAPIRequest"}
{"level":"DEBUG","location":"[get_call:159] fyersModel","message":{"Status Code":422,"API":"/history"},"timestamp":"2026-06-22 10:04:45,581+0530","service":"FyersAPIRequest"}
{"level":"DEBUG","location":"[get_call:159] fyersModel","message":{"Status Code":422,"API":"/history"},"timestamp":"2026-06-22 10:04:45,702+0530","service":"FyersAPIRequest"}
{"level":"DEBUG","location":"[get_call:159] fyersModel","message":{"Status Code":422,"API":"/history"},"timestamp":"2026-06-22 10:04:45,796+0530","service":"FyersAPIRequest"}
{"level":"DEBUG","location":"[get_call:159] fyersModel","message":{"Status Code":422,"API":"/history"},"timestamp":"2026-06-22 10:04:45,910+0530","service":"FyersAPIRequest"}
{"level":"DEBUG","location":"[get_call:159] fyersModel","message":{"Status Code":422,"API":"/history"},"timestamp":"2026-06-22 10:04:46,031+0530","service":"FyersAPIRequest"}
{"level":"DEBUG","location":"[get_call:159] fyersModel","message":{"Status Code":422,"API":"/history"},"timestamp":"2026-06-22 10:04:46,154+0530","service":"FyersAPIRequest"}
{"level":"DEBUG","location":"[get_call:159] fyersModel","message":{"Status Code":422,"API":"/history"},"timestamp":"2026-06-22 10:04:46,282+0530","service":"FyersAPIRequest"}
{"level":"DEBUG","location":"[get_call:159] fyersModel","message":{"Status Code":422,"API":"/history"},"timestamp":"2026-06-22 10:04:46,389+0530","service":"FyersAPIRequest"}
{"level":"DEBUG","location":"[get_call:159] fyersModel","message":{"Status Code":422,"API":"/history"},"timestamp":"2026-06-22 10:04:46,512+0530","service":"FyersAPIRequest"}
{"level":"DEBUG","location":"[get_call:159] fyersModel","message":{"Status Code":422,"API":"/history"},"timestamp":"2026-06-22 10:04:46,621+0530","service":"FyersAPIRequest"}
{"level":"DEBUG","location":"[get_call:159] fyersModel","message":{"Status Code":422,"API":"/history"},"timestamp":"2026-06-22 10:04:46,848+0530","service":"FyersAPIRequest"}
{"level":"DEBUG","location":"[get_call:159] fyersModel","message":{"Status Code":422,"API":"/history"},"timestamp":"2026-06-22 10:04:46,959+0530","service":"FyersAPIRequest"}
{"level":"DEBUG","location":"[get_call:159] fyersModel","message":{"Status Code":422,"API":"/history"},"timestamp":"2026-06-22 10:04:47,075+0530","service":"FyersAPIRequest"}
{"level":"DEBUG","location":"[get_call:159] fyersModel","message":{"Status Code":422,"API":"/history"},"timestamp":"2026-06-22 10:04:47,199+0530","service":"FyersAPIRequest"}
{"level":"DEBUG","location":"[get_call:159] fyersModel","message":{"Status Code":422,"API":"/history"},"timestamp":"2026-06-22 10:04:47,292+0530","service":"FyersAPIRequest"}
{"level":"DEBUG","location":"[get_call:159] fyersModel","message":{"Status Code":422,"API":"/history"},"timestamp":"2026-06-22 10:04:47,411+0530","service":"FyersAPIRequest"}
{"level":"DEBUG","location":"[get_call:159] fyersModel","message":{"Status Code":422,"API":"/history"},"timestamp":"2026-06-22 10:04:47,533+0530","service":"FyersAPIRequest"}
{"level":"DEBUG","location":"[get_call:159] fyersModel","message":{"Status Code":422,"API":"/history"},"timestamp":"2026-06-22 10:04:47,645+0530","service":"FyersAPIRequest"}
{"level":"DEBUG","location":"[get_call:159] fyersModel","message":{"Status Code":422,"API":"/history"},"timestamp":"2026-06-22 10:04:47,765+0530","service":"FyersAPIRequest"}
{"level":"DEBUG","location":"[get_call:159] fyersModel","message":{"Status Code":422,"API":"/history"},"timestamp":"2026-06-22 10:04:47,887+0530","service":"FyersAPIRequest"}
{"level":"DEBUG","location":"[get_call:159] fyersModel","message":{"Status Code":429,"API":"/history"},"timestamp":"2026-06-22 10:04:48,002+0530","service":"FyersAPIRequest"}
{"level":"DEBUG","location":"[get_call:159] fyersModel","message":{"Status Code":429,"API":"/history"},"timestamp":"2026-06-22 10:04:49,140+0530","service":"FyersAPIRequest"}
{"level":"DEBUG","location":"[get_call:159] fyersModel","message":{"Status Code":422,"API":"/history"},"timestamp":"2026-06-22 10:04:51,259+0530","service":"FyersAPIRequest"}
{"level":"DEBUG","location":"[get_call:159] fyersModel","message":{"Status Code":200,"API":"/history"},"timestamp":"2026-06-22 10:04:51,493+0530","service":"FyersAPIRequest"}
{"level":"DEBUG","location":"[get_call:159] fyersModel","message":{"Status Code":200,"API":"/history"},"timestamp":"2026-06-22 10:04:51,818+0530","service":"FyersAPIRequest"}
{"level":"DEBUG","location":"[get_call:159] fyersModel","message":{"Status Code":200,"API":"/history"},"timestamp":"2026-06-22 10:04:52,119+0530","service":"FyersAPIRequest"}
{"level":"DEBUG","location":"[get_call:159] fyersModel","message":{"Status Code":200,"API":"/history"},"timestamp":"2026-06-22 10:04:52,439+0530","service":"FyersAPIRequest"}
{"level":"DEBUG","location":"[get_call:159] fyersModel","message":{"Status Code":200,"API":"/history"},"timestamp":"2026-06-22 10:04:52,756+0530","service":"FyersAPIRequest"}
{"level":"DEBUG","location":"[get_call:159] fyersModel","message":{"Status Code":200,"API":"/history"},"timestamp":"2026-06-22 10:04:53,102+0530","service":"FyersAPIRequest"}
{"level":"DEBUG","location":"[get_call:159] fyersModel","message":{"Status Code":200,"API":"/history"},"timestamp":"2026-06-22 10:04:53,410+0530","service":"FyersAPIRequest"}
{"level":"DEBUG","location":"[get_call:159] fyersModel","message":{"Status Code":200,"API":"/history"},"timestamp":"2026-06-22 10:04:53,737+0530","service":"FyersAPIRequest"}
{"level":"DEBUG","location":"[get_call:159] fyersModel","message":{"Status Code":200,"API":"/history"},"timestamp":"2026-06-22 10:04:54,064+0530","service":"FyersAPIRequest"}
{"level":"DEBUG","location":"[get_call:159] fyersModel","message":{"Status Code":200,"API":"/history"},"timestamp":"2026-06-22 10:04:54,371+0530","service":"FyersAPIRequest"}
{"level":"DEBUG","location":"[get_call:159] fyersModel","message":{"Status Code":200,"API":"/history"},"timestamp":"2026-06-22 10:04:54,684+0530","service":"FyersAPIRequest"}
{"level":"DEBUG","location":"[get_call:159] fyersModel","message":{"Status Code":200,"API":"/history"},"timestamp":"2026-06-22 10:04:55,003+0530","service":"FyersAPIRequest"}
{"level":"DEBUG","location":"[get_call:159] fyersModel","message":{"Status Code":200,"API":"/history"},"timestamp":"2026-06-22 10:04:55,315+0530","service":"FyersAPIRequest"}
{"level":"DEBUG","location":"[get_call:159] fyersModel","message":{"Status Code":200,"API":"/history"},"timestamp":"2026-06-22 10:04:55,620+0530","service":"FyersAPIRequest"}
{"level":"DEBUG","location":"[get_call:159] fyersModel","message":{"Status Code":200,"API":"/history"},"timestamp":"2026-06-22 10:04:55,944+0530","service":"FyersAPIRequest"}
{"level":"DEBUG","location":"[get_call:159] fyersModel","message":{"Status Code":200,"API":"/history"},"timestamp":"2026-06-22 10:04:56,243+0530","service":"FyersAPIRequest"}
{"level":"DEBUG","location":"[get_call:159] fyersModel","message":{"Status Code":200,"API":"/history"},"timestamp":"2026-06-22 10:04:56,554+0530","service":"FyersAPIRequest"}
{"level":"DEBUG","location":"[get_call:159] fyersModel","message":{"Status Code":200,"API":"/history"},"timestamp":"2026-06-22 10:04:56,859+0530","service":"FyersAPIRequest"}
{"level":"DEBUG","location":"[get_call:159] fyersModel","message":{"Status Code":200,"API":"/history"},"timestamp":"2026-06-22 10:04:57,174+0530","service":"FyersAPIRequest"}
{"level":"DEBUG","location":"[get_call:159] fyersModel","message":{"Status Code":200,"API":"/history"},"timestamp":"2026-06-22 10:04:57,501+0530","service":"FyersAPIRequest"}
{"level":"DEBUG","location":"[get_call:159] fyersModel","message":{"Status Code":200,"API":"/history"},"timestamp":"2026-06-22 10:04:57,860+0530","service":"FyersAPIRequest"}
{"level":"DEBUG","location":"[get_call:159] fyersModel","message":{"Status Code":200,"API":"/history"},"timestamp":"2026-06-22 10:04:58,182+0530","service":"FyersAPIRequest"}
{"level":"DEBUG","location":"[get_call:159] fyersModel","message":{"Status Code":200,"API":"/history"},"timestamp":"2026-06-22 10:04:58,491+0530","service":"FyersAPIRequest"}
{"level":"DEBUG","location":"[get_call:159] fyersModel","message":{"Status Code":200,"API":"/history"},"timestamp":"2026-06-22 10:04:58,809+0530","service":"FyersAPIRequest"}
{"level":"DEBUG","location":"[get_call:159] fyersModel","message":{"Status Code":200,"API":"/history"},"timestamp":"2026-06-22 10:04:59,114+0530","service":"FyersAPIRequest"}
{"level":"DEBUG","location":"[get_call:159] fyersModel","message":{"Status Code":200,"API":"/history"},"timestamp":"2026-06-22 10:04:59,425+0530","service":"FyersAPIRequest"}
{"level":"DEBUG","location":"[get_call:159] fyersModel","message":{"Status Code":200,"API":"/history"},"timestamp":"2026-06-22 10:04:59,766+0530","service":"FyersAPIRequest"}
{"level":"DEBUG","location":"[get_call:159] fyersModel","message":{"Status Code":200,"API":"/history"},"timestamp":"2026-06-22 10:05:00,085+0530","service":"FyersAPIRequest"}
{"level":"DEBUG","location":"[get_call:159] fyersModel","message":{"Status Code":200,"API":"/history"},"timestamp":"2026-06-22 10:05:00,401+0530","service":"FyersAPIRequest"}
{"level":"DEBUG","location":"[get_call:159] fyersModel","message":{"Status Code":200,"API":"/history"},"timestamp":"2026-06-22 10:05:00,710+0530","service":"FyersAPIRequest"}
{"level":"DEBUG","location":"[get_call:159] fyersModel","message":{"Status Code":200,"API":"/history"},"timestamp":"2026-06-22 10:05:01,055+0530","service":"FyersAPIRequest"}
{"level":"DEBUG","location":"[get_call:159] fyersModel","message":{"Status Code":200,"API":"/history"},"timestamp":"2026-06-22 10:05:01,364+0530","service":"FyersAPIRequest"}
{"level":"DEBUG","location":"[get_call:159] fyersModel","message":{"Status Code":200,"API":"/history"},"timestamp":"2026-06-22 10:05:01,673+0530","service":"FyersAPIRequest"}
{"level":"DEBUG","location":"[post_call:100] fyersModel","message":{"Status Code":400,"API":"/orders/sync"},"timestamp":"2026-06-22 10:06:16,544+0530","service":"FyersAPIRequest"}
{"level":"DEBUG","location":"[get_call:159] fyersModel","message":{"Status Code":200,"API":"/positions"},"timestamp":"2026-06-22 13:05:42,854+0530","service":"FyersAPIRequest"}
{"level":"DEBUG","location":"[get_call:159] fyersModel","message":{"Status Code":200,"API":"/orders"},"timestamp":"2026-06-22 13:05:42,941+0530","service":"FyersAPIRequest"}
{"level":"DEBUG","location":"[get_call:159] fyersModel","message":{"Status Code":200,"API":"/orders"},"timestamp":"2026-06-22 13:05:43,048+0530","service":"FyersAPIRequest"}
{"level":"DEBUG","location":"[get_call:159] fyersModel","message":{"Status Code":200,"API":"/holdings"},"timestamp":"2026-06-22 13:05:43,128+0530","service":"FyersAPIRequest"}
{"level":"DEBUG","location":"[get_call:159] fyersModel","message":{"Status Code":200,"API":"/tradebook"},"timestamp":"2026-06-22 13:05:43,705+0530","service":"FyersAPIRequest"}
{"level":"DEBUG","location":"[get_call:159] fyersModel","message":{"Status Code":200,"API":"/funds"},"timestamp":"2026-06-22 13:05:44,291+0530","service":"FyersAPIRequest"}
{"level":"DEBUG","location":"[get_call:159] fyersModel","message":{"Status Code":200,"API":"/positions"},"timestamp":"2026-06-22 13:06:20,594+0530","service":"FyersAPIRequest"}
{"level":"DEBUG","location":"[get_call:159] fyersModel","message":{"Status Code":200,"API":"/orders"},"timestamp":"2026-06-22 13:06:20,685+0530","service":"FyersAPIRequest"}
{"level":"DEBUG","location":"[get_call:159] fyersModel","message":{"Status Code":200,"API":"/orders"},"timestamp":"2026-06-22 13:06:20,757+0530","service":"FyersAPIRequest"}
{"level":"DEBUG","location":"[get_call:159] fyersModel","message":{"Status Code":200,"API":"/holdings"},"timestamp":"2026-06-22 13:06:20,857+0530","service":"FyersAPIRequest"}
{"level":"DEBUG","location":"[get_call:159] fyersModel","message":{"Status Code":200,"API":"/tradebook"},"timestamp":"2026-06-22 13:06:21,423+0530","service":"FyersAPIRequest"}
{"level":"DEBUG","location":"[get_call:159] fyersModel","message":{"Status Code":200,"API":"/funds"},"timestamp":"2026-06-22 13:06:22,002+0530","service":"FyersAPIRequest"}
{"level":"DEBUG","location":"[get_call:159] fyersModel","message":{"Status Code":200,"API":"/positions"},"timestamp":"2026-06-22 13:06:22,080+0530","service":"FyersAPIRequest"}
{"level":"DEBUG","location":"[get_call:159] fyersModel","message":{"Status Code":200,"API":"/orders"},"timestamp":"2026-06-22 13:06:22,157+0530","service":"FyersAPIRequest"}
{"level":"DEBUG","location":"[get_call:159] fyersModel","message":{"Status Code":200,"API":"/orders"},"timestamp":"2026-06-22 13:06:22,233+0530","service":"FyersAPIRequest"}
{"level":"DEBUG","location":"[get_call:159] fyersModel","message":{"Status Code":200,"API":"/holdings"},"timestamp":"2026-06-22 13:06:22,309+0530","service":"FyersAPIRequest"}
{"level":"DEBUG","location":"[get_call:159] fyersModel","message":{"Status Code":200,"API":"/tradebook"},"timestamp":"2026-06-22 13:06:22,877+0530","service":"FyersAPIRequest"}
{"level":"DEBUG","location":"[get_call:159] fyersModel","message":{"Status Code":200,"API":"/funds"},"timestamp":"2026-06-22 13:06:23,458+0530","service":"FyersAPIRequest"}
{"level":"DEBUG","location":"[get_call:159] fyersModel","message":{"Status Code":200,"API":"/positions"},"timestamp":"2026-06-22 13:06:25,597+0530","service":"FyersAPIRequest"}
{"level":"DEBUG","location":"[get_call:159] fyersModel","message":{"Status Code":200,"API":"/orders"},"timestamp":"2026-06-22 13:06:25,672+0530","service":"FyersAPIRequest"}
{"level":"DEBUG","location":"[get_call:159] fyersModel","message":{"Status Code":200,"API":"/orders"},"timestamp":"2026-06-22 13:06:25,751+0530","service":"FyersAPIRequest"}
{"level":"DEBUG","location":"[get_call:159] fyersModel","message":{"Status Code":200,"API":"/holdings"},"timestamp":"2026-06-22 13:06:25,819+0530","service":"FyersAPIRequest"}
{"level":"DEBUG","location":"[get_call:159] fyersModel","message":{"Status Code":200,"API":"/tradebook"},"timestamp":"2026-06-22 13:06:26,394+0530","service":"FyersAPIRequest"}
{"level":"DEBUG","location":"[get_call:159] fyersModel","message":{"Status Code":200,"API":"/funds"},"timestamp":"2026-06-22 13:06:26,968+0530","service":"FyersAPIRequest"}
{"level":"DEBUG","location":"[get_call:159] fyersModel","message":{"Status Code":200,"API":"/positions"},"timestamp":"2026-07-16 01:27:08,947+0530","service":"FyersAPIRequest"}
{"level":"DEBUG","location":"[get_call:159] fyersModel","message":{"Status Code":200,"API":"/orders"},"timestamp":"2026-07-16 01:27:09,098+0530","service":"FyersAPIRequest"}
{"level":"DEBUG","location":"[get_call:159] fyersModel","message":{"Status Code":200,"API":"/orders"},"timestamp":"2026-07-16 01:27:09,400+0530","service":"FyersAPIRequest"}
{"level":"DEBUG","location":"[get_call:159] fyersModel","message":{"Status Code":200,"API":"/holdings"},"timestamp":"2026-07-16 01:27:09,550+0530","service":"FyersAPIRequest"}
{"level":"DEBUG","location":"[get_call:159] fyersModel","message":{"Status Code":200,"API":"/tradebook"},"timestamp":"2026-07-16 01:27:10,302+0530","service":"FyersAPIRequest"}
{"level":"DEBUG","location":"[get_call:159] fyersModel","message":{"Status Code":200,"API":"/funds"},"timestamp":"2026-07-16 01:27:11,085+0530","service":"FyersAPIRequest"}
{"level":"DEBUG","location":"[get_call:159] fyersModel","message":{"Status Code":200,"API":"/positions"},"timestamp":"2026-07-16 01:27:11,221+0530","service":"FyersAPIRequest"}
{"level":"DEBUG","location":"[get_call:159] fyersModel","message":{"Status Code":200,"API":"/orders"},"timestamp":"2026-07-16 01:27:11,305+0530","service":"FyersAPIRequest"}
{"level":"DEBUG","location":"[get_call:159] fyersModel","message":{"Status Code":200,"API":"/orders"},"timestamp":"2026-07-16 01:27:11,370+0530","service":"FyersAPIRequest"}
{"level":"DEBUG","location":"[get_call:159] fyersModel","message":{"Status Code":200,"API":"/holdings"},"timestamp":"2026-07-16 01:27:11,485+0530","service":"FyersAPIRequest"}
{"level":"DEBUG","location":"[get_call:159] fyersModel","message":{"Status Code":200,"API":"/tradebook"},"timestamp":"2026-07-16 01:27:12,068+0530","service":"FyersAPIRequest"}
{"level":"DEBUG","location":"[get_call:159] fyersModel","message":{"Status Code":200,"API":"/funds"},"timestamp":"2026-07-16 01:27:12,654+0530","service":"FyersAPIRequest"}
{"level":"DEBUG","location":"[get_call:159] fyersModel","message":{"Status Code":200,"API":"/positions"},"timestamp":"2026-07-16 01:34:27,416+0530","service":"FyersAPIRequest"}
{"level":"DEBUG","location":"[get_call:159] fyersModel","message":{"Status Code":200,"API":"/orders"},"timestamp":"2026-07-16 01:34:27,503+0530","service":"FyersAPIRequest"}
{"level":"DEBUG","location":"[get_call:159] fyersModel","message":{"Status Code":200,"API":"/positions"},"timestamp":"2026-07-16 01:34:35,755+0530","service":"FyersAPIRequest"}
{"level":"DEBUG","location":"[get_call:159] fyersModel","message":{"Status Code":200,"API":"/orders"},"timestamp":"2026-07-16 01:34:35,816+0530","service":"FyersAPIRequest"}
{"level":"DEBUG","location":"[get_call:159] fyersModel","message":{"Status Code":200,"API":"/orders"},"timestamp":"2026-07-16 01:34:35,874+0530","service":"FyersAPIRequest"}
{"level":"DEBUG","location":"[get_call:159] fyersModel","message":{"Status Code":200,"API":"/holdings"},"timestamp":"2026-07-16 01:34:35,940+0530","service":"FyersAPIRequest"}
{"level":"DEBUG","location":"[get_call:159] fyersModel","message":{"Status Code":200,"API":"/tradebook"},"timestamp":"2026-07-16 01:34:36,503+0530","service":"FyersAPIRequest"}
{"level":"DEBUG","location":"[get_call:159] fyersModel","message":{"Status Code":200,"API":"/funds"},"timestamp":"2026-07-16 01:34:37,073+0530","service":"FyersAPIRequest"}
{"level":"DEBUG","location":"[get_call:159] fyersModel","message":{"Status Code":200,"API":"/positions"},"timestamp":"2026-07-16 01:34:37,160+0530","service":"FyersAPIRequest"}
{"level":"DEBUG","location":"[get_call:159] fyersModel","message":{"Status Code":200,"API":"/orders"},"timestamp":"2026-07-16 01:34:37,221+0530","service":"FyersAPIRequest"}
{"level":"DEBUG","location":"[get_call:159] fyersModel","message":{"Status Code":200,"API":"/orders"},"timestamp":"2026-07-16 01:34:37,284+0530","service":"FyersAPIRequest"}
{"level":"DEBUG","location":"[get_call:159] fyersModel","message":{"Status Code":200,"API":"/holdings"},"timestamp":"2026-07-16 01:34:37,371+0530","service":"FyersAPIRequest"}
{"level":"DEBUG","location":"[get_call:159] fyersModel","message":{"Status Code":200,"API":"/tradebook"},"timestamp":"2026-07-16 01:34:38,628+0530","service":"FyersAPIRequest"}
{"level":"DEBUG","location":"[get_call:159] fyersModel","message":{"Status Code":200,"API":"/funds"},"timestamp":"2026-07-16 01:34:39,251+0530","service":"FyersAPIRequest"}
{"level":"DEBUG","location":"[get_call:159] fyersModel","message":{"Status Code":200,"API":"/history"},"timestamp":"2026-07-16 01:35:38,184+0530","service":"FyersAPIRequest"}
{"level":"DEBUG","location":"[get_call:159] fyersModel","message":{"Status Code":200,"API":"/history"},"timestamp":"2026-07-16 01:35:39,082+0530","service":"FyersAPIRequest"}
{"level":"DEBUG","location":"[get_call:159] fyersModel","message":{"Status Code":200,"API":"/history"},"timestamp":"2026-07-16 01:35:39,534+0530","service":"FyersAPIRequest"}
{"level":"DEBUG","location":"[get_call:159] fyersModel","message":{"Status Code":200,"API":"/history"},"timestamp":"2026-07-16 01:35:39,985+0530","service":"FyersAPIRequest"}
{"level":"DEBUG","location":"[get_call:159] fyersModel","message":{"Status Code":200,"API":"/history"},"timestamp":"2026-07-16 01:35:40,588+0530","service":"FyersAPIRequest"}
{"level":"DEBUG","location":"[get_call:159] fyersModel","message":{"Status Code":200,"API":"/history"},"timestamp":"2026-07-16 01:35:41,319+0530","service":"FyersAPIRequest"}
{"level":"DEBUG","location":"[get_call:159] fyersModel","message":{"Status Code":200,"API":"/history"},"timestamp":"2026-07-16 01:35:41,698+0530","service":"FyersAPIRequest"}
{"level":"DEBUG","location":"[get_call:159] fyersModel","message":{"Status Code":200,"API":"/history"},"timestamp":"2026-07-16 01:35:42,068+0530","service":"FyersAPIRequest"}
{"level":"DEBUG","location":"[get_call:159] fyersModel","message":{"Status Code":200,"API":"/history"},"timestamp":"2026-07-16 01:35:42,722+0530","service":"FyersAPIRequest"}
{"level":"DEBUG","location":"[get_call:159] fyersModel","message":{"Status Code":200,"API":"/history"},"timestamp":"2026-07-16 01:35:43,095+0530","service":"FyersAPIRequest"}
{"level":"DEBUG","location":"[get_call:159] fyersModel","message":{"Status Code":200,"API":"/history"},"timestamp":"2026-07-16 01:35:43,432+0530","service":"FyersAPIRequest"}
{"level":"DEBUG","location":"[get_call:159] fyersModel","message":{"Status Code":200,"API":"/history"},"timestamp":"2026-07-16 01:35:43,817+0530","service":"FyersAPIRequest"}
{"level":"DEBUG","location":"[get_call:159] fyersModel","message":{"Status Code":200,"API":"/history"},"timestamp":"2026-07-16 01:35:44,185+0530","service":"FyersAPIRequest"}
{"level":"DEBUG","location":"[get_call:159] fyersModel","message":{"Status Code":200,"API":"/history"},"timestamp":"2026-07-16 01:35:44,557+0530","service":"FyersAPIRequest"}
{"level":"DEBUG","location":"[get_call:159] fyersModel","message":{"Status Code":200,"API":"/history"},"timestamp":"2026-07-16 01:35:44,925+0530","service":"FyersAPIRequest"}
{"level":"DEBUG","location":"[get_call:159] fyersModel","message":{"Status Code":200,"API":"/history"},"timestamp":"2026-07-16 01:35:45,313+0530","service":"FyersAPIRequest"}
{"level":"DEBUG","location":"[get_call:159] fyersModel","message":{"Status Code":200,"API":"/history"},"timestamp":"2026-07-16 01:35:45,665+0530","service":"FyersAPIRequest"}
{"level":"DEBUG","location":"[get_call:159] fyersModel","message":{"Status Code":200,"API":"/history"},"timestamp":"2026-07-16 01:35:46,028+0530","service":"FyersAPIRequest"}
{"level":"DEBUG","location":"[get_call:159] fyersModel","message":{"Status Code":200,"API":"/history"},"timestamp":"2026-07-16 01:35:46,435+0530","service":"FyersAPIRequest"}
{"level":"DEBUG","location":"[get_call:159] fyersModel","message":{"Status Code":200,"API":"/history"},"timestamp":"2026-07-16 01:35:46,818+0530","service":"FyersAPIRequest"}
{"level":"DEBUG","location":"[get_call:159] fyersModel","message":{"Status Code":200,"API":"/history"},"timestamp":"2026-07-16 01:35:47,176+0530","service":"FyersAPIRequest"}
{"level":"DEBUG","location":"[get_call:159] fyersModel","message":{"Status Code":200,"API":"/history"},"timestamp":"2026-07-16 01:35:47,561+0530","service":"FyersAPIRequest"}
{"level":"DEBUG","location":"[get_call:159] fyersModel","message":{"Status Code":200,"API":"/history"},"timestamp":"2026-07-16 01:35:47,933+0530","service":"FyersAPIRequest"}
{"level":"DEBUG","location":"[get_call:159] fyersModel","message":{"Status Code":200,"API":"/history"},"timestamp":"2026-07-16 01:35:48,283+0530","service":"FyersAPIRequest"}
{"level":"DEBUG","location":"[get_call:159] fyersModel","message":{"Status Code":200,"API":"/history"},"timestamp":"2026-07-16 01:35:48,652+0530","service":"FyersAPIRequest"}
{"level":"DEBUG","location":"[get_call:159] fyersModel","message":{"Status Code":200,"API":"/history"},"timestamp":"2026-07-16 01:35:49,031+0530","service":"FyersAPIRequest"}
{"level":"DEBUG","location":"[get_call:159] fyersModel","message":{"Status Code":200,"API":"/history"},"timestamp":"2026-07-16 01:35:49,400+0530","service":"FyersAPIRequest"}
{"level":"DEBUG","location":"[get_call:159] fyersModel","message":{"Status Code":200,"API":"/history"},"timestamp":"2026-07-16 01:35:49,760+0530","service":"FyersAPIRequest"}
{"level":"DEBUG","location":"[get_call:159] fyersModel","message":{"Status Code":200,"API":"/history"},"timestamp":"2026-07-16 01:35:50,119+0530","service":"FyersAPIRequest"}
{"level":"DEBUG","location":"[get_call:159] fyersModel","message":{"Status Code":200,"API":"/history"},"timestamp":"2026-07-16 01:35:50,472+0530","service":"FyersAPIRequest"}
{"level":"DEBUG","location":"[get_call:159] fyersModel","message":{"Status Code":200,"API":"/history"},"timestamp":"2026-07-16 01:35:50,885+0530","service":"FyersAPIRequest"}
{"level":"DEBUG","location":"[get_call:159] fyersModel","message":{"Status Code":200,"API":"/history"},"timestamp":"2026-07-16 01:35:51,268+0530","service":"FyersAPIRequest"}
{"level":"DEBUG","location":"[get_call:159] fyersModel","message":{"Status Code":200,"API":"/history"},"timestamp":"2026-07-16 01:35:51,693+0530","service":"FyersAPIRequest"}
{"level":"DEBUG","location":"[get_call:159] fyersModel","message":{"Status Code":200,"API":"/history"},"timestamp":"2026-07-16 01:35:52,067+0530","service":"FyersAPIRequest"}
{"level":"DEBUG","location":"[get_call:159] fyersModel","message":{"Status Code":200,"API":"/history"},"timestamp":"2026-07-16 01:35:52,399+0530","service":"FyersAPIRequest"}
{"level":"DEBUG","location":"[get_call:159] fyersModel","message":{"Status Code":200,"API":"/history"},"timestamp":"2026-07-16 01:35:52,849+0530","service":"FyersAPIRequest"}
{"level":"DEBUG","location":"[get_call:159] fyersModel","message":{"Status Code":200,"API":"/history"},"timestamp":"2026-07-16 01:35:53,402+0530","service":"FyersAPIRequest"}
{"level":"DEBUG","location":"[get_call:159] fyersModel","message":{"Status Code":200,"API":"/history"},"timestamp":"2026-07-16 01:35:54,364+0530","service":"FyersAPIRequest"}
{"level":"DEBUG","location":"[get_call:159] fyersModel","message":{"Status Code":200,"API":"/history"},"timestamp":"2026-07-16 01:35:55,168+0530","service":"FyersAPIRequest"}
{"level":"DEBUG","location":"[get_call:159] fyersModel","message":{"Status Code":200,"API":"/history"},"timestamp":"2026-07-16 01:35:55,621+0530","service":"FyersAPIRequest"}
{"level":"DEBUG","location":"[get_call:159] fyersModel","message":{"Status Code":200,"API":"/history"},"timestamp":"2026-07-16 01:35:56,104+0530","service":"FyersAPIRequest"}
{"level":"DEBUG","location":"[get_call:159] fyersModel","message":{"Status Code":200,"API":"/history"},"timestamp":"2026-07-16 01:35:56,467+0530","service":"FyersAPIRequest"}
{"level":"DEBUG","location":"[get_call:159] fyersModel","message":{"Status Code":422,"API":"/history"},"timestamp":"2026-07-16 01:35:56,845+0530","service":"FyersAPIRequest"}
{"level":"DEBUG","location":"[get_call:159] fyersModel","message":{"Status Code":422,"API":"/history"},"timestamp":"2026-07-16 01:35:56,946+0530","service":"FyersAPIRequest"}
{"level":"DEBUG","location":"[get_call:159] fyersModel","message":{"Status Code":422,"API":"/history"},"timestamp":"2026-07-16 01:35:57,054+0530","service":"FyersAPIRequest"}
{"level":"DEBUG","location":"[get_call:159] fyersModel","message":{"Status Code":422,"API":"/history"},"timestamp":"2026-07-16 01:35:57,187+0530","service":"FyersAPIRequest"}
{"level":"DEBUG","location":"[get_call:159] fyersModel","message":{"Status Code":422,"API":"/history"},"timestamp":"2026-07-16 01:35:57,334+0530","service":"FyersAPIRequest"}
{"level":"DEBUG","location":"[get_call:159] fyersModel","message":{"Status Code":422,"API":"/history"},"timestamp":"2026-07-16 01:35:57,471+0530","service":"FyersAPIRequest"}
{"level":"DEBUG","location":"[get_call:159] fyersModel","message":{"Status Code":422,"API":"/history"},"timestamp":"2026-07-16 01:35:57,603+0530","service":"FyersAPIRequest"}
{"level":"DEBUG","location":"[get_call:159] fyersModel","message":{"Status Code":422,"API":"/history"},"timestamp":"2026-07-16 01:35:57,704+0530","service":"FyersAPIRequest"}
{"level":"DEBUG","location":"[get_call:159] fyersModel","message":{"Status Code":422,"API":"/history"},"timestamp":"2026-07-16 01:35:57,828+0530","service":"FyersAPIRequest"}
{"level":"DEBUG","location":"[get_call:159] fyersModel","message":{"Status Code":422,"API":"/history"},"timestamp":"2026-07-16 01:35:57,929+0530","service":"FyersAPIRequest"}
{"level":"DEBUG","location":"[get_call:159] fyersModel","message":{"Status Code":422,"API":"/history"},"timestamp":"2026-07-16 01:35:58,033+0530","service":"FyersAPIRequest"}
{"level":"DEBUG","location":"[get_call:159] fyersModel","message":{"Status Code":200,"API":"/history"},"timestamp":"2026-07-16 01:35:58,338+0530","service":"FyersAPIRequest"}
{"level":"DEBUG","location":"[get_call:159] fyersModel","message":{"Status Code":200,"API":"/history"},"timestamp":"2026-07-16 01:35:58,692+0530","service":"FyersAPIRequest"}
{"level":"DEBUG","location":"[get_call:159] fyersModel","message":{"Status Code":200,"API":"/history"},"timestamp":"2026-07-16 01:35:59,057+0530","service":"FyersAPIRequest"}
{"level":"DEBUG","location":"[get_call:159] fyersModel","message":{"Status Code":200,"API":"/history"},"timestamp":"2026-07-16 01:35:59,519+0530","service":"FyersAPIRequest"}
{"level":"DEBUG","location":"[get_call:159] fyersModel","message":{"Status Code":200,"API":"/history"},"timestamp":"2026-07-16 01:35:59,856+0530","service":"FyersAPIRequest"}
{"level":"DEBUG","location":"[get_call:159] fyersModel","message":{"Status Code":200,"API":"/history"},"timestamp":"2026-07-16 01:36:00,236+0530","service":"FyersAPIRequest"}
{"level":"DEBUG","location":"[get_call:159] fyersModel","message":{"Status Code":200,"API":"/history"},"timestamp":"2026-07-16 01:36:00,891+0530","service":"FyersAPIRequest"}
{"level":"DEBUG","location":"[get_call:159] fyersModel","message":{"Status Code":200,"API":"/history"},"timestamp":"2026-07-16 01:36:02,006+0530","service":"FyersAPIRequest"}
{"level":"DEBUG","location":"[get_call:159] fyersModel","message":{"Status Code":200,"API":"/history"},"timestamp":"2026-07-16 01:36:02,537+0530","service":"FyersAPIRequest"}
{"level":"DEBUG","location":"[get_call:159] fyersModel","message":{"Status Code":200,"API":"/history"},"timestamp":"2026-07-16 01:36:03,244+0530","service":"FyersAPIRequest"}
{"level":"DEBUG","location":"[get_call:159] fyersModel","message":{"Status Code":200,"API":"/history"},"timestamp":"2026-07-16 01:36:03,601+0530","service":"FyersAPIRequest"}
{"level":"DEBUG","location":"[get_call:159] fyersModel","message":{"Status Code":200,"API":"/history"},"timestamp":"2026-07-16 01:36:03,969+0530","service":"FyersAPIRequest"}
{"level":"DEBUG","location":"[get_call:159] fyersModel","message":{"Status Code":200,"API":"/history"},"timestamp":"2026-07-16 01:36:04,377+0530","service":"FyersAPIRequest"}
{"level":"DEBUG","location":"[get_call:159] fyersModel","message":{"Status Code":200,"API":"/history"},"timestamp":"2026-07-16 01:36:04,874+0530","service":"FyersAPIRequest"}
{"level":"DEBUG","location":"[get_call:159] fyersModel","message":{"Status Code":200,"API":"/history"},"timestamp":"2026-07-16 01:36:05,320+0530","service":"FyersAPIRequest"}
{"level":"DEBUG","location":"[get_call:159] fyersModel","message":{"Status Code":200,"API":"/history"},"timestamp":"2026-07-16 01:36:06,796+0530","service":"FyersAPIRequest"}
{"level":"DEBUG","location":"[get_call:159] fyersModel","message":{"Status Code":200,"API":"/history"},"timestamp":"2026-07-16 01:36:07,156+0530","service":"FyersAPIRequest"}
{"level":"DEBUG","location":"[get_call:159] fyersModel","message":{"Status Code":200,"API":"/history"},"timestamp":"2026-07-16 01:36:07,717+0530","service":"FyersAPIRequest"}
{"level":"DEBUG","location":"[get_call:159] fyersModel","message":{"Status Code":200,"API":"/history"},"timestamp":"2026-07-16 01:36:09,905+0530","service":"FyersAPIRequest"}
{"level":"DEBUG","location":"[get_call:159] fyersModel","message":{"Status Code":200,"API":"/history"},"timestamp":"2026-07-16 01:36:10,976+0530","service":"FyersAPIRequest"}
{"level":"DEBUG","location":"[get_call:159] fyersModel","message":{"Status Code":200,"API":"/history"},"timestamp":"2026-07-16 01:36:11,595+0530","service":"FyersAPIRequest"}
{"level":"DEBUG","location":"[get_call:159] fyersModel","message":{"Status Code":200,"API":"/history"},"timestamp":"2026-07-16 01:36:12,899+0530","service":"FyersAPIRequest"}
{"level":"DEBUG","location":"[get_call:159] fyersModel","message":{"Status Code":200,"API":"/history"},"timestamp":"2026-07-16 01:36:13,726+0530","service":"FyersAPIRequest"}
{"level":"DEBUG","location":"[get_call:159] fyersModel","message":{"Status Code":200,"API":"/history"},"timestamp":"2026-07-16 01:36:15,537+0530","service":"FyersAPIRequest"}
{"level":"DEBUG","location":"[get_call:159] fyersModel","message":{"Status Code":200,"API":"/history"},"timestamp":"2026-07-16 01:36:16,843+0530","service":"FyersAPIRequest"}
{"level":"DEBUG","location":"[get_call:159] fyersModel","message":{"Status Code":200,"API":"/history"},"timestamp":"2026-07-16 01:36:17,542+0530","service":"FyersAPIRequest"}
{"level":"DEBUG","location":"[get_call:159] fyersModel","message":{"Status Code":200,"API":"/history"},"timestamp":"2026-07-16 01:36:17,943+0530","service":"FyersAPIRequest"}
{"level":"DEBUG","location":"[get_call:159] fyersModel","message":{"Status Code":200,"API":"/history"},"timestamp":"2026-07-16 01:36:18,506+0530","service":"FyersAPIRequest"}
{"level":"DEBUG","location":"[get_call:159] fyersModel","message":{"Status Code":200,"API":"/history"},"timestamp":"2026-07-16 01:36:18,838+0530","service":"FyersAPIRequest"}
{"level":"DEBUG","location":"[get_call:159] fyersModel","message":{"Status Code":200,"API":"/history"},"timestamp":"2026-07-16 01:36:19,188+0530","service":"FyersAPIRequest"}
{"level":"DEBUG","location":"[get_call:159] fyersModel","message":{"Status Code":200,"API":"/history"},"timestamp":"2026-07-16 01:36:19,526+0530","service":"FyersAPIRequest"}
{"level":"DEBUG","location":"[get_call:159] fyersModel","message":{"Status Code":200,"API":"/history"},"timestamp":"2026-07-16 01:36:19,854+0530","service":"FyersAPIRequest"}
{"level":"DEBUG","location":"[get_call:159] fyersModel","message":{"Status Code":200,"API":"/history"},"timestamp":"2026-07-16 01:36:20,188+0530","service":"FyersAPIRequest"}
{"level":"DEBUG","location":"[get_call:159] fyersModel","message":{"Status Code":200,"API":"/history"},"timestamp":"2026-07-16 01:36:20,514+0530","service":"FyersAPIRequest"}
{"level":"DEBUG","location":"[get_call:159] fyersModel","message":{"Status Code":200,"API":"/history"},"timestamp":"2026-07-16 01:36:20,846+0530","service":"FyersAPIRequest"}
{"level":"DEBUG","location":"[get_call:159] fyersModel","message":{"Status Code":200,"API":"/history"},"timestamp":"2026-07-16 01:36:21,190+0530","service":"FyersAPIRequest"}
{"level":"DEBUG","location":"[get_call:159] fyersModel","message":{"Status Code":200,"API":"/history"},"timestamp":"2026-07-16 01:36:21,546+0530","service":"FyersAPIRequest"}
{"level":"DEBUG","location":"[get_call:159] fyersModel","message":{"Status Code":200,"API":"/history"},"timestamp":"2026-07-16 01:36:21,866+0530","service":"FyersAPIRequest"}
{"level":"DEBUG","location":"[get_call:159] fyersModel","message":{"Status Code":200,"API":"/history"},"timestamp":"2026-07-16 01:36:22,200+0530","service":"FyersAPIRequest"}
{"level":"DEBUG","location":"[get_call:159] fyersModel","message":{"Status Code":200,"API":"/history"},"timestamp":"2026-07-16 01:36:23,638+0530","service":"FyersAPIRequest"}
{"level":"DEBUG","location":"[get_call:159] fyersModel","message":{"Status Code":200,"API":"/history"},"timestamp":"2026-07-16 01:36:24,551+0530","service":"FyersAPIRequest"}
{"level":"DEBUG","location":"[get_call:159] fyersModel","message":{"Status Code":200,"API":"/history"},"timestamp":"2026-07-16 01:36:25,606+0530","service":"FyersAPIRequest"}
{"level":"DEBUG","location":"[get_call:159] fyersModel","message":{"Status Code":200,"API":"/history"},"timestamp":"2026-07-16 01:36:26,089+0530","service":"FyersAPIRequest"}
{"level":"DEBUG","location":"[get_call:159] fyersModel","message":{"Status Code":200,"API":"/history"},"timestamp":"2026-07-16 01:36:26,413+0530","service":"FyersAPIRequest"}
{"level":"DEBUG","location":"[get_call:159] fyersModel","message":{"Status Code":200,"API":"/history"},"timestamp":"2026-07-16 01:36:26,726+0530","service":"FyersAPIRequest"}
{"level":"DEBUG","location":"[get_call:159] fyersModel","message":{"Status Code":200,"API":"/history"},"timestamp":"2026-07-16 01:36:27,090+0530","service":"FyersAPIRequest"}
{"level":"DEBUG","location":"[get_call:159] fyersModel","message":{"Status Code":200,"API":"/history"},"timestamp":"2026-07-16 01:36:27,420+0530","service":"FyersAPIRequest"}
{"level":"DEBUG","location":"[get_call:159] fyersModel","message":{"Status Code":200,"API":"/history"},"timestamp":"2026-07-16 01:36:27,781+0530","service":"FyersAPIRequest"}
{"level":"DEBUG","location":"[get_call:159] fyersModel","message":{"Status Code":200,"API":"/history"},"timestamp":"2026-07-16 01:36:28,141+0530","service":"FyersAPIRequest"}
{"level":"DEBUG","location":"[get_call:159] fyersModel","message":{"Status Code":200,"API":"/history"},"timestamp":"2026-07-16 01:36:28,461+0530","service":"FyersAPIRequest"}
{"level":"DEBUG","location":"[get_call:159] fyersModel","message":{"Status Code":200,"API":"/history"},"timestamp":"2026-07-16 01:36:28,809+0530","service":"FyersAPIRequest"}
{"level":"DEBUG","location":"[get_call:159] fyersModel","message":{"Status Code":200,"API":"/history"},"timestamp":"2026-07-16 01:36:29,144+0530","service":"FyersAPIRequest"}
{"level":"DEBUG","location":"[get_call:159] fyersModel","message":{"Status Code":200,"API":"/history"},"timestamp":"2026-07-16 01:36:29,497+0530","service":"FyersAPIRequest"}
{"level":"DEBUG","location":"[get_call:159] fyersModel","message":{"Status Code":200,"API":"/history"},"timestamp":"2026-07-16 01:36:29,833+0530","service":"FyersAPIRequest"}
{"level":"DEBUG","location":"[get_call:159] fyersModel","message":{"Status Code":200,"API":"/history"},"timestamp":"2026-07-16 01:36:30,157+0530","service":"FyersAPIRequest"}
{"level":"DEBUG","location":"[get_call:159] fyersModel","message":{"Status Code":200,"API":"/history"},"timestamp":"2026-07-16 01:36:30,506+0530","service":"FyersAPIRequest"}
{"level":"DEBUG","location":"[get_call:159] fyersModel","message":{"Status Code":200,"API":"/history"},"timestamp":"2026-07-16 01:36:30,838+0530","service":"FyersAPIRequest"}
{"level":"DEBUG","location":"[get_call:159] fyersModel","message":{"Status Code":200,"API":"/history"},"timestamp":"2026-07-16 01:36:31,190+0530","service":"FyersAPIRequest"}
{"level":"DEBUG","location":"[get_call:159] fyersModel","message":{"Status Code":200,"API":"/history"},"timestamp":"2026-07-16 01:36:31,563+0530","service":"FyersAPIRequest"}
{"level":"DEBUG","location":"[get_call:159] fyersModel","message":{"Status Code":200,"API":"/history"},"timestamp":"2026-07-16 01:36:31,948+0530","service":"FyersAPIRequest"}
{"level":"DEBUG","location":"[get_call:159] fyersModel","message":{"Status Code":200,"API":"/history"},"timestamp":"2026-07-16 01:36:32,259+0530","service":"FyersAPIRequest"}
{"level":"DEBUG","location":"[get_call:159] fyersModel","message":{"Status Code":200,"API":"/history"},"timestamp":"2026-07-16 01:36:32,653+0530","service":"FyersAPIRequest"}
{"level":"DEBUG","location":"[get_call:159] fyersModel","message":{"Status Code":200,"API":"/history"},"timestamp":"2026-07-16 01:36:33,012+0530","service":"FyersAPIRequest"}
{"level":"DEBUG","location":"[get_call:159] fyersModel","message":{"Status Code":200,"API":"/history"},"timestamp":"2026-07-16 01:36:33,334+0530","service":"FyersAPIRequest"}
{"level":"DEBUG","location":"[get_call:159] fyersModel","message":{"Status Code":200,"API":"/history"},"timestamp":"2026-07-16 01:36:33,656+0530","service":"FyersAPIRequest"}
{"level":"DEBUG","location":"[get_call:159] fyersModel","message":{"Status Code":200,"API":"/history"},"timestamp":"2026-07-16 01:36:34,021+0530","service":"FyersAPIRequest"}
{"level":"DEBUG","location":"[get_call:159] fyersModel","message":{"Status Code":200,"API":"/history"},"timestamp":"2026-07-16 01:36:34,413+0530","service":"FyersAPIRequest"}
{"level":"DEBUG","location":"[get_call:159] fyersModel","message":{"Status Code":200,"API":"/history"},"timestamp":"2026-07-16 01:36:34,763+0530","service":"FyersAPIRequest"}
{"level":"DEBUG","location":"[get_call:159] fyersModel","message":{"Status Code":200,"API":"/history"},"timestamp":"2026-07-16 01:36:35,102+0530","service":"FyersAPIRequest"}
{"level":"DEBUG","location":"[get_call:159] fyersModel","message":{"Status Code":200,"API":"/history"},"timestamp":"2026-07-16 01:36:35,463+0530","service":"FyersAPIRequest"}
{"level":"DEBUG","location":"[get_call:159] fyersModel","message":{"Status Code":200,"API":"/history"},"timestamp":"2026-07-16 01:36:35,796+0530","service":"FyersAPIRequest"}
{"level":"DEBUG","location":"[get_call:159] fyersModel","message":{"Status Code":200,"API":"/history"},"timestamp":"2026-07-16 01:36:36,152+0530","service":"FyersAPIRequest"}
{"level":"DEBUG","location":"[get_call:159] fyersModel","message":{"Status Code":200,"API":"/history"},"timestamp":"2026-07-16 01:36:36,508+0530","service":"FyersAPIRequest"}
{"level":"DEBUG","location":"[get_call:159] fyersModel","message":{"Status Code":200,"API":"/history"},"timestamp":"2026-07-16 01:36:36,886+0530","service":"FyersAPIRequest"}
{"level":"DEBUG","location":"[get_call:159] fyersModel","message":{"Status Code":200,"API":"/history"},"timestamp":"2026-07-16 01:36:37,309+0530","service":"FyersAPIRequest"}
{"level":"DEBUG","location":"[get_call:159] fyersModel","message":{"Status Code":200,"API":"/history"},"timestamp":"2026-07-16 01:36:37,824+0530","service":"FyersAPIRequest"}
{"level":"DEBUG","location":"[get_call:159] fyersModel","message":{"Status Code":200,"API":"/history"},"timestamp":"2026-07-16 01:36:38,371+0530","service":"FyersAPIRequest"}
{"level":"DEBUG","location":"[get_call:159] fyersModel","message":{"Status Code":200,"API":"/history"},"timestamp":"2026-07-16 01:36:38,925+0530","service":"FyersAPIRequest"}
{"level":"DEBUG","location":"[get_call:159] fyersModel","message":{"Status Code":200,"API":"/history"},"timestamp":"2026-07-16 01:36:39,532+0530","service":"FyersAPIRequest"}
{"level":"DEBUG","location":"[get_call:159] fyersModel","message":{"Status Code":200,"API":"/history"},"timestamp":"2026-07-16 01:36:40,137+0530","service":"FyersAPIRequest"}
{"level":"DEBUG","location":"[get_call:159] fyersModel","message":{"Status Code":200,"API":"/history"},"timestamp":"2026-07-16 01:36:40,741+0530","service":"FyersAPIRequest"}
{"level":"DEBUG","location":"[get_call:159] fyersModel","message":{"Status Code":200,"API":"/history"},"timestamp":"2026-07-16 01:36:41,274+0530","service":"FyersAPIRequest"}
{"level":"DEBUG","location":"[get_call:159] fyersModel","message":{"Status Code":200,"API":"/history"},"timestamp":"2026-07-16 01:36:41,655+0530","service":"FyersAPIRequest"}
{"level":"DEBUG","location":"[get_call:159] fyersModel","message":{"Status Code":200,"API":"/history"},"timestamp":"2026-07-16 01:36:42,094+0530","service":"FyersAPIRequest"}
{"level":"DEBUG","location":"[get_call:159] fyersModel","message":{"Status Code":200,"API":"/history"},"timestamp":"2026-07-16 01:36:42,452+0530","service":"FyersAPIRequest"}
{"level":"DEBUG","location":"[get_call:159] fyersModel","message":{"Status Code":200,"API":"/history"},"timestamp":"2026-07-16 01:36:42,827+0530","service":"FyersAPIRequest"}
{"level":"DEBUG","location":"[get_call:159] fyersModel","message":{"Status Code":200,"API":"/history"},"timestamp":"2026-07-16 01:36:43,223+0530","service":"FyersAPIRequest"}
{"level":"DEBUG","location":"[get_call:159] fyersModel","message":{"Status Code":200,"API":"/history"},"timestamp":"2026-07-16 01:36:43,701+0530","service":"FyersAPIRequest"}
{"level":"DEBUG","location":"[get_call:159] fyersModel","message":{"Status Code":200,"API":"/history"},"timestamp":"2026-07-16 01:36:44,309+0530","service":"FyersAPIRequest"}
{"level":"DEBUG","location":"[get_call:159] fyersModel","message":{"Status Code":200,"API":"/history"},"timestamp":"2026-07-16 01:36:44,665+0530","service":"FyersAPIRequest"}
{"level":"DEBUG","location":"[get_call:159] fyersModel","message":{"Status Code":200,"API":"/history"},"timestamp":"2026-07-16 01:36:45,029+0530","service":"FyersAPIRequest"}
{"level":"DEBUG","location":"[get_call:159] fyersModel","message":{"Status Code":200,"API":"/history"},"timestamp":"2026-07-16 01:36:45,593+0530","service":"FyersAPIRequest"}
{"level":"DEBUG","location":"[get_call:159] fyersModel","message":{"Status Code":200,"API":"/history"},"timestamp":"2026-07-16 01:36:46,022+0530","service":"FyersAPIRequest"}
{"level":"DEBUG","location":"[get_call:159] fyersModel","message":{"Status Code":200,"API":"/history"},"timestamp":"2026-07-16 01:36:46,409+0530","service":"FyersAPIRequest"}
{"level":"DEBUG","location":"[get_call:159] fyersModel","message":{"Status Code":200,"API":"/history"},"timestamp":"2026-07-16 01:36:46,915+0530","service":"FyersAPIRequest"}
{"level":"DEBUG","location":"[get_call:159] fyersModel","message":{"Status Code":200,"API":"/history"},"timestamp":"2026-07-16 01:36:47,341+0530","service":"FyersAPIRequest"}
{"level":"DEBUG","location":"[get_call:159] fyersModel","message":{"Status Code":200,"API":"/history"},"timestamp":"2026-07-16 01:36:47,792+0530","service":"FyersAPIRequest"}
{"level":"DEBUG","location":"[get_call:159] fyersModel","message":{"Status Code":200,"API":"/history"},"timestamp":"2026-07-16 01:36:48,187+0530","service":"FyersAPIRequest"}
{"level":"DEBUG","location":"[get_call:159] fyersModel","message":{"Status Code":200,"API":"/history"},"timestamp":"2026-07-16 01:36:48,577+0530","service":"FyersAPIRequest"}
{"level":"DEBUG","location":"[get_call:159] fyersModel","message":{"Status Code":200,"API":"/history"},"timestamp":"2026-07-16 01:36:48,941+0530","service":"FyersAPIRequest"}
{"level":"DEBUG","location":"[get_call:159] fyersModel","message":{"Status Code":200,"API":"/history"},"timestamp":"2026-07-16 01:36:49,294+0530","service":"FyersAPIRequest"}
{"level":"DEBUG","location":"[get_call:159] fyersModel","message":{"Status Code":200,"API":"/history"},"timestamp":"2026-07-16 01:36:49,682+0530","service":"FyersAPIRequest"}
{"level":"DEBUG","location":"[get_call:159] fyersModel","message":{"Status Code":200,"API":"/history"},"timestamp":"2026-07-16 01:36:50,060+0530","service":"FyersAPIRequest"}
{"level":"DEBUG","location":"[get_call:159] fyersModel","message":{"Status Code":200,"API":"/history"},"timestamp":"2026-07-16 01:36:50,461+0530","service":"FyersAPIRequest"}
{"level":"DEBUG","location":"[get_call:159] fyersModel","message":{"Status Code":200,"API":"/history"},"timestamp":"2026-07-16 01:36:50,834+0530","service":"FyersAPIRequest"}
{"level":"DEBUG","location":"[get_call:159] fyersModel","message":{"Status Code":200,"API":"/history"},"timestamp":"2026-07-16 01:36:51,203+0530","service":"FyersAPIRequest"}
{"level":"DEBUG","location":"[get_call:159] fyersModel","message":{"Status Code":200,"API":"/history"},"timestamp":"2026-07-16 01:36:51,596+0530","service":"FyersAPIRequest"}
{"level":"DEBUG","location":"[get_call:159] fyersModel","message":{"Status Code":200,"API":"/history"},"timestamp":"2026-07-16 01:36:51,961+0530","service":"FyersAPIRequest"}
{"level":"DEBUG","location":"[get_call:159] fyersModel","message":{"Status Code":200,"API":"/history"},"timestamp":"2026-07-16 01:36:52,320+0530","service":"FyersAPIRequest"}
{"level":"DEBUG","location":"[get_call:159] fyersModel","message":{"Status Code":200,"API":"/history"},"timestamp":"2026-07-16 01:36:52,825+0530","service":"FyersAPIRequest"}
{"level":"DEBUG","location":"[get_call:159] fyersModel","message":{"Status Code":200,"API":"/history"},"timestamp":"2026-07-16 01:36:53,629+0530","service":"FyersAPIRequest"}
{"level":"DEBUG","location":"[get_call:159] fyersModel","message":{"Status Code":200,"API":"/history"},"timestamp":"2026-07-16 01:36:54,101+0530","service":"FyersAPIRequest"}
{"level":"DEBUG","location":"[get_call:159] fyersModel","message":{"Status Code":200,"API":"/history"},"timestamp":"2026-07-16 01:36:54,704+0530","service":"FyersAPIRequest"}
{"level":"DEBUG","location":"[get_call:159] fyersModel","message":{"Status Code":200,"API":"/history"},"timestamp":"2026-07-16 01:36:55,154+0530","service":"FyersAPIRequest"}
{"level":"DEBUG","location":"[get_call:159] fyersModel","message":{"Status Code":200,"API":"/history"},"timestamp":"2026-07-16 01:36:55,914+0530","service":"FyersAPIRequest"}
{"level":"DEBUG","location":"[get_call:159] fyersModel","message":{"Status Code":200,"API":"/history"},"timestamp":"2026-07-16 01:36:56,356+0530","service":"FyersAPIRequest"}
{"level":"DEBUG","location":"[get_call:159] fyersModel","message":{"Status Code":422,"API":"/history"},"timestamp":"2026-07-16 01:36:56,677+0530","service":"FyersAPIRequest"}
{"level":"DEBUG","location":"[get_call:159] fyersModel","message":{"Status Code":422,"API":"/history"},"timestamp":"2026-07-16 01:36:56,783+0530","service":"FyersAPIRequest"}
{"level":"DEBUG","location":"[get_call:159] fyersModel","message":{"Status Code":422,"API":"/history"},"timestamp":"2026-07-16 01:36:56,910+0530","service":"FyersAPIRequest"}
{"level":"DEBUG","location":"[get_call:159] fyersModel","message":{"Status Code":422,"API":"/history"},"timestamp":"2026-07-16 01:36:57,008+0530","service":"FyersAPIRequest"}
{"level":"DEBUG","location":"[get_call:159] fyersModel","message":{"Status Code":422,"API":"/history"},"timestamp":"2026-07-16 01:36:57,112+0530","service":"FyersAPIRequest"}
{"level":"DEBUG","location":"[get_call:159] fyersModel","message":{"Status Code":422,"API":"/history"},"timestamp":"2026-07-16 01:36:57,249+0530","service":"FyersAPIRequest"}
{"level":"DEBUG","location":"[get_call:159] fyersModel","message":{"Status Code":422,"API":"/history"},"timestamp":"2026-07-16 01:36:57,351+0530","service":"FyersAPIRequest"}
{"level":"DEBUG","location":"[get_call:159] fyersModel","message":{"Status Code":422,"API":"/history"},"timestamp":"2026-07-16 01:36:57,460+0530","service":"FyersAPIRequest"}
{"level":"DEBUG","location":"[get_call:159] fyersModel","message":{"Status Code":422,"API":"/history"},"timestamp":"2026-07-16 01:36:57,583+0530","service":"FyersAPIRequest"}
{"level":"DEBUG","location":"[get_call:159] fyersModel","message":{"Status Code":422,"API":"/history"},"timestamp":"2026-07-16 01:36:57,697+0530","service":"FyersAPIRequest"}
{"level":"DEBUG","location":"[get_call:159] fyersModel","message":{"Status Code":422,"API":"/history"},"timestamp":"2026-07-16 01:36:57,831+0530","service":"FyersAPIRequest"}
{"level":"DEBUG","location":"[get_call:159] fyersModel","message":{"Status Code":422,"API":"/history"},"timestamp":"2026-07-16 01:36:58,078+0530","service":"FyersAPIRequest"}
{"level":"DEBUG","location":"[get_call:159] fyersModel","message":{"Status Code":422,"API":"/history"},"timestamp":"2026-07-16 01:36:58,205+0530","service":"FyersAPIRequest"}
{"level":"DEBUG","location":"[get_call:159] fyersModel","message":{"Status Code":422,"API":"/history"},"timestamp":"2026-07-16 01:36:58,306+0530","service":"FyersAPIRequest"}
{"level":"DEBUG","location":"[get_call:159] fyersModel","message":{"Status Code":422,"API":"/history"},"timestamp":"2026-07-16 01:36:58,412+0530","service":"FyersAPIRequest"}
{"level":"DEBUG","location":"[get_call:159] fyersModel","message":{"Status Code":422,"API":"/history"},"timestamp":"2026-07-16 01:36:58,513+0530","service":"FyersAPIRequest"}
{"level":"DEBUG","location":"[get_call:159] fyersModel","message":{"Status Code":422,"API":"/history"},"timestamp":"2026-07-16 01:36:58,605+0530","service":"FyersAPIRequest"}
{"level":"DEBUG","location":"[get_call:159] fyersModel","message":{"Status Code":422,"API":"/history"},"timestamp":"2026-07-16 01:36:58,720+0530","service":"FyersAPIRequest"}
{"level":"DEBUG","location":"[get_call:159] fyersModel","message":{"Status Code":422,"API":"/history"},"timestamp":"2026-07-16 01:36:58,865+0530","service":"FyersAPIRequest"}
{"level":"DEBUG","location":"[get_call:159] fyersModel","message":{"Status Code":422,"API":"/history"},"timestamp":"2026-07-16 01:36:59,000+0530","service":"FyersAPIRequest"}
{"level":"DEBUG","location":"[get_call:159] fyersModel","message":{"Status Code":422,"API":"/history"},"timestamp":"2026-07-16 01:36:59,136+0530","service":"FyersAPIRequest"}
{"level":"DEBUG","location":"[get_call:159] fyersModel","message":{"Status Code":422,"API":"/history"},"timestamp":"2026-07-16 01:36:59,238+0530","service":"FyersAPIRequest"}
{"level":"DEBUG","location":"[get_call:159] fyersModel","message":{"Status Code":422,"API":"/history"},"timestamp":"2026-07-16 01:36:59,461+0530","service":"FyersAPIRequest"}
{"level":"DEBUG","location":"[get_call:159] fyersModel","message":{"Status Code":422,"API":"/history"},"timestamp":"2026-07-16 01:36:59,564+0530","service":"FyersAPIRequest"}
{"level":"DEBUG","location":"[get_call:159] fyersModel","message":{"Status Code":422,"API":"/history"},"timestamp":"2026-07-16 01:36:59,680+0530","service":"FyersAPIRequest"}
{"level":"DEBUG","location":"[get_call:159] fyersModel","message":{"Status Code":422,"API":"/history"},"timestamp":"2026-07-16 01:36:59,826+0530","service":"FyersAPIRequest"}
{"level":"DEBUG","location":"[get_call:159] fyersModel","message":{"Status Code":422,"API":"/history"},"timestamp":"2026-07-16 01:36:59,969+0530","service":"FyersAPIRequest"}
{"level":"DEBUG","location":"[get_call:159] fyersModel","message":{"Status Code":422,"API":"/history"},"timestamp":"2026-07-16 01:37:00,096+0530","service":"FyersAPIRequest"}
{"level":"DEBUG","location":"[get_call:159] fyersModel","message":{"Status Code":422,"API":"/history"},"timestamp":"2026-07-16 01:37:00,203+0530","service":"FyersAPIRequest"}
{"level":"DEBUG","location":"[get_call:159] fyersModel","message":{"Status Code":422,"API":"/history"},"timestamp":"2026-07-16 01:37:00,306+0530","service":"FyersAPIRequest"}
{"level":"DEBUG","location":"[get_call:159] fyersModel","message":{"Status Code":422,"API":"/history"},"timestamp":"2026-07-16 01:37:00,452+0530","service":"FyersAPIRequest"}
{"level":"DEBUG","location":"[get_call:159] fyersModel","message":{"Status Code":422,"API":"/history"},"timestamp":"2026-07-16 01:37:00,592+0530","service":"FyersAPIRequest"}
{"level":"DEBUG","location":"[get_call:159] fyersModel","message":{"Status Code":422,"API":"/history"},"timestamp":"2026-07-16 01:37:00,709+0530","service":"FyersAPIRequest"}
{"level":"DEBUG","location":"[get_call:159] fyersModel","message":{"Status Code":200,"API":"/history"},"timestamp":"2026-07-16 01:37:00,982+0530","service":"FyersAPIRequest"}
{"level":"DEBUG","location":"[get_call:159] fyersModel","message":{"Status Code":200,"API":"/history"},"timestamp":"2026-07-16 01:37:01,361+0530","service":"FyersAPIRequest"}
{"level":"DEBUG","location":"[get_call:159] fyersModel","message":{"Status Code":200,"API":"/history"},"timestamp":"2026-07-16 01:37:01,724+0530","service":"FyersAPIRequest"}
{"level":"DEBUG","location":"[get_call:159] fyersModel","message":{"Status Code":200,"API":"/history"},"timestamp":"2026-07-16 01:37:02,073+0530","service":"FyersAPIRequest"}
{"level":"DEBUG","location":"[get_call:159] fyersModel","message":{"Status Code":200,"API":"/history"},"timestamp":"2026-07-16 01:37:02,424+0530","service":"FyersAPIRequest"}
{"level":"DEBUG","location":"[get_call:159] fyersModel","message":{"Status Code":200,"API":"/history"},"timestamp":"2026-07-16 01:37:02,805+0530","service":"FyersAPIRequest"}
{"level":"DEBUG","location":"[get_call:159] fyersModel","message":{"Status Code":200,"API":"/history"},"timestamp":"2026-07-16 01:37:03,162+0530","service":"FyersAPIRequest"}
{"level":"DEBUG","location":"[get_call:159] fyersModel","message":{"Status Code":200,"API":"/history"},"timestamp":"2026-07-16 01:37:03,542+0530","service":"FyersAPIRequest"}
{"level":"DEBUG","location":"[get_call:159] fyersModel","message":{"Status Code":200,"API":"/history"},"timestamp":"2026-07-16 01:37:03,952+0530","service":"FyersAPIRequest"}
{"level":"DEBUG","location":"[get_call:159] fyersModel","message":{"Status Code":200,"API":"/history"},"timestamp":"2026-07-16 01:37:04,338+0530","service":"FyersAPIRequest"}
{"level":"DEBUG","location":"[get_call:159] fyersModel","message":{"Status Code":200,"API":"/history"},"timestamp":"2026-07-16 01:37:04,757+0530","service":"FyersAPIRequest"}
{"level":"DEBUG","location":"[get_call:159] fyersModel","message":{"Status Code":200,"API":"/history"},"timestamp":"2026-07-16 01:37:05,127+0530","service":"FyersAPIRequest"}
{"level":"DEBUG","location":"[get_call:159] fyersModel","message":{"Status Code":200,"API":"/history"},"timestamp":"2026-07-16 01:37:05,488+0530","service":"FyersAPIRequest"}
{"level":"DEBUG","location":"[get_call:159] fyersModel","message":{"Status Code":200,"API":"/history"},"timestamp":"2026-07-16 01:37:05,901+0530","service":"FyersAPIRequest"}
{"level":"DEBUG","location":"[get_call:159] fyersModel","message":{"Status Code":200,"API":"/history"},"timestamp":"2026-07-16 01:37:06,308+0530","service":"FyersAPIRequest"}
{"level":"DEBUG","location":"[get_call:159] fyersModel","message":{"Status Code":200,"API":"/history"},"timestamp":"2026-07-16 01:37:06,670+0530","service":"FyersAPIRequest"}
{"level":"DEBUG","location":"[get_call:159] fyersModel","message":{"Status Code":200,"API":"/history"},"timestamp":"2026-07-16 01:37:07,032+0530","service":"FyersAPIRequest"}
{"level":"DEBUG","location":"[get_call:159] fyersModel","message":{"Status Code":200,"API":"/history"},"timestamp":"2026-07-16 01:37:07,419+0530","service":"FyersAPIRequest"}
{"level":"DEBUG","location":"[get_call:159] fyersModel","message":{"Status Code":200,"API":"/history"},"timestamp":"2026-07-16 01:37:09,088+0530","service":"FyersAPIRequest"}
{"level":"DEBUG","location":"[get_call:159] fyersModel","message":{"Status Code":200,"API":"/history"},"timestamp":"2026-07-16 01:37:09,844+0530","service":"FyersAPIRequest"}
{"level":"DEBUG","location":"[get_call:159] fyersModel","message":{"Status Code":200,"API":"/history"},"timestamp":"2026-07-16 01:37:10,295+0530","service":"FyersAPIRequest"}
{"level":"DEBUG","location":"[get_call:159] fyersModel","message":{"Status Code":200,"API":"/history"},"timestamp":"2026-07-16 01:37:10,748+0530","service":"FyersAPIRequest"}
{"level":"DEBUG","location":"[get_call:159] fyersModel","message":{"Status Code":200,"API":"/history"},"timestamp":"2026-07-16 01:37:11,324+0530","service":"FyersAPIRequest"}
{"level":"DEBUG","location":"[get_call:159] fyersModel","message":{"Status Code":200,"API":"/history"},"timestamp":"2026-07-16 01:37:11,713+0530","service":"FyersAPIRequest"}
{"level":"DEBUG","location":"[get_call:159] fyersModel","message":{"Status Code":200,"API":"/history"},"timestamp":"2026-07-16 01:37:12,084+0530","service":"FyersAPIRequest"}
{"level":"DEBUG","location":"[get_call:159] fyersModel","message":{"Status Code":200,"API":"/history"},"timestamp":"2026-07-16 01:37:12,463+0530","service":"FyersAPIRequest"}
{"level":"DEBUG","location":"[get_call:159] fyersModel","message":{"Status Code":200,"API":"/history"},"timestamp":"2026-07-16 01:37:12,879+0530","service":"FyersAPIRequest"}
{"level":"DEBUG","location":"[get_call:159] fyersModel","message":{"Status Code":200,"API":"/history"},"timestamp":"2026-07-16 01:37:13,252+0530","service":"FyersAPIRequest"}
{"level":"DEBUG","location":"[get_call:159] fyersModel","message":{"Status Code":200,"API":"/history"},"timestamp":"2026-07-16 01:37:13,625+0530","service":"FyersAPIRequest"}
{"level":"DEBUG","location":"[get_call:159] fyersModel","message":{"Status Code":200,"API":"/history"},"timestamp":"2026-07-16 01:37:14,013+0530","service":"FyersAPIRequest"}
{"level":"DEBUG","location":"[get_call:159] fyersModel","message":{"Status Code":200,"API":"/history"},"timestamp":"2026-07-16 01:37:14,384+0530","service":"FyersAPIRequest"}
{"level":"DEBUG","location":"[get_call:159] fyersModel","message":{"Status Code":200,"API":"/history"},"timestamp":"2026-07-16 01:37:14,740+0530","service":"FyersAPIRequest"}
{"level":"DEBUG","location":"[get_call:159] fyersModel","message":{"Status Code":200,"API":"/history"},"timestamp":"2026-07-16 01:37:15,120+0530","service":"FyersAPIRequest"}
{"level":"DEBUG","location":"[post_call:100] fyersModel","message":{"Status Code":400,"API":"/orders/sync"},"timestamp":"2026-07-16 01:38:51,087+0530","service":"FyersAPIRequest"}
{"level":"DEBUG","location":"[post_call:100] fyersModel","message":{"Status Code":400,"API":"/orders/sync"},"timestamp":"2026-07-16 01:38:51,139+0530","service":"FyersAPIRequest"}
{"level":"DEBUG","location":"[get_call:159] fyersModel","message":{"Status Code":401,"API":"/positions"},"timestamp":"2026-07-16 10:01:15,338+0530","service":"FyersAPIRequest"}
{"level":"DEBUG","location":"[get_call:159] fyersModel","message":{"Status Code":401,"API":"/orders"},"timestamp":"2026-07-16 10:01:15,401+0530","service":"FyersAPIRequest"}
{"level":"DEBUG","location":"[get_call:159] fyersModel","message":{"Status Code":401,"API":"/orders"},"timestamp":"2026-07-16 10:01:15,502+0530","service":"FyersAPIRequest"}
{"level":"DEBUG","location":"[get_call:159] fyersModel","message":{"Status Code":401,"API":"/holdings"},"timestamp":"2026-07-16 10:01:15,579+0530","service":"FyersAPIRequest"}
{"level":"DEBUG","location":"[get_call:159] fyersModel","message":{"Status Code":401,"API":"/tradebook"},"timestamp":"2026-07-16 10:01:16,146+0530","service":"FyersAPIRequest"}
{"level":"DEBUG","location":"[get_call:159] fyersModel","message":{"Status Code":401,"API":"/funds"},"timestamp":"2026-07-16 10:01:16,820+0530","service":"FyersAPIRequest"}
{"level":"DEBUG","location":"[get_call:159] fyersModel","message":{"Status Code":401,"API":"/positions"},"timestamp":"2026-07-16 10:01:47,000+0530","service":"FyersAPIRequest"}
{"level":"DEBUG","location":"[get_call:159] fyersModel","message":{"Status Code":401,"API":"/orders"},"timestamp":"2026-07-16 10:01:47,039+0530","service":"FyersAPIRequest"}
{"level":"DEBUG","location":"[get_call:159] fyersModel","message":{"Status Code":401,"API":"/orders"},"timestamp":"2026-07-16 10:01:47,217+0530","service":"FyersAPIRequest"}
{"level":"DEBUG","location":"[get_call:159] fyersModel","message":{"Status Code":401,"API":"/holdings"},"timestamp":"2026-07-16 10:01:47,360+0530","service":"FyersAPIRequest"}
{"level":"DEBUG","location":"[get_call:159] fyersModel","message":{"Status Code":401,"API":"/tradebook"},"timestamp":"2026-07-16 10:01:48,133+0530","service":"FyersAPIRequest"}
{"level":"DEBUG","location":"[get_call:159] fyersModel","message":{"Status Code":401,"API":"/funds"},"timestamp":"2026-07-16 10:01:49,032+0530","service":"FyersAPIRequest"}
{"level":"DEBUG","location":"[get_call:159] fyersModel","message":{"Status Code":401,"API":"/positions"},"timestamp":"2026-07-16 20:32:51,038+0530","service":"FyersAPIRequest"}
{"level":"DEBUG","location":"[get_call:159] fyersModel","message":{"Status Code":401,"API":"/orders"},"timestamp":"2026-07-16 20:32:51,081+0530","service":"FyersAPIRequest"}
{"level":"DEBUG","location":"[get_call:159] fyersModel","message":{"Status Code":401,"API":"/orders"},"timestamp":"2026-07-16 20:32:51,123+0530","service":"FyersAPIRequest"}
{"level":"DEBUG","location":"[get_call:159] fyersModel","message":{"Status Code":401,"API":"/holdings"},"timestamp":"2026-07-16 20:32:51,172+0530","service":"FyersAPIRequest"}
{"level":"DEBUG","location":"[get_call:159] fyersModel","message":{"Status Code":401,"API":"/tradebook"},"timestamp":"2026-07-16 20:32:51,716+0530","service":"FyersAPIRequest"}
{"level":"DEBUG","location":"[get_call:159] fyersModel","message":{"Status Code":401,"API":"/funds"},"timestamp":"2026-07-16 20:32:52,264+0530","service":"FyersAPIRequest"}
{"level":"DEBUG","location":"[get_call:159] fyersModel","message":{"Status Code":200,"API":"/history"},"timestamp":"2026-07-17 00:29:35,272+0530","service":"FyersAPIRequest"}
{"level":"DEBUG","location":"[get_call:159] fyersModel","message":{"Status Code":200,"API":"/quotes"},"timestamp":"2026-07-17 00:29:35,427+0530","service":"FyersAPIRequest"}
{"level":"DEBUG","location":"[post_call:100] fyersModel","message":{"Status Code":400,"API":"/orders/sync"},"timestamp":"2026-07-17 00:29:41,260+0530","service":"FyersAPIRequest"}
{"level":"DEBUG","location":"[get_call:159] fyersModel","message":{"Status Code":200,"API":"/history"},"timestamp":"2026-07-17 00:32:20,303+0530","service":"FyersAPIRequest"}
{"level":"DEBUG","location":"[get_call:159] fyersModel","message":{"Status Code":200,"API":"/quotes"},"timestamp":"2026-07-17 00:32:20,411+0530","service":"FyersAPIRequest"}
{"level":"DEBUG","location":"[post_call:100] fyersModel","message":{"Status Code":200,"API":"/orders/sync"},"timestamp":"2026-07-17 00:32:21,753+0530","service":"FyersAPIRequest"}
{"level":"DEBUG","location":"[post_call:100] fyersModel","message":{"Status Code":400,"API":"/orders/sync"},"timestamp":"2026-07-17 00:32:37,447+0530","service":"FyersAPIRequest"}
{"level":"DEBUG","location":"[post_call:100] fyersModel","message":{"Status Code":200,"API":"/orders/sync"},"timestamp":"2026-07-17 00:32:37,503+0530","service":"FyersAPIRequest"}
{"level":"DEBUG","location":"[get_call:159] fyersModel","message":{"Status Code":200,"API":"/orders"},"timestamp":"2026-07-17 00:32:37,572+0530","service":"FyersAPIRequest"}
