{"level":"ERROR","location":"[get_call:165] fyersModel","message":{"API":"/positions","Error":{"code":-16,"message":"Could not authenticate the user","s":"error"}},"timestamp":"2026-05-20 10:15:41,971+0530","service":"FyersAPI"}
{"level":"ERROR","location":"[get_call:165] fyersModel","message":{"API":"/orders","Error":{"code":-16,"message":"Could not authenticate the user","s":"error"}},"timestamp":"2026-05-20 10:15:42,020+0530","service":"FyersAPI"}
{"level":"ERROR","location":"[get_call:165] fyersModel","message":{"API":"/orders","Error":{"code":-16,"message":"Could not authenticate the user","s":"error"}},"timestamp":"2026-05-20 10:15:42,065+0530","service":"FyersAPI"}
{"level":"ERROR","location":"[get_call:165] fyersModel","message":{"API":"/holdings","Error":{"code":-16,"message":"Could not authenticate the user","s":"error"}},"timestamp":"2026-05-20 10:15:42,117+0530","service":"FyersAPI"}
{"level":"ERROR","location":"[get_call:165] fyersModel","message":{"API":"/tradebook","Error":{"code":-16,"message":"Could not authenticate the user","s":"error"}},"timestamp":"2026-05-20 10:15:43,160+0530","service":"FyersAPI"}
{"level":"ERROR","location":"[get_call:165] fyersModel","message":{"API":"/positions","Error":{"code":-16,"message":"Could not authenticate the user","s":"error"}},"timestamp":"2026-05-20 10:15:44,207+0530","service":"FyersAPI"}
{"level":"ERROR","location":"[get_call:165] fyersModel","message":{"API":"/funds","Error":{"code":-16,"message":"Could not authenticate the user","s":"error"}},"timestamp":"2026-05-20 10:15:44,253+0530","service":"FyersAPI"}
{"level":"ERROR","location":"[get_call:165] fyersModel","message":{"API":"/positions","Error":{"code":-16,"message":"Could not authenticate the user","s":"error"}},"timestamp":"2026-05-20 10:15:44,306+0530","service":"FyersAPI"}
{"level":"ERROR","location":"[get_call:165] fyersModel","message":{"API":"/orders","Error":{"code":-16,"message":"Could not authenticate the user","s":"error"}},"timestamp":"2026-05-20 10:15:44,349+0530","service":"FyersAPI"}
{"level":"ERROR","location":"[get_call:165] fyersModel","message":{"API":"/orders","Error":{"code":-16,"message":"Could not authenticate the user","s":"error"}},"timestamp":"2026-05-20 10:15:44,395+0530","service":"FyersAPI"}
{"level":"ERROR","location":"[get_call:165] fyersModel","message":{"API":"/holdings","Error":{"code":-16,"message":"Could not authenticate the user","s":"error"}},"timestamp":"2026-05-20 10:15:44,441+0530","service":"FyersAPI"}
{"level":"ERROR","location":"[get_call:165] fyersModel","message":{"API":"/tradebook","Error":{"code":-16,"message":"Could not authenticate the user","s":"error"}},"timestamp":"2026-05-20 10:15:45,487+0530","service":"FyersAPI"}
{"level":"ERROR","location":"[get_call:165] fyersModel","message":{"API":"/positions","Error":{"code":-16,"message":"Could not authenticate the user","s":"error"}},"timestamp":"2026-05-20 10:15:46,536+0530","service":"FyersAPI"}
{"level":"ERROR","location":"[get_call:165] fyersModel","message":{"API":"/funds","Error":{"code":-16,"message":"Could not authenticate the user","s":"error"}},"timestamp":"2026-05-20 10:15:46,579+0530","service":"FyersAPI"}
{"level":"ERROR","location":"[get_call:165] fyersModel","message":{"API":"/positions","Error":{"code":-16,"message":"Could not authenticate the user","s":"error"}},"timestamp":"2026-05-20 10:15:47,408+0530","service":"FyersAPI"}
{"level":"ERROR","location":"[get_call:165] fyersModel","message":{"API":"/orders","Error":{"code":-16,"message":"Could not authenticate the user","s":"error"}},"timestamp":"2026-05-20 10:15:47,455+0530","service":"FyersAPI"}
{"level":"ERROR","location":"[get_call:165] fyersModel","message":{"API":"/orders","Error":{"code":-16,"message":"Could not authenticate the user","s":"error"}},"timestamp":"2026-05-20 10:15:47,500+0530","service":"FyersAPI"}
{"level":"ERROR","location":"[get_call:165] fyersModel","message":{"API":"/holdings","Error":{"code":-16,"message":"Could not authenticate the user","s":"error"}},"timestamp":"2026-05-20 10:15:47,546+0530","service":"FyersAPI"}
{"level":"ERROR","location":"[get_call:165] fyersModel","message":{"API":"/history","Error":{"code":-300,"message":"Invalid symbol provided","s":"error"}},"timestamp":"2026-05-20 15:07:45,227+0530","service":"FyersAPI"}
{"level":"ERROR","location":"[get_call:165] fyersModel","message":{"API":"/history","Error":{"code":-300,"message":"Invalid symbol provided","s":"error"}},"timestamp":"2026-05-20 15:07:45,334+0530","service":"FyersAPI"}
{"level":"ERROR","location":"[get_call:165] fyersModel","message":{"API":"/history","Error":{"code":-300,"message":"Invalid symbol provided","s":"error"}},"timestamp":"2026-05-20 15:07:45,424+0530","service":"FyersAPI"}
{"level":"ERROR","location":"[get_call:165] fyersModel","message":{"API":"/history","Error":{"code":-300,"message":"Invalid symbol provided","s":"error"}},"timestamp":"2026-05-20 15:07:45,509+0530","service":"FyersAPI"}
{"level":"ERROR","location":"[get_call:165] fyersModel","message":{"API":"/history","Error":{"code":-300,"message":"Invalid symbol provided","s":"error"}},"timestamp":"2026-05-20 15:07:45,602+0530","service":"FyersAPI"}
{"level":"ERROR","location":"[get_call:165] fyersModel","message":{"API":"/history","Error":{"code":-300,"message":"Invalid symbol provided","s":"error"}},"timestamp":"2026-05-20 15:07:45,712+0530","service":"FyersAPI"}
{"level":"ERROR","location":"[get_call:165] fyersModel","message":{"API":"/history","Error":{"code":-300,"message":"Invalid symbol provided","s":"error"}},"timestamp":"2026-05-20 15:07:45,834+0530","service":"FyersAPI"}
{"level":"ERROR","location":"[get_call:165] fyersModel","message":{"API":"/history","Error":{"code":-300,"message":"Invalid symbol provided","s":"error"}},"timestamp":"2026-05-20 15:07:45,940+0530","service":"FyersAPI"}
{"level":"ERROR","location":"[get_call:165] fyersModel","message":{"API":"/history","Error":{"code":-300,"message":"Invalid symbol provided","s":"error"}},"timestamp":"2026-05-20 15:07:46,047+0530","service":"FyersAPI"}
{"level":"ERROR","location":"[get_call:165] fyersModel","message":{"API":"/history","Error":{"code":-300,"message":"Invalid symbol provided","s":"error"}},"timestamp":"2026-05-20 15:07:46,157+0530","service":"FyersAPI"}
{"level":"ERROR","location":"[get_call:165] fyersModel","message":{"API":"/history","Error":{"code":-300,"message":"Invalid symbol provided","s":"error"}},"timestamp":"2026-05-20 15:07:46,259+0530","service":"FyersAPI"}
{"level":"ERROR","location":"[get_call:165] fyersModel","message":{"API":"/history","Error":{"code":-300,"message":"Invalid symbol provided","s":"error"}},"timestamp":"2026-05-20 15:08:23,409+0530","service":"FyersAPI"}
{"level":"ERROR","location":"[get_call:165] fyersModel","message":{"API":"/history","Error":{"code":-300,"message":"Invalid symbol provided","s":"error"}},"timestamp":"2026-05-20 15:08:23,517+0530","service":"FyersAPI"}
{"level":"ERROR","location":"[get_call:165] fyersModel","message":{"API":"/history","Error":{"code":-300,"message":"Invalid symbol provided","s":"error"}},"timestamp":"2026-05-20 15:08:23,629+0530","service":"FyersAPI"}
{"level":"ERROR","location":"[get_call:165] fyersModel","message":{"API":"/history","Error":{"code":-300,"message":"Invalid symbol provided","s":"error"}},"timestamp":"2026-05-20 15:08:23,720+0530","service":"FyersAPI"}
{"level":"ERROR","location":"[get_call:165] fyersModel","message":{"API":"/history","Error":{"code":-300,"message":"Invalid symbol provided","s":"error"}},"timestamp":"2026-05-20 15:08:23,811+0530","service":"FyersAPI"}
{"level":"ERROR","location":"[get_call:165] fyersModel","message":{"API":"/history","Error":{"code":-300,"message":"Invalid symbol provided","s":"error"}},"timestamp":"2026-05-20 15:08:23,912+0530","service":"FyersAPI"}
{"level":"ERROR","location":"[get_call:165] fyersModel","message":{"API":"/history","Error":{"code":-300,"message":"Invalid symbol provided","s":"error"}},"timestamp":"2026-05-20 15:08:24,012+0530","service":"FyersAPI"}
{"level":"ERROR","location":"[get_call:165] fyersModel","message":{"API":"/history","Error":{"code":-300,"message":"Invalid symbol provided","s":"error"}},"timestamp":"2026-05-20 15:08:24,107+0530","service":"FyersAPI"}
{"level":"ERROR","location":"[get_call:165] fyersModel","message":{"API":"/history","Error":{"code":-300,"message":"Invalid symbol provided","s":"error"}},"timestamp":"2026-05-20 15:08:24,216+0530","service":"FyersAPI"}
{"level":"ERROR","location":"[get_call:165] fyersModel","message":{"API":"/history","Error":{"code":-300,"message":"Invalid symbol provided","s":"error"}},"timestamp":"2026-05-20 15:08:24,341+0530","service":"FyersAPI"}
{"level":"ERROR","location":"[get_call:165] fyersModel","message":{"API":"/history","Error":{"code":-300,"message":"Invalid symbol provided","s":"error"}},"timestamp":"2026-05-20 15:08:24,462+0530","service":"FyersAPI"}
{"level":"ERROR","location":"[get_call:165] fyersModel","message":{"API":"/history","Error":{"code":-300,"message":"Invalid symbol provided","s":"error"}},"timestamp":"2026-05-20 15:08:24,681+0530","service":"FyersAPI"}
{"level":"ERROR","location":"[get_call:165] fyersModel","message":{"API":"/history","Error":{"code":-300,"message":"Invalid symbol provided","s":"error"}},"timestamp":"2026-05-20 15:08:24,766+0530","service":"FyersAPI"}
{"level":"ERROR","location":"[get_call:165] fyersModel","message":{"API":"/history","Error":{"code":-300,"message":"Invalid symbol provided","s":"error"}},"timestamp":"2026-05-20 15:08:24,908+0530","service":"FyersAPI"}
{"level":"ERROR","location":"[get_call:165] fyersModel","message":{"API":"/history","Error":{"code":-300,"message":"Invalid symbol provided","s":"error"}},"timestamp":"2026-05-20 15:08:25,004+0530","service":"FyersAPI"}
{"level":"ERROR","location":"[get_call:165] fyersModel","message":{"API":"/history","Error":{"code":-300,"message":"Invalid symbol provided","s":"error"}},"timestamp":"2026-05-20 15:08:25,113+0530","service":"FyersAPI"}
{"level":"ERROR","location":"[get_call:165] fyersModel","message":{"API":"/history","Error":{"code":-300,"message":"Invalid symbol provided","s":"error"}},"timestamp":"2026-05-20 15:08:25,218+0530","service":"FyersAPI"}
{"level":"ERROR","location":"[get_call:165] fyersModel","message":{"API":"/history","Error":{"code":-300,"message":"Invalid symbol provided","s":"error"}},"timestamp":"2026-05-20 15:08:25,321+0530","service":"FyersAPI"}
{"level":"ERROR","location":"[get_call:165] fyersModel","message":{"API":"/history","Error":{"code":-300,"message":"Invalid symbol provided","s":"error"}},"timestamp":"2026-05-20 15:08:25,421+0530","service":"FyersAPI"}
{"level":"ERROR","location":"[get_call:165] fyersModel","message":{"API":"/history","Error":{"code":-300,"message":"Invalid symbol provided","s":"error"}},"timestamp":"2026-05-20 15:08:25,533+0530","service":"FyersAPI"}
{"level":"ERROR","location":"[get_call:165] fyersModel","message":{"API":"/history","Error":{"code":-300,"message":"Invalid symbol provided","s":"error"}},"timestamp":"2026-05-20 15:08:25,630+0530","service":"FyersAPI"}
{"level":"ERROR","location":"[get_call:165] fyersModel","message":{"API":"/history","Error":{"code":-300,"message":"Invalid symbol provided","s":"error"}},"timestamp":"2026-05-20 15:08:25,737+0530","service":"FyersAPI"}
{"level":"ERROR","location":"[get_call:165] fyersModel","message":{"API":"/history","Error":{"code":-300,"message":"Invalid symbol provided","s":"error"}},"timestamp":"2026-05-20 15:08:25,960+0530","service":"FyersAPI"}
{"level":"ERROR","location":"[get_call:165] fyersModel","message":{"API":"/history","Error":{"code":-300,"message":"Invalid symbol provided","s":"error"}},"timestamp":"2026-05-20 15:08:26,058+0530","service":"FyersAPI"}
{"level":"ERROR","location":"[get_call:165] fyersModel","message":{"API":"/history","Error":{"code":-300,"message":"Invalid symbol provided","s":"error"}},"timestamp":"2026-05-20 15:08:26,162+0530","service":"FyersAPI"}
{"level":"ERROR","location":"[get_call:165] fyersModel","message":{"API":"/history","Error":{"code":-300,"message":"Invalid symbol provided","s":"error"}},"timestamp":"2026-05-20 15:08:26,270+0530","service":"FyersAPI"}
{"level":"ERROR","location":"[get_call:165] fyersModel","message":{"API":"/history","Error":{"code":-300,"message":"Invalid symbol provided","s":"error"}},"timestamp":"2026-05-20 15:08:26,401+0530","service":"FyersAPI"}
{"level":"ERROR","location":"[get_call:165] fyersModel","message":{"API":"/history","Error":{"code":-300,"message":"Invalid symbol provided","s":"error"}},"timestamp":"2026-05-20 15:08:26,498+0530","service":"FyersAPI"}
{"level":"ERROR","location":"[get_call:165] fyersModel","message":{"API":"/history","Error":{"code":-300,"message":"Invalid symbol provided","s":"error"}},"timestamp":"2026-05-20 15:08:26,588+0530","service":"FyersAPI"}
{"level":"ERROR","location":"[get_call:165] fyersModel","message":{"API":"/history","Error":{"code":-300,"message":"Invalid symbol provided","s":"error"}},"timestamp":"2026-05-20 15:08:26,798+0530","service":"FyersAPI"}
{"level":"ERROR","location":"[get_call:165] fyersModel","message":{"API":"/history","Error":{"code":-300,"message":"Invalid symbol provided","s":"error"}},"timestamp":"2026-05-20 15:08:27,159+0530","service":"FyersAPI"}
{"level":"ERROR","location":"[get_call:165] fyersModel","message":{"API":"/history","Error":{"code":-300,"message":"Invalid symbol provided","s":"error"}},"timestamp":"2026-05-20 15:08:27,340+0530","service":"FyersAPI"}
{"level":"ERROR","location":"[get_call:165] fyersModel","message":{"API":"/history","Error":{"code":429,"message":"request limit reached","s":"error"}},"timestamp":"2026-05-20 15:08:27,914+0530","service":"FyersAPI"}
{"level":"ERROR","location":"[get_call:165] fyersModel","message":{"API":"/history","Error":{"code":429,"message":"request limit reached","s":"error"}},"timestamp":"2026-05-20 15:08:29,144+0530","service":"FyersAPI"}
{"level":"ERROR","location":"[get_call:165] fyersModel","message":{"API":"/history","Error":{"code":429,"message":"request limit reached","s":"error"}},"timestamp":"2026-05-20 15:08:31,257+0530","service":"FyersAPI"}
{"level":"ERROR","location":"[get_call:165] fyersModel","message":{"API":"/history","Error":{"code":-300,"message":"Invalid symbol provided","s":"error"}},"timestamp":"2026-05-20 15:08:35,355+0530","service":"FyersAPI"}
{"level":"ERROR","location":"[post_call:108] fyersModel","message":{"API":"/orders/sync","Error":{"code":-50,"message":"Request rejected: Orders are only allowed from whitelisted IP addresses. This request was received from IP: 2402:e280:21c8:6a0:de6f:50d1:a645:b48.","s":"error"}},"timestamp":"2026-05-20 15:09:36,593+0530","service":"FyersAPI"}
{"level":"ERROR","location":"[post_call:108] fyersModel","message":{"API":"/orders/sync","Error":{"code":-50,"message":"Request rejected: Orders are only allowed from whitelisted IP addresses. This request was received from IP: 2402:e280:21c8:6a0:de6f:50d1:a645:b48.","s":"error"}},"timestamp":"2026-05-20 15:09:36,744+0530","service":"FyersAPI"}
{"level":"ERROR","location":"[get_call:165] fyersModel","message":{"API":"/positions","Error":{"code":-16,"message":"Could not authenticate the user","s":"error"}},"timestamp":"2026-05-22 11:03:06,847+0530","service":"FyersAPI"}
{"level":"ERROR","location":"[get_call:165] fyersModel","message":{"API":"/orders","Error":{"code":-16,"message":"Could not authenticate the user","s":"error"}},"timestamp":"2026-05-22 11:03:06,890+0530","service":"FyersAPI"}
{"level":"ERROR","location":"[get_call:165] fyersModel","message":{"API":"/orders","Error":{"code":-16,"message":"Could not authenticate the user","s":"error"}},"timestamp":"2026-05-22 11:03:06,937+0530","service":"FyersAPI"}
{"level":"ERROR","location":"[get_call:165] fyersModel","message":{"API":"/holdings","Error":{"code":-16,"message":"Could not authenticate the user","s":"error"}},"timestamp":"2026-05-22 11:03:06,981+0530","service":"FyersAPI"}
{"level":"ERROR","location":"[get_call:165] fyersModel","message":{"API":"/tradebook","Error":{"code":-16,"message":"Could not authenticate the user","s":"error"}},"timestamp":"2026-05-22 11:03:08,023+0530","service":"FyersAPI"}
{"level":"ERROR","location":"[get_call:165] fyersModel","message":{"API":"/positions","Error":{"code":-16,"message":"Could not authenticate the user","s":"error"}},"timestamp":"2026-05-22 11:03:09,070+0530","service":"FyersAPI"}
{"level":"ERROR","location":"[get_call:165] fyersModel","message":{"API":"/funds","Error":{"code":-16,"message":"Could not authenticate the user","s":"error"}},"timestamp":"2026-05-22 11:03:09,116+0530","service":"FyersAPI"}
{"level":"ERROR","location":"[get_call:165] fyersModel","message":{"API":"/positions","Error":{"code":-16,"message":"Could not authenticate the user","s":"error"}},"timestamp":"2026-05-22 11:03:09,165+0530","service":"FyersAPI"}
{"level":"ERROR","location":"[get_call:165] fyersModel","message":{"API":"/orders","Error":{"code":-16,"message":"Could not authenticate the user","s":"error"}},"timestamp":"2026-05-22 11:03:09,209+0530","service":"FyersAPI"}
{"level":"ERROR","location":"[get_call:165] fyersModel","message":{"API":"/orders","Error":{"code":-16,"message":"Could not authenticate the user","s":"error"}},"timestamp":"2026-05-22 11:03:09,252+0530","service":"FyersAPI"}
{"level":"ERROR","location":"[get_call:165] fyersModel","message":{"API":"/holdings","Error":{"code":-16,"message":"Could not authenticate the user","s":"error"}},"timestamp":"2026-05-22 11:03:09,294+0530","service":"FyersAPI"}
{"level":"ERROR","location":"[get_call:165] fyersModel","message":{"API":"/positions","Error":{"code":-16,"message":"Could not authenticate the user","s":"error"}},"timestamp":"2026-05-22 11:03:09,969+0530","service":"FyersAPI"}
{"level":"ERROR","location":"[get_call:165] fyersModel","message":{"API":"/orders","Error":{"code":-16,"message":"Could not authenticate the user","s":"error"}},"timestamp":"2026-05-22 11:03:10,014+0530","service":"FyersAPI"}
{"level":"ERROR","location":"[get_call:165] fyersModel","message":{"API":"/orders","Error":{"code":-16,"message":"Could not authenticate the user","s":"error"}},"timestamp":"2026-05-22 11:03:10,057+0530","service":"FyersAPI"}
{"level":"ERROR","location":"[get_call:165] fyersModel","message":{"API":"/positions","Error":{"code":-16,"message":"Could not authenticate the user","s":"error"}},"timestamp":"2026-05-23 11:38:51,804+0530","service":"FyersAPI"}
{"level":"ERROR","location":"[get_call:165] fyersModel","message":{"API":"/orders","Error":{"code":-16,"message":"Could not authenticate the user","s":"error"}},"timestamp":"2026-05-23 11:38:51,847+0530","service":"FyersAPI"}
{"level":"ERROR","location":"[get_call:165] fyersModel","message":{"API":"/orders","Error":{"code":-16,"message":"Could not authenticate the user","s":"error"}},"timestamp":"2026-05-23 11:38:51,899+0530","service":"FyersAPI"}
{"level":"ERROR","location":"[get_call:165] fyersModel","message":{"API":"/holdings","Error":{"code":-16,"message":"Could not authenticate the user","s":"error"}},"timestamp":"2026-05-23 11:38:51,945+0530","service":"FyersAPI"}
{"level":"ERROR","location":"[get_call:165] fyersModel","message":{"API":"/tradebook","Error":{"code":-16,"message":"Could not authenticate the user","s":"error"}},"timestamp":"2026-05-23 11:38:52,997+0530","service":"FyersAPI"}
{"level":"ERROR","location":"[get_call:165] fyersModel","message":{"API":"/positions","Error":{"code":-16,"message":"Could not authenticate the user","s":"error"}},"timestamp":"2026-05-23 11:38:54,054+0530","service":"FyersAPI"}
{"level":"ERROR","location":"[get_call:165] fyersModel","message":{"API":"/funds","Error":{"code":-16,"message":"Could not authenticate the user","s":"error"}},"timestamp":"2026-05-23 11:38:54,118+0530","service":"FyersAPI"}
{"level":"ERROR","location":"[get_call:165] fyersModel","message":{"API":"/positions","Error":{"code":-16,"message":"Could not authenticate the user","s":"error"}},"timestamp":"2026-05-23 11:38:57,461+0530","service":"FyersAPI"}
{"level":"ERROR","location":"[get_call:165] fyersModel","message":{"API":"/orders","Error":{"code":-16,"message":"Could not authenticate the user","s":"error"}},"timestamp":"2026-05-23 11:38:57,505+0530","service":"FyersAPI"}
{"level":"ERROR","location":"[get_call:165] fyersModel","message":{"API":"/orders","Error":{"code":-16,"message":"Could not authenticate the user","s":"error"}},"timestamp":"2026-05-23 11:38:57,545+0530","service":"FyersAPI"}
{"level":"ERROR","location":"[get_call:165] fyersModel","message":{"API":"/holdings","Error":{"code":-16,"message":"Could not authenticate the user","s":"error"}},"timestamp":"2026-05-23 11:38:57,612+0530","service":"FyersAPI"}
{"level":"ERROR","location":"[get_call:165] fyersModel","message":{"API":"/history","Error":{"code":-300,"message":"Invalid symbol provided","s":"error"}},"timestamp":"2026-05-25 15:13:54,594+0530","service":"FyersAPI"}
{"level":"ERROR","location":"[get_call:165] fyersModel","message":{"API":"/history","Error":{"code":-300,"message":"Invalid symbol provided","s":"error"}},"timestamp":"2026-05-25 15:13:54,674+0530","service":"FyersAPI"}
{"level":"ERROR","location":"[get_call:165] fyersModel","message":{"API":"/history","Error":{"code":-300,"message":"Invalid symbol provided","s":"error"}},"timestamp":"2026-05-25 15:13:54,768+0530","service":"FyersAPI"}
{"level":"ERROR","location":"[get_call:165] fyersModel","message":{"API":"/history","Error":{"code":-300,"message":"Invalid symbol provided","s":"error"}},"timestamp":"2026-05-25 15:13:54,919+0530","service":"FyersAPI"}
{"level":"ERROR","location":"[get_call:165] fyersModel","message":{"API":"/history","Error":{"code":-300,"message":"Invalid symbol provided","s":"error"}},"timestamp":"2026-05-25 15:13:55,019+0530","service":"FyersAPI"}
{"level":"ERROR","location":"[get_call:165] fyersModel","message":{"API":"/history","Error":{"code":-300,"message":"Invalid symbol provided","s":"error"}},"timestamp":"2026-05-25 15:13:55,117+0530","service":"FyersAPI"}
{"level":"ERROR","location":"[get_call:165] fyersModel","message":{"API":"/history","Error":{"code":-300,"message":"Invalid symbol provided","s":"error"}},"timestamp":"2026-05-25 15:13:55,224+0530","service":"FyersAPI"}
{"level":"ERROR","location":"[get_call:165] fyersModel","message":{"API":"/history","Error":{"code":-300,"message":"Invalid symbol provided","s":"error"}},"timestamp":"2026-05-25 15:13:55,343+0530","service":"FyersAPI"}
{"level":"ERROR","location":"[get_call:165] fyersModel","message":{"API":"/history","Error":{"code":-300,"message":"Invalid symbol provided","s":"error"}},"timestamp":"2026-05-25 15:13:55,438+0530","service":"FyersAPI"}
{"level":"ERROR","location":"[get_call:165] fyersModel","message":{"API":"/history","Error":{"code":-300,"message":"Invalid symbol provided","s":"error"}},"timestamp":"2026-05-25 15:13:55,539+0530","service":"FyersAPI"}
{"level":"ERROR","location":"[get_call:165] fyersModel","message":{"API":"/history","Error":{"code":-300,"message":"Invalid symbol provided","s":"error"}},"timestamp":"2026-05-25 15:13:55,643+0530","service":"FyersAPI"}
{"level":"ERROR","location":"[get_call:165] fyersModel","message":{"API":"/history","Error":{"code":-300,"message":"Invalid symbol provided","s":"error"}},"timestamp":"2026-05-25 15:14:31,992+0530","service":"FyersAPI"}
{"level":"ERROR","location":"[get_call:165] fyersModel","message":{"API":"/history","Error":{"code":-300,"message":"Invalid symbol provided","s":"error"}},"timestamp":"2026-05-25 15:14:32,083+0530","service":"FyersAPI"}
{"level":"ERROR","location":"[get_call:165] fyersModel","message":{"API":"/history","Error":{"code":-300,"message":"Invalid symbol provided","s":"error"}},"timestamp":"2026-05-25 15:14:32,180+0530","service":"FyersAPI"}
{"level":"ERROR","location":"[get_call:165] fyersModel","message":{"API":"/history","Error":{"code":-300,"message":"Invalid symbol provided","s":"error"}},"timestamp":"2026-05-25 15:14:32,260+0530","service":"FyersAPI"}
{"level":"ERROR","location":"[get_call:165] fyersModel","message":{"API":"/history","Error":{"code":-300,"message":"Invalid symbol provided","s":"error"}},"timestamp":"2026-05-25 15:14:32,343+0530","service":"FyersAPI"}
{"level":"ERROR","location":"[get_call:165] fyersModel","message":{"API":"/history","Error":{"code":-300,"message":"Invalid symbol provided","s":"error"}},"timestamp":"2026-05-25 15:14:32,427+0530","service":"FyersAPI"}
{"level":"ERROR","location":"[get_call:165] fyersModel","message":{"API":"/history","Error":{"code":-300,"message":"Invalid symbol provided","s":"error"}},"timestamp":"2026-05-25 15:14:32,565+0530","service":"FyersAPI"}
{"level":"ERROR","location":"[get_call:165] fyersModel","message":{"API":"/history","Error":{"code":-300,"message":"Invalid symbol provided","s":"error"}},"timestamp":"2026-05-25 15:14:32,642+0530","service":"FyersAPI"}
{"level":"ERROR","location":"[get_call:165] fyersModel","message":{"API":"/history","Error":{"code":-300,"message":"Invalid symbol provided","s":"error"}},"timestamp":"2026-05-25 15:14:32,724+0530","service":"FyersAPI"}
{"level":"ERROR","location":"[get_call:165] fyersModel","message":{"API":"/history","Error":{"code":-300,"message":"Invalid symbol provided","s":"error"}},"timestamp":"2026-05-25 15:14:32,813+0530","service":"FyersAPI"}
{"level":"ERROR","location":"[get_call:165] fyersModel","message":{"API":"/history","Error":{"code":-300,"message":"Invalid symbol provided","s":"error"}},"timestamp":"2026-05-25 15:14:32,921+0530","service":"FyersAPI"}
{"level":"ERROR","location":"[get_call:165] fyersModel","message":{"API":"/history","Error":{"code":-300,"message":"Invalid symbol provided","s":"error"}},"timestamp":"2026-05-25 15:14:33,138+0530","service":"FyersAPI"}
{"level":"ERROR","location":"[get_call:165] fyersModel","message":{"API":"/history","Error":{"code":-300,"message":"Invalid symbol provided","s":"error"}},"timestamp":"2026-05-25 15:14:33,218+0530","service":"FyersAPI"}
{"level":"ERROR","location":"[get_call:165] fyersModel","message":{"API":"/history","Error":{"code":-300,"message":"Invalid symbol provided","s":"error"}},"timestamp":"2026-05-25 15:14:33,332+0530","service":"FyersAPI"}
{"level":"ERROR","location":"[get_call:165] fyersModel","message":{"API":"/history","Error":{"code":-300,"message":"Invalid symbol provided","s":"error"}},"timestamp":"2026-05-25 15:14:33,496+0530","service":"FyersAPI"}
{"level":"ERROR","location":"[get_call:165] fyersModel","message":{"API":"/history","Error":{"code":-300,"message":"Invalid symbol provided","s":"error"}},"timestamp":"2026-05-25 15:14:33,584+0530","service":"FyersAPI"}
{"level":"ERROR","location":"[get_call:165] fyersModel","message":{"API":"/history","Error":{"code":-300,"message":"Invalid symbol provided","s":"error"}},"timestamp":"2026-05-25 15:14:33,734+0530","service":"FyersAPI"}
{"level":"ERROR","location":"[get_call:165] fyersModel","message":{"API":"/history","Error":{"code":-300,"message":"Invalid symbol provided","s":"error"}},"timestamp":"2026-05-25 15:14:33,813+0530","service":"FyersAPI"}
{"level":"ERROR","location":"[get_call:165] fyersModel","message":{"API":"/history","Error":{"code":-300,"message":"Invalid symbol provided","s":"error"}},"timestamp":"2026-05-25 15:14:33,934+0530","service":"FyersAPI"}
{"level":"ERROR","location":"[get_call:165] fyersModel","message":{"API":"/history","Error":{"code":-300,"message":"Invalid symbol provided","s":"error"}},"timestamp":"2026-05-25 15:14:34,020+0530","service":"FyersAPI"}
{"level":"ERROR","location":"[get_call:165] fyersModel","message":{"API":"/history","Error":{"code":-300,"message":"Invalid symbol provided","s":"error"}},"timestamp":"2026-05-25 15:14:34,109+0530","service":"FyersAPI"}
{"level":"ERROR","location":"[get_call:165] fyersModel","message":{"API":"/history","Error":{"code":-300,"message":"Invalid symbol provided","s":"error"}},"timestamp":"2026-05-25 15:14:34,196+0530","service":"FyersAPI"}
{"level":"ERROR","location":"[get_call:165] fyersModel","message":{"API":"/history","Error":{"code":-300,"message":"Invalid symbol provided","s":"error"}},"timestamp":"2026-05-25 15:14:34,401+0530","service":"FyersAPI"}
{"level":"ERROR","location":"[get_call:165] fyersModel","message":{"API":"/history","Error":{"code":-300,"message":"Invalid symbol provided","s":"error"}},"timestamp":"2026-05-25 15:14:34,538+0530","service":"FyersAPI"}
{"level":"ERROR","location":"[get_call:165] fyersModel","message":{"API":"/history","Error":{"code":-300,"message":"Invalid symbol provided","s":"error"}},"timestamp":"2026-05-25 15:14:34,619+0530","service":"FyersAPI"}
{"level":"ERROR","location":"[get_call:165] fyersModel","message":{"API":"/history","Error":{"code":-300,"message":"Invalid symbol provided","s":"error"}},"timestamp":"2026-05-25 15:14:34,725+0530","service":"FyersAPI"}
{"level":"ERROR","location":"[get_call:165] fyersModel","message":{"API":"/history","Error":{"code":-300,"message":"Invalid symbol provided","s":"error"}},"timestamp":"2026-05-25 15:14:34,805+0530","service":"FyersAPI"}
{"level":"ERROR","location":"[get_call:165] fyersModel","message":{"API":"/history","Error":{"code":-300,"message":"Invalid symbol provided","s":"error"}},"timestamp":"2026-05-25 15:14:34,922+0530","service":"FyersAPI"}
{"level":"ERROR","location":"[get_call:165] fyersModel","message":{"API":"/history","Error":{"code":-300,"message":"Invalid symbol provided","s":"error"}},"timestamp":"2026-05-25 15:14:35,032+0530","service":"FyersAPI"}
{"level":"ERROR","location":"[get_call:165] fyersModel","message":{"API":"/history","Error":{"code":-300,"message":"Invalid symbol provided","s":"error"}},"timestamp":"2026-05-25 15:14:35,128+0530","service":"FyersAPI"}
{"level":"ERROR","location":"[get_call:165] fyersModel","message":{"API":"/history","Error":{"code":-300,"message":"Invalid symbol provided","s":"error"}},"timestamp":"2026-05-25 15:14:35,244+0530","service":"FyersAPI"}
{"level":"ERROR","location":"[get_call:165] fyersModel","message":{"API":"/history","Error":{"code":-300,"message":"Invalid symbol provided","s":"error"}},"timestamp":"2026-05-25 15:14:35,372+0530","service":"FyersAPI"}
{"level":"ERROR","location":"[get_call:165] fyersModel","message":{"API":"/history","Error":{"code":429,"message":"request limit reached","s":"error"}},"timestamp":"2026-05-25 15:14:35,459+0530","service":"FyersAPI"}
{"level":"ERROR","location":"[get_call:165] fyersModel","message":{"API":"/history","Error":{"code":429,"message":"request limit reached","s":"error"}},"timestamp":"2026-05-25 15:14:36,553+0530","service":"FyersAPI"}
{"level":"ERROR","location":"[get_call:165] fyersModel","message":{"API":"/history","Error":{"code":429,"message":"request limit reached","s":"error"}},"timestamp":"2026-05-25 15:14:38,644+0530","service":"FyersAPI"}
{"level":"ERROR","location":"[get_call:165] fyersModel","message":{"API":"/history","Error":{"code":-300,"message":"Invalid symbol provided","s":"error"}},"timestamp":"2026-05-25 15:14:42,747+0530","service":"FyersAPI"}
{"level":"ERROR","location":"[get_call:165] fyersModel","message":{"API":"/positions","Error":{"code":-16,"message":"Could not authenticate the user","s":"error"}},"timestamp":"2026-05-26 09:49:24,530+0530","service":"FyersAPI"}
{"level":"ERROR","location":"[get_call:165] fyersModel","message":{"API":"/orders","Error":{"code":-16,"message":"Could not authenticate the user","s":"error"}},"timestamp":"2026-05-26 09:49:24,584+0530","service":"FyersAPI"}
{"level":"ERROR","location":"[get_call:165] fyersModel","message":{"API":"/orders","Error":{"code":-16,"message":"Could not authenticate the user","s":"error"}},"timestamp":"2026-05-26 09:49:24,641+0530","service":"FyersAPI"}
{"level":"ERROR","location":"[get_call:165] fyersModel","message":{"API":"/holdings","Error":{"code":-16,"message":"Could not authenticate the user","s":"error"}},"timestamp":"2026-05-26 09:49:24,689+0530","service":"FyersAPI"}
{"level":"ERROR","location":"[get_call:165] fyersModel","message":{"API":"/tradebook","Error":{"code":-16,"message":"Could not authenticate the user","s":"error"}},"timestamp":"2026-05-26 09:49:25,235+0530","service":"FyersAPI"}
{"level":"ERROR","location":"[get_call:165] fyersModel","message":{"API":"/funds","Error":{"code":-16,"message":"Could not authenticate the user","s":"error"}},"timestamp":"2026-05-26 09:49:25,811+0530","service":"FyersAPI"}
{"level":"ERROR","location":"[get_call:165] fyersModel","message":{"API":"/positions","Error":{"code":-16,"message":"Could not authenticate the user","s":"error"}},"timestamp":"2026-05-26 09:49:25,855+0530","service":"FyersAPI"}
{"level":"ERROR","location":"[get_call:165] fyersModel","message":{"API":"/orders","Error":{"code":-16,"message":"Could not authenticate the user","s":"error"}},"timestamp":"2026-05-26 09:49:25,918+0530","service":"FyersAPI"}
{"level":"ERROR","location":"[get_call:165] fyersModel","message":{"API":"/orders","Error":{"code":-16,"message":"Could not authenticate the user","s":"error"}},"timestamp":"2026-05-26 09:49:25,964+0530","service":"FyersAPI"}
{"level":"ERROR","location":"[get_call:165] fyersModel","message":{"API":"/holdings","Error":{"code":-16,"message":"Could not authenticate the user","s":"error"}},"timestamp":"2026-05-26 09:49:26,010+0530","service":"FyersAPI"}
{"level":"ERROR","location":"[get_call:165] fyersModel","message":{"API":"/tradebook","Error":{"code":-16,"message":"Could not authenticate the user","s":"error"}},"timestamp":"2026-05-26 09:49:26,572+0530","service":"FyersAPI"}
{"level":"ERROR","location":"[get_call:165] fyersModel","message":{"API":"/funds","Error":{"code":-16,"message":"Could not authenticate the user","s":"error"}},"timestamp":"2026-05-26 09:49:27,141+0530","service":"FyersAPI"}
{"level":"ERROR","location":"[get_call:165] fyersModel","message":{"API":"/positions","Error":{"code":-16,"message":"Could not authenticate the user","s":"error"}},"timestamp":"2026-05-26 09:49:29,926+0530","service":"FyersAPI"}
{"level":"ERROR","location":"[get_call:165] fyersModel","message":{"API":"/orders","Error":{"code":-16,"message":"Could not authenticate the user","s":"error"}},"timestamp":"2026-05-26 09:49:29,971+0530","service":"FyersAPI"}
{"level":"ERROR","location":"[get_call:165] fyersModel","message":{"API":"/orders","Error":{"code":-16,"message":"Could not authenticate the user","s":"error"}},"timestamp":"2026-05-26 09:49:30,014+0530","service":"FyersAPI"}
{"level":"ERROR","location":"[get_call:165] fyersModel","message":{"API":"/holdings","Error":{"code":-16,"message":"Could not authenticate the user","s":"error"}},"timestamp":"2026-05-26 09:49:30,061+0530","service":"FyersAPI"}
{"level":"ERROR","location":"[get_call:165] fyersModel","message":{"API":"/history","Error":{"code":-300,"message":"Invalid symbol provided","s":"error"}},"timestamp":"2026-05-27 15:14:00,799+0530","service":"FyersAPI"}
{"level":"ERROR","location":"[get_call:165] fyersModel","message":{"API":"/history","Error":{"code":-300,"message":"Invalid symbol provided","s":"error"}},"timestamp":"2026-05-27 15:14:00,886+0530","service":"FyersAPI"}
{"level":"ERROR","location":"[get_call:165] fyersModel","message":{"API":"/history","Error":{"code":-300,"message":"Invalid symbol provided","s":"error"}},"timestamp":"2026-05-27 15:14:01,004+0530","service":"FyersAPI"}
{"level":"ERROR","location":"[get_call:165] fyersModel","message":{"API":"/history","Error":{"code":-300,"message":"Invalid symbol provided","s":"error"}},"timestamp":"2026-05-27 15:14:01,106+0530","service":"FyersAPI"}
{"level":"ERROR","location":"[get_call:165] fyersModel","message":{"API":"/history","Error":{"code":-300,"message":"Invalid symbol provided","s":"error"}},"timestamp":"2026-05-27 15:14:01,212+0530","service":"FyersAPI"}
{"level":"ERROR","location":"[get_call:165] fyersModel","message":{"API":"/history","Error":{"code":-300,"message":"Invalid symbol provided","s":"error"}},"timestamp":"2026-05-27 15:14:01,307+0530","service":"FyersAPI"}
{"level":"ERROR","location":"[get_call:165] fyersModel","message":{"API":"/history","Error":{"code":-300,"message":"Invalid symbol provided","s":"error"}},"timestamp":"2026-05-27 15:14:01,402+0530","service":"FyersAPI"}
{"level":"ERROR","location":"[get_call:165] fyersModel","message":{"API":"/history","Error":{"code":-300,"message":"Invalid symbol provided","s":"error"}},"timestamp":"2026-05-27 15:14:01,528+0530","service":"FyersAPI"}
{"level":"ERROR","location":"[get_call:165] fyersModel","message":{"API":"/history","Error":{"code":-300,"message":"Invalid symbol provided","s":"error"}},"timestamp":"2026-05-27 15:14:01,627+0530","service":"FyersAPI"}
{"level":"ERROR","location":"[get_call:165] fyersModel","message":{"API":"/history","Error":{"code":-300,"message":"Invalid symbol provided","s":"error"}},"timestamp":"2026-05-27 15:14:01,739+0530","service":"FyersAPI"}
{"level":"ERROR","location":"[get_call:165] fyersModel","message":{"API":"/history","Error":{"code":-300,"message":"Invalid symbol provided","s":"error"}},"timestamp":"2026-05-27 15:14:01,832+0530","service":"FyersAPI"}
{"level":"ERROR","location":"[get_call:165] fyersModel","message":{"API":"/history","Error":{"code":-300,"message":"Invalid symbol provided","s":"error"}},"timestamp":"2026-05-27 15:14:34,127+0530","service":"FyersAPI"}
{"level":"ERROR","location":"[get_call:165] fyersModel","message":{"API":"/history","Error":{"code":-300,"message":"Invalid symbol provided","s":"error"}},"timestamp":"2026-05-27 15:14:34,216+0530","service":"FyersAPI"}
{"level":"ERROR","location":"[get_call:165] fyersModel","message":{"API":"/history","Error":{"code":-300,"message":"Invalid symbol provided","s":"error"}},"timestamp":"2026-05-27 15:14:34,295+0530","service":"FyersAPI"}
{"level":"ERROR","location":"[get_call:165] fyersModel","message":{"API":"/history","Error":{"code":-300,"message":"Invalid symbol provided","s":"error"}},"timestamp":"2026-05-27 15:14:34,381+0530","service":"FyersAPI"}
{"level":"ERROR","location":"[get_call:165] fyersModel","message":{"API":"/history","Error":{"code":-300,"message":"Invalid symbol provided","s":"error"}},"timestamp":"2026-05-27 15:14:34,467+0530","service":"FyersAPI"}
{"level":"ERROR","location":"[get_call:165] fyersModel","message":{"API":"/history","Error":{"code":-300,"message":"Invalid symbol provided","s":"error"}},"timestamp":"2026-05-27 15:14:34,554+0530","service":"FyersAPI"}
{"level":"ERROR","location":"[get_call:165] fyersModel","message":{"API":"/history","Error":{"code":-300,"message":"Invalid symbol provided","s":"error"}},"timestamp":"2026-05-27 15:14:34,648+0530","service":"FyersAPI"}
{"level":"ERROR","location":"[get_call:165] fyersModel","message":{"API":"/history","Error":{"code":-300,"message":"Invalid symbol provided","s":"error"}},"timestamp":"2026-05-27 15:14:34,756+0530","service":"FyersAPI"}
{"level":"ERROR","location":"[get_call:165] fyersModel","message":{"API":"/history","Error":{"code":-300,"message":"Invalid symbol provided","s":"error"}},"timestamp":"2026-05-27 15:14:34,844+0530","service":"FyersAPI"}
{"level":"ERROR","location":"[get_call:165] fyersModel","message":{"API":"/history","Error":{"code":-300,"message":"Invalid symbol provided","s":"error"}},"timestamp":"2026-05-27 15:14:34,938+0530","service":"FyersAPI"}
{"level":"ERROR","location":"[get_call:165] fyersModel","message":{"API":"/history","Error":{"code":-300,"message":"Invalid symbol provided","s":"error"}},"timestamp":"2026-05-27 15:14:35,039+0530","service":"FyersAPI"}
{"level":"ERROR","location":"[get_call:165] fyersModel","message":{"API":"/history","Error":{"code":-300,"message":"Invalid symbol provided","s":"error"}},"timestamp":"2026-05-27 15:14:35,268+0530","service":"FyersAPI"}
{"level":"ERROR","location":"[get_call:165] fyersModel","message":{"API":"/history","Error":{"code":-300,"message":"Invalid symbol provided","s":"error"}},"timestamp":"2026-05-27 15:14:35,371+0530","service":"FyersAPI"}
{"level":"ERROR","location":"[get_call:165] fyersModel","message":{"API":"/history","Error":{"code":-300,"message":"Invalid symbol provided","s":"error"}},"timestamp":"2026-05-27 15:14:35,524+0530","service":"FyersAPI"}
{"level":"ERROR","location":"[get_call:165] fyersModel","message":{"API":"/history","Error":{"code":-300,"message":"Invalid symbol provided","s":"error"}},"timestamp":"2026-05-27 15:14:35,613+0530","service":"FyersAPI"}
{"level":"ERROR","location":"[get_call:165] fyersModel","message":{"API":"/history","Error":{"code":-300,"message":"Invalid symbol provided","s":"error"}},"timestamp":"2026-05-27 15:14:35,698+0530","service":"FyersAPI"}
{"level":"ERROR","location":"[get_call:165] fyersModel","message":{"API":"/history","Error":{"code":-300,"message":"Invalid symbol provided","s":"error"}},"timestamp":"2026-05-27 15:14:35,803+0530","service":"FyersAPI"}
{"level":"ERROR","location":"[get_call:165] fyersModel","message":{"API":"/history","Error":{"code":-300,"message":"Invalid symbol provided","s":"error"}},"timestamp":"2026-05-27 15:14:35,895+0530","service":"FyersAPI"}
{"level":"ERROR","location":"[get_call:165] fyersModel","message":{"API":"/history","Error":{"code":-300,"message":"Invalid symbol provided","s":"error"}},"timestamp":"2026-05-27 15:14:36,016+0530","service":"FyersAPI"}
{"level":"ERROR","location":"[get_call:165] fyersModel","message":{"API":"/history","Error":{"code":-300,"message":"Invalid symbol provided","s":"error"}},"timestamp":"2026-05-27 15:14:36,138+0530","service":"FyersAPI"}
{"level":"ERROR","location":"[get_call:165] fyersModel","message":{"API":"/history","Error":{"code":-300,"message":"Invalid symbol provided","s":"error"}},"timestamp":"2026-05-27 15:14:36,223+0530","service":"FyersAPI"}
{"level":"ERROR","location":"[get_call:165] fyersModel","message":{"API":"/history","Error":{"code":-300,"message":"Invalid symbol provided","s":"error"}},"timestamp":"2026-05-27 15:14:36,318+0530","service":"FyersAPI"}
{"level":"ERROR","location":"[get_call:165] fyersModel","message":{"API":"/history","Error":{"code":-300,"message":"Invalid symbol provided","s":"error"}},"timestamp":"2026-05-27 15:14:36,524+0530","service":"FyersAPI"}
{"level":"ERROR","location":"[get_call:165] fyersModel","message":{"API":"/history","Error":{"code":-300,"message":"Invalid symbol provided","s":"error"}},"timestamp":"2026-05-27 15:14:36,619+0530","service":"FyersAPI"}
{"level":"ERROR","location":"[get_call:165] fyersModel","message":{"API":"/history","Error":{"code":-300,"message":"Invalid symbol provided","s":"error"}},"timestamp":"2026-05-27 15:14:36,715+0530","service":"FyersAPI"}
{"level":"ERROR","location":"[get_call:165] fyersModel","message":{"API":"/history","Error":{"code":-300,"message":"Invalid symbol provided","s":"error"}},"timestamp":"2026-05-27 15:14:36,845+0530","service":"FyersAPI"}
{"level":"ERROR","location":"[get_call:165] fyersModel","message":{"API":"/history","Error":{"code":-300,"message":"Invalid symbol provided","s":"error"}},"timestamp":"2026-05-27 15:14:36,937+0530","service":"FyersAPI"}
{"level":"ERROR","location":"[get_call:165] fyersModel","message":{"API":"/history","Error":{"code":-300,"message":"Invalid symbol provided","s":"error"}},"timestamp":"2026-05-27 15:14:37,041+0530","service":"FyersAPI"}
{"level":"ERROR","location":"[get_call:165] fyersModel","message":{"API":"/history","Error":{"code":-300,"message":"Invalid symbol provided","s":"error"}},"timestamp":"2026-05-27 15:14:37,131+0530","service":"FyersAPI"}
{"level":"ERROR","location":"[get_call:165] fyersModel","message":{"API":"/history","Error":{"code":-300,"message":"Invalid symbol provided","s":"error"}},"timestamp":"2026-05-27 15:14:37,251+0530","service":"FyersAPI"}
{"level":"ERROR","location":"[get_call:165] fyersModel","message":{"API":"/history","Error":{"code":-300,"message":"Invalid symbol provided","s":"error"}},"timestamp":"2026-05-27 15:14:37,339+0530","service":"FyersAPI"}
{"level":"ERROR","location":"[get_call:165] fyersModel","message":{"API":"/history","Error":{"code":-300,"message":"Invalid symbol provided","s":"error"}},"timestamp":"2026-05-27 15:14:37,450+0530","service":"FyersAPI"}
{"level":"ERROR","location":"[get_call:165] fyersModel","message":{"API":"/history","Error":{"code":429,"message":"request limit reached","s":"error"}},"timestamp":"2026-05-27 15:14:37,531+0530","service":"FyersAPI"}
{"level":"ERROR","location":"[get_call:165] fyersModel","message":{"API":"/history","Error":{"code":429,"message":"request limit reached","s":"error"}},"timestamp":"2026-05-27 15:14:38,650+0530","service":"FyersAPI"}
{"level":"ERROR","location":"[get_call:165] fyersModel","message":{"API":"/history","Error":{"code":429,"message":"request limit reached","s":"error"}},"timestamp":"2026-05-27 15:14:40,744+0530","service":"FyersAPI"}
{"level":"ERROR","location":"[get_call:165] fyersModel","message":{"API":"/history","Error":{"code":429,"message":"request limit reached","s":"error"}},"timestamp":"2026-05-27 15:14:44,821+0530","service":"FyersAPI"}
{"level":"ERROR","location":"[get_call:165] fyersModel","message":{"API":"/history","Error":{"code":-300,"message":"Invalid symbol provided","s":"error"}},"timestamp":"2026-05-27 15:14:52,927+0530","service":"FyersAPI"}
{"level":"ERROR","location":"[get_call:165] fyersModel","message":{"API":"/history","Error":{"code":-300,"message":"Invalid symbol provided","s":"error"}},"timestamp":"2026-06-04 15:14:42,579+0530","service":"FyersAPI"}
{"level":"ERROR","location":"[get_call:165] fyersModel","message":{"API":"/history","Error":{"code":-300,"message":"Invalid symbol provided","s":"error"}},"timestamp":"2026-06-04 15:14:42,680+0530","service":"FyersAPI"}
{"level":"ERROR","location":"[get_call:165] fyersModel","message":{"API":"/history","Error":{"code":-300,"message":"Invalid symbol provided","s":"error"}},"timestamp":"2026-06-04 15:14:42,782+0530","service":"FyersAPI"}
{"level":"ERROR","location":"[get_call:165] fyersModel","message":{"API":"/history","Error":{"code":-300,"message":"Invalid symbol provided","s":"error"}},"timestamp":"2026-06-04 15:14:42,882+0530","service":"FyersAPI"}
{"level":"ERROR","location":"[get_call:165] fyersModel","message":{"API":"/history","Error":{"code":-300,"message":"Invalid symbol provided","s":"error"}},"timestamp":"2026-06-04 15:14:42,981+0530","service":"FyersAPI"}
{"level":"ERROR","location":"[get_call:165] fyersModel","message":{"API":"/history","Error":{"code":-300,"message":"Invalid symbol provided","s":"error"}},"timestamp":"2026-06-04 15:14:43,072+0530","service":"FyersAPI"}
{"level":"ERROR","location":"[get_call:165] fyersModel","message":{"API":"/history","Error":{"code":-300,"message":"Invalid symbol provided","s":"error"}},"timestamp":"2026-06-04 15:14:43,177+0530","service":"FyersAPI"}
{"level":"ERROR","location":"[get_call:165] fyersModel","message":{"API":"/history","Error":{"code":-300,"message":"Invalid symbol provided","s":"error"}},"timestamp":"2026-06-04 15:14:43,279+0530","service":"FyersAPI"}
{"level":"ERROR","location":"[get_call:165] fyersModel","message":{"API":"/history","Error":{"code":-300,"message":"Invalid symbol provided","s":"error"}},"timestamp":"2026-06-04 15:14:43,375+0530","service":"FyersAPI"}
{"level":"ERROR","location":"[get_call:165] fyersModel","message":{"API":"/history","Error":{"code":-300,"message":"Invalid symbol provided","s":"error"}},"timestamp":"2026-06-04 15:14:43,481+0530","service":"FyersAPI"}
{"level":"ERROR","location":"[get_call:165] fyersModel","message":{"API":"/history","Error":{"code":-300,"message":"Invalid symbol provided","s":"error"}},"timestamp":"2026-06-04 15:14:43,573+0530","service":"FyersAPI"}
{"level":"ERROR","location":"[get_call:165] fyersModel","message":{"API":"/history","Error":{"code":-300,"message":"Invalid symbol provided","s":"error"}},"timestamp":"2026-06-04 15:15:22,558+0530","service":"FyersAPI"}
{"level":"ERROR","location":"[get_call:165] fyersModel","message":{"API":"/history","Error":{"code":-300,"message":"Invalid symbol provided","s":"error"}},"timestamp":"2026-06-04 15:15:22,639+0530","service":"FyersAPI"}
{"level":"ERROR","location":"[get_call:165] fyersModel","message":{"API":"/history","Error":{"code":-300,"message":"Invalid symbol provided","s":"error"}},"timestamp":"2026-06-04 15:15:22,724+0530","service":"FyersAPI"}
{"level":"ERROR","location":"[get_call:165] fyersModel","message":{"API":"/history","Error":{"code":-300,"message":"Invalid symbol provided","s":"error"}},"timestamp":"2026-06-04 15:15:22,807+0530","service":"FyersAPI"}
{"level":"ERROR","location":"[get_call:165] fyersModel","message":{"API":"/history","Error":{"code":-300,"message":"Invalid symbol provided","s":"error"}},"timestamp":"2026-06-04 15:15:22,889+0530","service":"FyersAPI"}
{"level":"ERROR","location":"[get_call:165] fyersModel","message":{"API":"/history","Error":{"code":-300,"message":"Invalid symbol provided","s":"error"}},"timestamp":"2026-06-04 15:15:22,976+0530","service":"FyersAPI"}
{"level":"ERROR","location":"[get_call:165] fyersModel","message":{"API":"/history","Error":{"code":-300,"message":"Invalid symbol provided","s":"error"}},"timestamp":"2026-06-04 15:15:23,073+0530","service":"FyersAPI"}
{"level":"ERROR","location":"[get_call:165] fyersModel","message":{"API":"/history","Error":{"code":-300,"message":"Invalid symbol provided","s":"error"}},"timestamp":"2026-06-04 15:15:23,215+0530","service":"FyersAPI"}
{"level":"ERROR","location":"[get_call:165] fyersModel","message":{"API":"/history","Error":{"code":-300,"message":"Invalid symbol provided","s":"error"}},"timestamp":"2026-06-04 15:15:23,318+0530","service":"FyersAPI"}
{"level":"ERROR","location":"[get_call:165] fyersModel","message":{"API":"/history","Error":{"code":-300,"message":"Invalid symbol provided","s":"error"}},"timestamp":"2026-06-04 15:15:23,406+0530","service":"FyersAPI"}
{"level":"ERROR","location":"[get_call:165] fyersModel","message":{"API":"/history","Error":{"code":-300,"message":"Invalid symbol provided","s":"error"}},"timestamp":"2026-06-04 15:15:23,497+0530","service":"FyersAPI"}
{"level":"ERROR","location":"[get_call:165] fyersModel","message":{"API":"/history","Error":{"code":-300,"message":"Invalid symbol provided","s":"error"}},"timestamp":"2026-06-04 15:15:23,704+0530","service":"FyersAPI"}
{"level":"ERROR","location":"[get_call:165] fyersModel","message":{"API":"/history","Error":{"code":-300,"message":"Invalid symbol provided","s":"error"}},"timestamp":"2026-06-04 15:15:23,791+0530","service":"FyersAPI"}
{"level":"ERROR","location":"[get_call:165] fyersModel","message":{"API":"/history","Error":{"code":-300,"message":"Invalid symbol provided","s":"error"}},"timestamp":"2026-06-04 15:15:23,886+0530","service":"FyersAPI"}
{"level":"ERROR","location":"[get_call:165] fyersModel","message":{"API":"/history","Error":{"code":-300,"message":"Invalid symbol provided","s":"error"}},"timestamp":"2026-06-04 15:15:23,978+0530","service":"FyersAPI"}
{"level":"ERROR","location":"[get_call:165] fyersModel","message":{"API":"/history","Error":{"code":-300,"message":"Invalid symbol provided","s":"error"}},"timestamp":"2026-06-04 15:15:24,077+0530","service":"FyersAPI"}
{"level":"ERROR","location":"[get_call:165] fyersModel","message":{"API":"/history","Error":{"code":-300,"message":"Invalid symbol provided","s":"error"}},"timestamp":"2026-06-04 15:15:24,186+0530","service":"FyersAPI"}
{"level":"ERROR","location":"[get_call:165] fyersModel","message":{"API":"/history","Error":{"code":-300,"message":"Invalid symbol provided","s":"error"}},"timestamp":"2026-06-04 15:15:24,272+0530","service":"FyersAPI"}
{"level":"ERROR","location":"[get_call:165] fyersModel","message":{"API":"/history","Error":{"code":-300,"message":"Invalid symbol provided","s":"error"}},"timestamp":"2026-06-04 15:15:24,351+0530","service":"FyersAPI"}
{"level":"ERROR","location":"[get_call:165] fyersModel","message":{"API":"/history","Error":{"code":-300,"message":"Invalid symbol provided","s":"error"}},"timestamp":"2026-06-04 15:15:24,429+0530","service":"FyersAPI"}
{"level":"ERROR","location":"[get_call:165] fyersModel","message":{"API":"/history","Error":{"code":-300,"message":"Invalid symbol provided","s":"error"}},"timestamp":"2026-06-04 15:15:24,527+0530","service":"FyersAPI"}
{"level":"ERROR","location":"[get_call:165] fyersModel","message":{"API":"/history","Error":{"code":-300,"message":"Invalid symbol provided","s":"error"}},"timestamp":"2026-06-04 15:15:24,620+0530","service":"FyersAPI"}
{"level":"ERROR","location":"[get_call:165] fyersModel","message":{"API":"/history","Error":{"code":-300,"message":"Invalid symbol provided","s":"error"}},"timestamp":"2026-06-04 15:15:24,854+0530","service":"FyersAPI"}
{"level":"ERROR","location":"[get_call:165] fyersModel","message":{"API":"/history","Error":{"code":-300,"message":"Invalid symbol provided","s":"error"}},"timestamp":"2026-06-04 15:15:24,935+0530","service":"FyersAPI"}
{"level":"ERROR","location":"[get_call:165] fyersModel","message":{"API":"/history","Error":{"code":-300,"message":"Invalid symbol provided","s":"error"}},"timestamp":"2026-06-04 15:15:25,018+0530","service":"FyersAPI"}
{"level":"ERROR","location":"[get_call:165] fyersModel","message":{"API":"/history","Error":{"code":-300,"message":"Invalid symbol provided","s":"error"}},"timestamp":"2026-06-04 15:15:25,122+0530","service":"FyersAPI"}
{"level":"ERROR","location":"[get_call:165] fyersModel","message":{"API":"/history","Error":{"code":-300,"message":"Invalid symbol provided","s":"error"}},"timestamp":"2026-06-04 15:15:25,201+0530","service":"FyersAPI"}
{"level":"ERROR","location":"[get_call:165] fyersModel","message":{"API":"/history","Error":{"code":-300,"message":"Invalid symbol provided","s":"error"}},"timestamp":"2026-06-04 15:15:25,295+0530","service":"FyersAPI"}
{"level":"ERROR","location":"[get_call:165] fyersModel","message":{"API":"/history","Error":{"code":-300,"message":"Invalid symbol provided","s":"error"}},"timestamp":"2026-06-04 15:15:25,385+0530","service":"FyersAPI"}
{"level":"ERROR","location":"[get_call:165] fyersModel","message":{"API":"/history","Error":{"code":-300,"message":"Invalid symbol provided","s":"error"}},"timestamp":"2026-06-04 15:15:25,471+0530","service":"FyersAPI"}
{"level":"ERROR","location":"[get_call:165] fyersModel","message":{"API":"/history","Error":{"code":-300,"message":"Invalid symbol provided","s":"error"}},"timestamp":"2026-06-04 15:15:25,557+0530","service":"FyersAPI"}
{"level":"ERROR","location":"[get_call:165] fyersModel","message":{"API":"/history","Error":{"code":-300,"message":"Invalid symbol provided","s":"error"}},"timestamp":"2026-06-04 15:15:25,660+0530","service":"FyersAPI"}
{"level":"ERROR","location":"[get_call:165] fyersModel","message":{"API":"/history","Error":{"code":429,"message":"request limit reached","s":"error"}},"timestamp":"2026-06-04 15:15:25,740+0530","service":"FyersAPI"}
{"level":"ERROR","location":"[get_call:165] fyersModel","message":{"API":"/history","Error":{"code":429,"message":"request limit reached","s":"error"}},"timestamp":"2026-06-04 15:15:26,835+0530","service":"FyersAPI"}
{"level":"ERROR","location":"[get_call:165] fyersModel","message":{"API":"/history","Error":{"code":-300,"message":"Invalid symbol provided","s":"error"}},"timestamp":"2026-06-04 15:15:28,950+0530","service":"FyersAPI"}
{"level":"ERROR","location":"[get_call:165] fyersModel","message":{"API":"/history","Error":{"code":-300,"message":"Invalid symbol provided","s":"error"}},"timestamp":"2026-06-05 15:14:55,685+0530","service":"FyersAPI"}
{"level":"ERROR","location":"[get_call:165] fyersModel","message":{"API":"/history","Error":{"code":-300,"message":"Invalid symbol provided","s":"error"}},"timestamp":"2026-06-05 15:14:55,778+0530","service":"FyersAPI"}
{"level":"ERROR","location":"[get_call:165] fyersModel","message":{"API":"/history","Error":{"code":-300,"message":"Invalid symbol provided","s":"error"}},"timestamp":"2026-06-05 15:14:55,884+0530","service":"FyersAPI"}
{"level":"ERROR","location":"[get_call:165] fyersModel","message":{"API":"/history","Error":{"code":-300,"message":"Invalid symbol provided","s":"error"}},"timestamp":"2026-06-05 15:14:55,983+0530","service":"FyersAPI"}
{"level":"ERROR","location":"[get_call:165] fyersModel","message":{"API":"/history","Error":{"code":-300,"message":"Invalid symbol provided","s":"error"}},"timestamp":"2026-06-05 15:14:56,071+0530","service":"FyersAPI"}
{"level":"ERROR","location":"[get_call:165] fyersModel","message":{"API":"/history","Error":{"code":-300,"message":"Invalid symbol provided","s":"error"}},"timestamp":"2026-06-05 15:14:56,167+0530","service":"FyersAPI"}
{"level":"ERROR","location":"[get_call:165] fyersModel","message":{"API":"/history","Error":{"code":-300,"message":"Invalid symbol provided","s":"error"}},"timestamp":"2026-06-05 15:14:56,261+0530","service":"FyersAPI"}
{"level":"ERROR","location":"[get_call:165] fyersModel","message":{"API":"/history","Error":{"code":-300,"message":"Invalid symbol provided","s":"error"}},"timestamp":"2026-06-05 15:14:56,352+0530","service":"FyersAPI"}
{"level":"ERROR","location":"[get_call:165] fyersModel","message":{"API":"/history","Error":{"code":-300,"message":"Invalid symbol provided","s":"error"}},"timestamp":"2026-06-05 15:14:56,443+0530","service":"FyersAPI"}
{"level":"ERROR","location":"[get_call:165] fyersModel","message":{"API":"/history","Error":{"code":-300,"message":"Invalid symbol provided","s":"error"}},"timestamp":"2026-06-05 15:14:56,539+0530","service":"FyersAPI"}
{"level":"ERROR","location":"[get_call:165] fyersModel","message":{"API":"/history","Error":{"code":-300,"message":"Invalid symbol provided","s":"error"}},"timestamp":"2026-06-05 15:14:56,627+0530","service":"FyersAPI"}
{"level":"ERROR","location":"[get_call:165] fyersModel","message":{"API":"/history","Error":{"code":-300,"message":"Invalid symbol provided","s":"error"}},"timestamp":"2026-06-05 15:15:29,912+0530","service":"FyersAPI"}
{"level":"ERROR","location":"[get_call:165] fyersModel","message":{"API":"/history","Error":{"code":-300,"message":"Invalid symbol provided","s":"error"}},"timestamp":"2026-06-05 15:15:29,998+0530","service":"FyersAPI"}
{"level":"ERROR","location":"[get_call:165] fyersModel","message":{"API":"/history","Error":{"code":-300,"message":"Invalid symbol provided","s":"error"}},"timestamp":"2026-06-05 15:15:30,094+0530","service":"FyersAPI"}
{"level":"ERROR","location":"[get_call:165] fyersModel","message":{"API":"/history","Error":{"code":-300,"message":"Invalid symbol provided","s":"error"}},"timestamp":"2026-06-05 15:15:30,183+0530","service":"FyersAPI"}
{"level":"ERROR","location":"[get_call:165] fyersModel","message":{"API":"/history","Error":{"code":-300,"message":"Invalid symbol provided","s":"error"}},"timestamp":"2026-06-05 15:15:30,277+0530","service":"FyersAPI"}
{"level":"ERROR","location":"[get_call:165] fyersModel","message":{"API":"/history","Error":{"code":-300,"message":"Invalid symbol provided","s":"error"}},"timestamp":"2026-06-05 15:15:30,387+0530","service":"FyersAPI"}
{"level":"ERROR","location":"[get_call:165] fyersModel","message":{"API":"/history","Error":{"code":-300,"message":"Invalid symbol provided","s":"error"}},"timestamp":"2026-06-05 15:15:30,592+0530","service":"FyersAPI"}
{"level":"ERROR","location":"[get_call:165] fyersModel","message":{"API":"/history","Error":{"code":-300,"message":"Invalid symbol provided","s":"error"}},"timestamp":"2026-06-05 15:15:30,685+0530","service":"FyersAPI"}
{"level":"ERROR","location":"[get_call:165] fyersModel","message":{"API":"/history","Error":{"code":-300,"message":"Invalid symbol provided","s":"error"}},"timestamp":"2026-06-05 15:15:30,774+0530","service":"FyersAPI"}
{"level":"ERROR","location":"[get_call:165] fyersModel","message":{"API":"/history","Error":{"code":-300,"message":"Invalid symbol provided","s":"error"}},"timestamp":"2026-06-05 15:15:30,876+0530","service":"FyersAPI"}
{"level":"ERROR","location":"[get_call:165] fyersModel","message":{"API":"/history","Error":{"code":-300,"message":"Invalid symbol provided","s":"error"}},"timestamp":"2026-06-05 15:15:30,969+0530","service":"FyersAPI"}
{"level":"ERROR","location":"[get_call:165] fyersModel","message":{"API":"/history","Error":{"code":-300,"message":"Invalid symbol provided","s":"error"}},"timestamp":"2026-06-05 15:15:31,209+0530","service":"FyersAPI"}
{"level":"ERROR","location":"[get_call:165] fyersModel","message":{"API":"/history","Error":{"code":-300,"message":"Invalid symbol provided","s":"error"}},"timestamp":"2026-06-05 15:15:31,315+0530","service":"FyersAPI"}
{"level":"ERROR","location":"[get_call:165] fyersModel","message":{"API":"/history","Error":{"code":-300,"message":"Invalid symbol provided","s":"error"}},"timestamp":"2026-06-05 15:15:31,404+0530","service":"FyersAPI"}
{"level":"ERROR","location":"[get_call:165] fyersModel","message":{"API":"/history","Error":{"code":-300,"message":"Invalid symbol provided","s":"error"}},"timestamp":"2026-06-05 15:15:31,491+0530","service":"FyersAPI"}
{"level":"ERROR","location":"[get_call:165] fyersModel","message":{"API":"/history","Error":{"code":-300,"message":"Invalid symbol provided","s":"error"}},"timestamp":"2026-06-05 15:15:31,577+0530","service":"FyersAPI"}
{"level":"ERROR","location":"[get_call:165] fyersModel","message":{"API":"/history","Error":{"code":-300,"message":"Invalid symbol provided","s":"error"}},"timestamp":"2026-06-05 15:15:31,663+0530","service":"FyersAPI"}
{"level":"ERROR","location":"[get_call:165] fyersModel","message":{"API":"/history","Error":{"code":-300,"message":"Invalid symbol provided","s":"error"}},"timestamp":"2026-06-05 15:15:31,754+0530","service":"FyersAPI"}
{"level":"ERROR","location":"[get_call:165] fyersModel","message":{"API":"/history","Error":{"code":-300,"message":"Invalid symbol provided","s":"error"}},"timestamp":"2026-06-05 15:15:31,827+0530","service":"FyersAPI"}
{"level":"ERROR","location":"[get_call:165] fyersModel","message":{"API":"/history","Error":{"code":-300,"message":"Invalid symbol provided","s":"error"}},"timestamp":"2026-06-05 15:15:31,914+0530","service":"FyersAPI"}
{"level":"ERROR","location":"[get_call:165] fyersModel","message":{"API":"/history","Error":{"code":-300,"message":"Invalid symbol provided","s":"error"}},"timestamp":"2026-06-05 15:15:32,001+0530","service":"FyersAPI"}
{"level":"ERROR","location":"[get_call:165] fyersModel","message":{"API":"/history","Error":{"code":-300,"message":"Invalid symbol provided","s":"error"}},"timestamp":"2026-06-05 15:15:32,088+0530","service":"FyersAPI"}
{"level":"ERROR","location":"[get_call:165] fyersModel","message":{"API":"/history","Error":{"code":-300,"message":"Invalid symbol provided","s":"error"}},"timestamp":"2026-06-05 15:15:32,312+0530","service":"FyersAPI"}
{"level":"ERROR","location":"[get_call:165] fyersModel","message":{"API":"/history","Error":{"code":-300,"message":"Invalid symbol provided","s":"error"}},"timestamp":"2026-06-05 15:15:32,408+0530","service":"FyersAPI"}
{"level":"ERROR","location":"[get_call:165] fyersModel","message":{"API":"/history","Error":{"code":-300,"message":"Invalid symbol provided","s":"error"}},"timestamp":"2026-06-05 15:15:32,512+0530","service":"FyersAPI"}
{"level":"ERROR","location":"[get_call:165] fyersModel","message":{"API":"/history","Error":{"code":-300,"message":"Invalid symbol provided","s":"error"}},"timestamp":"2026-06-05 15:15:32,608+0530","service":"FyersAPI"}
{"level":"ERROR","location":"[get_call:165] fyersModel","message":{"API":"/history","Error":{"code":-300,"message":"Invalid symbol provided","s":"error"}},"timestamp":"2026-06-05 15:15:32,698+0530","service":"FyersAPI"}
{"level":"ERROR","location":"[get_call:165] fyersModel","message":{"API":"/history","Error":{"code":-300,"message":"Invalid symbol provided","s":"error"}},"timestamp":"2026-06-05 15:15:32,794+0530","service":"FyersAPI"}
{"level":"ERROR","location":"[get_call:165] fyersModel","message":{"API":"/history","Error":{"code":-300,"message":"Invalid symbol provided","s":"error"}},"timestamp":"2026-06-05 15:15:32,883+0530","service":"FyersAPI"}
{"level":"ERROR","location":"[get_call:165] fyersModel","message":{"API":"/history","Error":{"code":-300,"message":"Invalid symbol provided","s":"error"}},"timestamp":"2026-06-05 15:15:32,970+0530","service":"FyersAPI"}
{"level":"ERROR","location":"[get_call:165] fyersModel","message":{"API":"/history","Error":{"code":-300,"message":"Invalid symbol provided","s":"error"}},"timestamp":"2026-06-05 15:15:33,074+0530","service":"FyersAPI"}
{"level":"ERROR","location":"[get_call:165] fyersModel","message":{"API":"/history","Error":{"code":-300,"message":"Invalid symbol provided","s":"error"}},"timestamp":"2026-06-05 15:15:33,167+0530","service":"FyersAPI"}
{"level":"ERROR","location":"[get_call:165] fyersModel","message":{"API":"/history","Error":{"code":429,"message":"request limit reached","s":"error"}},"timestamp":"2026-06-05 15:15:33,252+0530","service":"FyersAPI"}
{"level":"ERROR","location":"[get_call:165] fyersModel","message":{"API":"/history","Error":{"code":429,"message":"request limit reached","s":"error"}},"timestamp":"2026-06-05 15:15:34,346+0530","service":"FyersAPI"}
{"level":"ERROR","location":"[get_call:165] fyersModel","message":{"API":"/history","Error":{"code":429,"message":"request limit reached","s":"error"}},"timestamp":"2026-06-05 15:15:36,446+0530","service":"FyersAPI"}
{"level":"ERROR","location":"[get_call:165] fyersModel","message":{"API":"/history","Error":{"code":429,"message":"request limit reached","s":"error"}},"timestamp":"2026-06-05 15:15:40,529+0530","service":"FyersAPI"}
{"level":"ERROR","location":"[get_call:165] fyersModel","message":{"API":"/history","Error":{"code":-300,"message":"Invalid symbol provided","s":"error"}},"timestamp":"2026-06-05 15:15:48,613+0530","service":"FyersAPI"}
{"level":"ERROR","location":"[get_call:165] fyersModel","message":{"API":"/history","Error":{"code":-300,"message":"Invalid symbol provided","s":"error"}},"timestamp":"2026-06-15 15:15:04,096+0530","service":"FyersAPI"}
{"level":"ERROR","location":"[get_call:165] fyersModel","message":{"API":"/history","Error":{"code":-300,"message":"Invalid symbol provided","s":"error"}},"timestamp":"2026-06-15 15:15:04,335+0530","service":"FyersAPI"}
{"level":"ERROR","location":"[get_call:165] fyersModel","message":{"API":"/history","Error":{"code":-300,"message":"Invalid symbol provided","s":"error"}},"timestamp":"2026-06-15 15:15:04,461+0530","service":"FyersAPI"}
{"level":"ERROR","location":"[get_call:165] fyersModel","message":{"API":"/history","Error":{"code":-300,"message":"Invalid symbol provided","s":"error"}},"timestamp":"2026-06-15 15:15:04,600+0530","service":"FyersAPI"}
{"level":"ERROR","location":"[get_call:165] fyersModel","message":{"API":"/history","Error":{"code":-300,"message":"Invalid symbol provided","s":"error"}},"timestamp":"2026-06-15 15:15:04,732+0530","service":"FyersAPI"}
{"level":"ERROR","location":"[get_call:165] fyersModel","message":{"API":"/history","Error":{"code":-300,"message":"Invalid symbol provided","s":"error"}},"timestamp":"2026-06-15 15:15:04,845+0530","service":"FyersAPI"}
{"level":"ERROR","location":"[get_call:165] fyersModel","message":{"API":"/history","Error":{"code":-300,"message":"Invalid symbol provided","s":"error"}},"timestamp":"2026-06-15 15:15:04,978+0530","service":"FyersAPI"}
{"level":"ERROR","location":"[get_call:165] fyersModel","message":{"API":"/history","Error":{"code":-300,"message":"Invalid symbol provided","s":"error"}},"timestamp":"2026-06-15 15:15:05,135+0530","service":"FyersAPI"}
{"level":"ERROR","location":"[get_call:165] fyersModel","message":{"API":"/history","Error":{"code":-300,"message":"Invalid symbol provided","s":"error"}},"timestamp":"2026-06-15 15:15:05,278+0530","service":"FyersAPI"}
{"level":"ERROR","location":"[get_call:165] fyersModel","message":{"API":"/history","Error":{"code":-300,"message":"Invalid symbol provided","s":"error"}},"timestamp":"2026-06-15 15:15:05,394+0530","service":"FyersAPI"}
{"level":"ERROR","location":"[get_call:165] fyersModel","message":{"API":"/history","Error":{"code":-300,"message":"Invalid symbol provided","s":"error"}},"timestamp":"2026-06-15 15:15:05,583+0530","service":"FyersAPI"}
{"level":"ERROR","location":"[get_call:165] fyersModel","message":{"API":"/history","Error":{"code":-300,"message":"Invalid symbol provided","s":"error"}},"timestamp":"2026-06-15 15:15:46,153+0530","service":"FyersAPI"}
{"level":"ERROR","location":"[get_call:165] fyersModel","message":{"API":"/history","Error":{"code":-300,"message":"Invalid symbol provided","s":"error"}},"timestamp":"2026-06-15 15:15:46,279+0530","service":"FyersAPI"}
{"level":"ERROR","location":"[get_call:165] fyersModel","message":{"API":"/history","Error":{"code":-300,"message":"Invalid symbol provided","s":"error"}},"timestamp":"2026-06-15 15:15:46,424+0530","service":"FyersAPI"}
{"level":"ERROR","location":"[get_call:165] fyersModel","message":{"API":"/history","Error":{"code":-300,"message":"Invalid symbol provided","s":"error"}},"timestamp":"2026-06-15 15:15:46,556+0530","service":"FyersAPI"}
{"level":"ERROR","location":"[get_call:165] fyersModel","message":{"API":"/history","Error":{"code":-300,"message":"Invalid symbol provided","s":"error"}},"timestamp":"2026-06-15 15:15:46,696+0530","service":"FyersAPI"}
{"level":"ERROR","location":"[get_call:165] fyersModel","message":{"API":"/history","Error":{"code":-300,"message":"Invalid symbol provided","s":"error"}},"timestamp":"2026-06-15 15:15:46,856+0530","service":"FyersAPI"}
{"level":"ERROR","location":"[get_call:165] fyersModel","message":{"API":"/history","Error":{"code":-300,"message":"Invalid symbol provided","s":"error"}},"timestamp":"2026-06-15 15:15:46,956+0530","service":"FyersAPI"}
{"level":"ERROR","location":"[get_call:165] fyersModel","message":{"API":"/history","Error":{"code":-300,"message":"Invalid symbol provided","s":"error"}},"timestamp":"2026-06-15 15:15:47,089+0530","service":"FyersAPI"}
{"level":"ERROR","location":"[get_call:165] fyersModel","message":{"API":"/history","Error":{"code":-300,"message":"Invalid symbol provided","s":"error"}},"timestamp":"2026-06-15 15:15:47,220+0530","service":"FyersAPI"}
{"level":"ERROR","location":"[get_call:165] fyersModel","message":{"API":"/history","Error":{"code":-300,"message":"Invalid symbol provided","s":"error"}},"timestamp":"2026-06-15 15:15:47,351+0530","service":"FyersAPI"}
{"level":"ERROR","location":"[get_call:165] fyersModel","message":{"API":"/history","Error":{"code":-300,"message":"Invalid symbol provided","s":"error"}},"timestamp":"2026-06-15 15:15:47,473+0530","service":"FyersAPI"}
{"level":"ERROR","location":"[get_call:165] fyersModel","message":{"API":"/history","Error":{"code":-300,"message":"Invalid symbol provided","s":"error"}},"timestamp":"2026-06-15 15:15:47,707+0530","service":"FyersAPI"}
{"level":"ERROR","location":"[get_call:165] fyersModel","message":{"API":"/history","Error":{"code":-300,"message":"Invalid symbol provided","s":"error"}},"timestamp":"2026-06-15 15:15:47,856+0530","service":"FyersAPI"}
{"level":"ERROR","location":"[get_call:165] fyersModel","message":{"API":"/history","Error":{"code":-300,"message":"Invalid symbol provided","s":"error"}},"timestamp":"2026-06-15 15:15:47,985+0530","service":"FyersAPI"}
{"level":"ERROR","location":"[get_call:165] fyersModel","message":{"API":"/history","Error":{"code":-300,"message":"Invalid symbol provided","s":"error"}},"timestamp":"2026-06-15 15:15:48,111+0530","service":"FyersAPI"}
{"level":"ERROR","location":"[get_call:165] fyersModel","message":{"API":"/history","Error":{"code":-300,"message":"Invalid symbol provided","s":"error"}},"timestamp":"2026-06-15 15:15:48,340+0530","service":"FyersAPI"}
{"level":"ERROR","location":"[get_call:165] fyersModel","message":{"API":"/history","Error":{"code":-300,"message":"Invalid symbol provided","s":"error"}},"timestamp":"2026-06-15 15:15:48,466+0530","service":"FyersAPI"}
{"level":"ERROR","location":"[get_call:165] fyersModel","message":{"API":"/history","Error":{"code":-300,"message":"Invalid symbol provided","s":"error"}},"timestamp":"2026-06-15 15:15:48,601+0530","service":"FyersAPI"}
{"level":"ERROR","location":"[get_call:165] fyersModel","message":{"API":"/history","Error":{"code":-300,"message":"Invalid symbol provided","s":"error"}},"timestamp":"2026-06-15 15:15:48,728+0530","service":"FyersAPI"}
{"level":"ERROR","location":"[get_call:165] fyersModel","message":{"API":"/history","Error":{"code":-300,"message":"Invalid symbol provided","s":"error"}},"timestamp":"2026-06-15 15:15:48,856+0530","service":"FyersAPI"}
{"level":"ERROR","location":"[get_call:165] fyersModel","message":{"API":"/history","Error":{"code":-300,"message":"Invalid symbol provided","s":"error"}},"timestamp":"2026-06-15 15:15:48,995+0530","service":"FyersAPI"}
{"level":"ERROR","location":"[get_call:165] fyersModel","message":{"API":"/history","Error":{"code":-300,"message":"Invalid symbol provided","s":"error"}},"timestamp":"2026-06-15 15:15:49,154+0530","service":"FyersAPI"}
{"level":"ERROR","location":"[get_call:165] fyersModel","message":{"API":"/history","Error":{"code":-300,"message":"Invalid symbol provided","s":"error"}},"timestamp":"2026-06-15 15:15:49,397+0530","service":"FyersAPI"}
{"level":"ERROR","location":"[get_call:165] fyersModel","message":{"API":"/history","Error":{"code":-300,"message":"Invalid symbol provided","s":"error"}},"timestamp":"2026-06-15 15:15:49,518+0530","service":"FyersAPI"}
{"level":"ERROR","location":"[get_call:165] fyersModel","message":{"API":"/history","Error":{"code":-300,"message":"Invalid symbol provided","s":"error"}},"timestamp":"2026-06-15 15:15:49,649+0530","service":"FyersAPI"}
{"level":"ERROR","location":"[get_call:165] fyersModel","message":{"API":"/history","Error":{"code":-300,"message":"Invalid symbol provided","s":"error"}},"timestamp":"2026-06-15 15:15:49,798+0530","service":"FyersAPI"}
{"level":"ERROR","location":"[get_call:165] fyersModel","message":{"API":"/history","Error":{"code":-300,"message":"Invalid symbol provided","s":"error"}},"timestamp":"2026-06-15 15:15:49,927+0530","service":"FyersAPI"}
{"level":"ERROR","location":"[get_call:165] fyersModel","message":{"API":"/history","Error":{"code":-300,"message":"Invalid symbol provided","s":"error"}},"timestamp":"2026-06-15 15:15:50,045+0530","service":"FyersAPI"}
{"level":"ERROR","location":"[get_call:165] fyersModel","message":{"API":"/history","Error":{"code":-300,"message":"Invalid symbol provided","s":"error"}},"timestamp":"2026-06-15 15:15:50,208+0530","service":"FyersAPI"}
{"level":"ERROR","location":"[get_call:165] fyersModel","message":{"API":"/history","Error":{"code":-300,"message":"Invalid symbol provided","s":"error"}},"timestamp":"2026-06-15 15:15:50,331+0530","service":"FyersAPI"}
{"level":"ERROR","location":"[get_call:165] fyersModel","message":{"API":"/history","Error":{"code":-300,"message":"Invalid symbol provided","s":"error"}},"timestamp":"2026-06-15 15:15:50,467+0530","service":"FyersAPI"}
{"level":"ERROR","location":"[get_call:165] fyersModel","message":{"API":"/history","Error":{"code":-300,"message":"Invalid symbol provided","s":"error"}},"timestamp":"2026-06-15 15:15:50,599+0530","service":"FyersAPI"}
{"level":"ERROR","location":"[get_call:165] fyersModel","message":{"API":"/history","Error":{"code":-300,"message":"Invalid symbol provided","s":"error"}},"timestamp":"2026-06-15 15:15:50,714+0530","service":"FyersAPI"}
{"level":"ERROR","location":"[post_call:108] fyersModel","message":{"API":"/orders/sync","Error":{"code":-50,"message":"Request rejected: Orders are only allowed from whitelisted IP addresses. This request was received from IP: 2405:201:9007:702f:ab21:b470:59e9:77a8.","s":"error"}},"timestamp":"2026-06-15 15:17:39,642+0530","service":"FyersAPI"}
{"level":"ERROR","location":"[post_call:108] fyersModel","message":{"API":"/orders/sync","Error":{"code":-50,"message":"Request rejected: Orders are only allowed from whitelisted IP addresses. This request was received from IP: 2405:201:9007:702f:ab21:b470:59e9:77a8.","s":"error"}},"timestamp":"2026-06-15 15:17:39,712+0530","service":"FyersAPI"}
{"level":"ERROR","location":"[post_call:108] fyersModel","message":{"API":"/orders/sync","Error":{"code":-50,"message":"Request rejected: Orders are only allowed from whitelisted IP addresses. This request was received from IP: 2405:201:9007:702f:ab21:b470:59e9:77a8.","s":"error"}},"timestamp":"2026-06-15 15:17:39,780+0530","service":"FyersAPI"}
{"level":"ERROR","location":"[post_call:108] fyersModel","message":{"API":"/orders/sync","Error":{"code":-50,"message":"Request rejected: Orders are only allowed from whitelisted IP addresses. This request was received from IP: 2405:201:9007:702f:ab21:b470:59e9:77a8.","s":"error"}},"timestamp":"2026-06-15 15:17:39,852+0530","service":"FyersAPI"}
{"level":"ERROR","location":"[get_call:165] fyersModel","message":{"API":"/positions","Error":{"code":-16,"message":"Could not authenticate the user","s":"error"}},"timestamp":"2026-06-16 10:09:14,136+0530","service":"FyersAPI"}
{"level":"ERROR","location":"[get_call:165] fyersModel","message":{"API":"/orders","Error":{"code":-16,"message":"Could not authenticate the user","s":"error"}},"timestamp":"2026-06-16 10:09:14,216+0530","service":"FyersAPI"}
{"level":"ERROR","location":"[get_call:165] fyersModel","message":{"API":"/orders","Error":{"code":-16,"message":"Could not authenticate the user","s":"error"}},"timestamp":"2026-06-16 10:09:14,298+0530","service":"FyersAPI"}
{"level":"ERROR","location":"[get_call:165] fyersModel","message":{"API":"/holdings","Error":{"code":-16,"message":"Could not authenticate the user","s":"error"}},"timestamp":"2026-06-16 10:09:14,404+0530","service":"FyersAPI"}
{"level":"ERROR","location":"[get_call:165] fyersModel","message":{"API":"/tradebook","Error":{"code":-16,"message":"Could not authenticate the user","s":"error"}},"timestamp":"2026-06-16 10:09:15,005+0530","service":"FyersAPI"}
{"level":"ERROR","location":"[get_call:165] fyersModel","message":{"API":"/funds","Error":{"code":-16,"message":"Could not authenticate the user","s":"error"}},"timestamp":"2026-06-16 10:09:15,621+0530","service":"FyersAPI"}
{"level":"ERROR","location":"[post_call:108] fyersModel","message":{"API":"/orders/sync","Error":{"code":-50,"message":"Request rejected: Orders are only allowed from whitelisted IP addresses. This request was received from IP: 2405:201:9007:702f:36e1:c214:6583:bfad.","s":"error"}},"timestamp":"2026-06-22 10:01:11,264+0530","service":"FyersAPI"}
{"level":"ERROR","location":"[get_call:165] fyersModel","message":{"API":"/history","Error":{"code":-300,"message":"Invalid symbol provided","s":"error"}},"timestamp":"2026-06-22 10:04:04,620+0530","service":"FyersAPI"}
{"level":"ERROR","location":"[get_call:165] fyersModel","message":{"API":"/history","Error":{"code":-300,"message":"Invalid symbol provided","s":"error"}},"timestamp":"2026-06-22 10:04:04,730+0530","service":"FyersAPI"}
{"level":"ERROR","location":"[get_call:165] fyersModel","message":{"API":"/history","Error":{"code":-300,"message":"Invalid symbol provided","s":"error"}},"timestamp":"2026-06-22 10:04:04,881+0530","service":"FyersAPI"}
{"level":"ERROR","location":"[get_call:165] fyersModel","message":{"API":"/history","Error":{"code":-300,"message":"Invalid symbol provided","s":"error"}},"timestamp":"2026-06-22 10:04:05,064+0530","service":"FyersAPI"}
{"level":"ERROR","location":"[get_call:165] fyersModel","message":{"API":"/history","Error":{"code":-300,"message":"Invalid symbol provided","s":"error"}},"timestamp":"2026-06-22 10:04:05,192+0530","service":"FyersAPI"}
{"level":"ERROR","location":"[get_call:165] fyersModel","message":{"API":"/history","Error":{"code":-300,"message":"Invalid symbol provided","s":"error"}},"timestamp":"2026-06-22 10:04:05,314+0530","service":"FyersAPI"}
{"level":"ERROR","location":"[get_call:165] fyersModel","message":{"API":"/history","Error":{"code":-300,"message":"Invalid symbol provided","s":"error"}},"timestamp":"2026-06-22 10:04:05,431+0530","service":"FyersAPI"}
{"level":"ERROR","location":"[get_call:165] fyersModel","message":{"API":"/history","Error":{"code":-300,"message":"Invalid symbol provided","s":"error"}},"timestamp":"2026-06-22 10:04:05,543+0530","service":"FyersAPI"}
{"level":"ERROR","location":"[get_call:165] fyersModel","message":{"API":"/history","Error":{"code":-300,"message":"Invalid symbol provided","s":"error"}},"timestamp":"2026-06-22 10:04:05,685+0530","service":"FyersAPI"}
{"level":"ERROR","location":"[get_call:165] fyersModel","message":{"API":"/history","Error":{"code":-300,"message":"Invalid symbol provided","s":"error"}},"timestamp":"2026-06-22 10:04:05,795+0530","service":"FyersAPI"}
{"level":"ERROR","location":"[get_call:165] fyersModel","message":{"API":"/history","Error":{"code":-300,"message":"Invalid symbol provided","s":"error"}},"timestamp":"2026-06-22 10:04:05,932+0530","service":"FyersAPI"}
{"level":"ERROR","location":"[get_call:165] fyersModel","message":{"API":"/history","Error":{"code":-300,"message":"Invalid symbol provided","s":"error"}},"timestamp":"2026-06-22 10:04:43,939+0530","service":"FyersAPI"}
{"level":"ERROR","location":"[get_call:165] fyersModel","message":{"API":"/history","Error":{"code":-300,"message":"Invalid symbol provided","s":"error"}},"timestamp":"2026-06-22 10:04:44,081+0530","service":"FyersAPI"}
{"level":"ERROR","location":"[get_call:165] fyersModel","message":{"API":"/history","Error":{"code":-300,"message":"Invalid symbol provided","s":"error"}},"timestamp":"2026-06-22 10:04:44,205+0530","service":"FyersAPI"}
{"level":"ERROR","location":"[get_call:165] fyersModel","message":{"API":"/history","Error":{"code":-300,"message":"Invalid symbol provided","s":"error"}},"timestamp":"2026-06-22 10:04:44,320+0530","service":"FyersAPI"}
{"level":"ERROR","location":"[get_call:165] fyersModel","message":{"API":"/history","Error":{"code":-300,"message":"Invalid symbol provided","s":"error"}},"timestamp":"2026-06-22 10:04:44,447+0530","service":"FyersAPI"}
{"level":"ERROR","location":"[get_call:165] fyersModel","message":{"API":"/history","Error":{"code":-300,"message":"Invalid symbol provided","s":"error"}},"timestamp":"2026-06-22 10:04:44,562+0530","service":"FyersAPI"}
{"level":"ERROR","location":"[get_call:165] fyersModel","message":{"API":"/history","Error":{"code":-300,"message":"Invalid symbol provided","s":"error"}},"timestamp":"2026-06-22 10:04:44,704+0530","service":"FyersAPI"}
{"level":"ERROR","location":"[get_call:165] fyersModel","message":{"API":"/history","Error":{"code":-300,"message":"Invalid symbol provided","s":"error"}},"timestamp":"2026-06-22 10:04:44,825+0530","service":"FyersAPI"}
{"level":"ERROR","location":"[get_call:165] fyersModel","message":{"API":"/history","Error":{"code":-300,"message":"Invalid symbol provided","s":"error"}},"timestamp":"2026-06-22 10:04:44,932+0530","service":"FyersAPI"}
{"level":"ERROR","location":"[get_call:165] fyersModel","message":{"API":"/history","Error":{"code":-300,"message":"Invalid symbol provided","s":"error"}},"timestamp":"2026-06-22 10:04:45,052+0530","service":"FyersAPI"}
{"level":"ERROR","location":"[get_call:165] fyersModel","message":{"API":"/history","Error":{"code":-300,"message":"Invalid symbol provided","s":"error"}},"timestamp":"2026-06-22 10:04:45,168+0530","service":"FyersAPI"}
{"level":"ERROR","location":"[get_call:165] fyersModel","message":{"API":"/history","Error":{"code":-300,"message":"Invalid symbol provided","s":"error"}},"timestamp":"2026-06-22 10:04:45,406+0530","service":"FyersAPI"}
{"level":"ERROR","location":"[get_call:165] fyersModel","message":{"API":"/history","Error":{"code":-300,"message":"Invalid symbol provided","s":"error"}},"timestamp":"2026-06-22 10:04:45,581+0530","service":"FyersAPI"}
{"level":"ERROR","location":"[get_call:165] fyersModel","message":{"API":"/history","Error":{"code":-300,"message":"Invalid symbol provided","s":"error"}},"timestamp":"2026-06-22 10:04:45,702+0530","service":"FyersAPI"}
{"level":"ERROR","location":"[get_call:165] fyersModel","message":{"API":"/history","Error":{"code":-300,"message":"Invalid symbol provided","s":"error"}},"timestamp":"2026-06-22 10:04:45,796+0530","service":"FyersAPI"}
{"level":"ERROR","location":"[get_call:165] fyersModel","message":{"API":"/history","Error":{"code":-300,"message":"Invalid symbol provided","s":"error"}},"timestamp":"2026-06-22 10:04:45,910+0530","service":"FyersAPI"}
{"level":"ERROR","location":"[get_call:165] fyersModel","message":{"API":"/history","Error":{"code":-300,"message":"Invalid symbol provided","s":"error"}},"timestamp":"2026-06-22 10:04:46,031+0530","service":"FyersAPI"}
{"level":"ERROR","location":"[get_call:165] fyersModel","message":{"API":"/history","Error":{"code":-300,"message":"Invalid symbol provided","s":"error"}},"timestamp":"2026-06-22 10:04:46,155+0530","service":"FyersAPI"}
{"level":"ERROR","location":"[get_call:165] fyersModel","message":{"API":"/history","Error":{"code":-300,"message":"Invalid symbol provided","s":"error"}},"timestamp":"2026-06-22 10:04:46,282+0530","service":"FyersAPI"}
{"level":"ERROR","location":"[get_call:165] fyersModel","message":{"API":"/history","Error":{"code":-300,"message":"Invalid symbol provided","s":"error"}},"timestamp":"2026-06-22 10:04:46,389+0530","service":"FyersAPI"}
{"level":"ERROR","location":"[get_call:165] fyersModel","message":{"API":"/history","Error":{"code":-300,"message":"Invalid symbol provided","s":"error"}},"timestamp":"2026-06-22 10:04:46,512+0530","service":"FyersAPI"}
{"level":"ERROR","location":"[get_call:165] fyersModel","message":{"API":"/history","Error":{"code":-300,"message":"Invalid symbol provided","s":"error"}},"timestamp":"2026-06-22 10:04:46,621+0530","service":"FyersAPI"}
{"level":"ERROR","location":"[get_call:165] fyersModel","message":{"API":"/history","Error":{"code":-300,"message":"Invalid symbol provided","s":"error"}},"timestamp":"2026-06-22 10:04:46,848+0530","service":"FyersAPI"}
{"level":"ERROR","location":"[get_call:165] fyersModel","message":{"API":"/history","Error":{"code":-300,"message":"Invalid symbol provided","s":"error"}},"timestamp":"2026-06-22 10:04:46,959+0530","service":"FyersAPI"}
{"level":"ERROR","location":"[get_call:165] fyersModel","message":{"API":"/history","Error":{"code":-300,"message":"Invalid symbol provided","s":"error"}},"timestamp":"2026-06-22 10:04:47,075+0530","service":"FyersAPI"}
{"level":"ERROR","location":"[get_call:165] fyersModel","message":{"API":"/history","Error":{"code":-300,"message":"Invalid symbol provided","s":"error"}},"timestamp":"2026-06-22 10:04:47,199+0530","service":"FyersAPI"}
{"level":"ERROR","location":"[get_call:165] fyersModel","message":{"API":"/history","Error":{"code":-300,"message":"Invalid symbol provided","s":"error"}},"timestamp":"2026-06-22 10:04:47,292+0530","service":"FyersAPI"}
{"level":"ERROR","location":"[get_call:165] fyersModel","message":{"API":"/history","Error":{"code":-300,"message":"Invalid symbol provided","s":"error"}},"timestamp":"2026-06-22 10:04:47,411+0530","service":"FyersAPI"}
{"level":"ERROR","location":"[get_call:165] fyersModel","message":{"API":"/history","Error":{"code":-300,"message":"Invalid symbol provided","s":"error"}},"timestamp":"2026-06-22 10:04:47,533+0530","service":"FyersAPI"}
{"level":"ERROR","location":"[get_call:165] fyersModel","message":{"API":"/history","Error":{"code":-300,"message":"Invalid symbol provided","s":"error"}},"timestamp":"2026-06-22 10:04:47,646+0530","service":"FyersAPI"}
{"level":"ERROR","location":"[get_call:165] fyersModel","message":{"API":"/history","Error":{"code":-300,"message":"Invalid symbol provided","s":"error"}},"timestamp":"2026-06-22 10:04:47,765+0530","service":"FyersAPI"}
{"level":"ERROR","location":"[get_call:165] fyersModel","message":{"API":"/history","Error":{"code":-300,"message":"Invalid symbol provided","s":"error"}},"timestamp":"2026-06-22 10:04:47,887+0530","service":"FyersAPI"}
{"level":"ERROR","location":"[get_call:165] fyersModel","message":{"API":"/history","Error":{"code":429,"message":"request limit reached","s":"error"}},"timestamp":"2026-06-22 10:04:48,002+0530","service":"FyersAPI"}
{"level":"ERROR","location":"[get_call:165] fyersModel","message":{"API":"/history","Error":{"code":429,"message":"request limit reached","s":"error"}},"timestamp":"2026-06-22 10:04:49,140+0530","service":"FyersAPI"}
{"level":"ERROR","location":"[get_call:165] fyersModel","message":{"API":"/history","Error":{"code":-300,"message":"Invalid symbol provided","s":"error"}},"timestamp":"2026-06-22 10:04:51,259+0530","service":"FyersAPI"}
{"level":"ERROR","location":"[post_call:108] fyersModel","message":{"API":"/orders/sync","Error":{"code":-50,"message":"Request rejected: Orders are only allowed from whitelisted IP addresses. This request was received from IP: 2405:201:9007:702f:36e1:c214:6583:bfad.","s":"error"}},"timestamp":"2026-06-22 10:06:16,545+0530","service":"FyersAPI"}
{"level":"ERROR","location":"[get_call:165] fyersModel","message":{"API":"/history","Error":{"code":-300,"message":"Invalid symbol provided","s":"error"}},"timestamp":"2026-07-16 01:35:56,845+0530","service":"FyersAPI"}
{"level":"ERROR","location":"[get_call:165] fyersModel","message":{"API":"/history","Error":{"code":-300,"message":"Invalid symbol provided","s":"error"}},"timestamp":"2026-07-16 01:35:56,946+0530","service":"FyersAPI"}
{"level":"ERROR","location":"[get_call:165] fyersModel","message":{"API":"/history","Error":{"code":-300,"message":"Invalid symbol provided","s":"error"}},"timestamp":"2026-07-16 01:35:57,055+0530","service":"FyersAPI"}
{"level":"ERROR","location":"[get_call:165] fyersModel","message":{"API":"/history","Error":{"code":-300,"message":"Invalid symbol provided","s":"error"}},"timestamp":"2026-07-16 01:35:57,187+0530","service":"FyersAPI"}
{"level":"ERROR","location":"[get_call:165] fyersModel","message":{"API":"/history","Error":{"code":-300,"message":"Invalid symbol provided","s":"error"}},"timestamp":"2026-07-16 01:35:57,334+0530","service":"FyersAPI"}
{"level":"ERROR","location":"[get_call:165] fyersModel","message":{"API":"/history","Error":{"code":-300,"message":"Invalid symbol provided","s":"error"}},"timestamp":"2026-07-16 01:35:57,471+0530","service":"FyersAPI"}
{"level":"ERROR","location":"[get_call:165] fyersModel","message":{"API":"/history","Error":{"code":-300,"message":"Invalid symbol provided","s":"error"}},"timestamp":"2026-07-16 01:35:57,603+0530","service":"FyersAPI"}
{"level":"ERROR","location":"[get_call:165] fyersModel","message":{"API":"/history","Error":{"code":-300,"message":"Invalid symbol provided","s":"error"}},"timestamp":"2026-07-16 01:35:57,704+0530","service":"FyersAPI"}
{"level":"ERROR","location":"[get_call:165] fyersModel","message":{"API":"/history","Error":{"code":-300,"message":"Invalid symbol provided","s":"error"}},"timestamp":"2026-07-16 01:35:57,828+0530","service":"FyersAPI"}
{"level":"ERROR","location":"[get_call:165] fyersModel","message":{"API":"/history","Error":{"code":-300,"message":"Invalid symbol provided","s":"error"}},"timestamp":"2026-07-16 01:35:57,929+0530","service":"FyersAPI"}
{"level":"ERROR","location":"[get_call:165] fyersModel","message":{"API":"/history","Error":{"code":-300,"message":"Invalid symbol provided","s":"error"}},"timestamp":"2026-07-16 01:35:58,034+0530","service":"FyersAPI"}
{"level":"ERROR","location":"[get_call:165] fyersModel","message":{"API":"/history","Error":{"code":-300,"message":"Invalid symbol provided","s":"error"}},"timestamp":"2026-07-16 01:36:56,678+0530","service":"FyersAPI"}
{"level":"ERROR","location":"[get_call:165] fyersModel","message":{"API":"/history","Error":{"code":-300,"message":"Invalid symbol provided","s":"error"}},"timestamp":"2026-07-16 01:36:56,783+0530","service":"FyersAPI"}
{"level":"ERROR","location":"[get_call:165] fyersModel","message":{"API":"/history","Error":{"code":-300,"message":"Invalid symbol provided","s":"error"}},"timestamp":"2026-07-16 01:36:56,911+0530","service":"FyersAPI"}
{"level":"ERROR","location":"[get_call:165] fyersModel","message":{"API":"/history","Error":{"code":-300,"message":"Invalid symbol provided","s":"error"}},"timestamp":"2026-07-16 01:36:57,008+0530","service":"FyersAPI"}
{"level":"ERROR","location":"[get_call:165] fyersModel","message":{"API":"/history","Error":{"code":-300,"message":"Invalid symbol provided","s":"error"}},"timestamp":"2026-07-16 01:36:57,112+0530","service":"FyersAPI"}
{"level":"ERROR","location":"[get_call:165] fyersModel","message":{"API":"/history","Error":{"code":-300,"message":"Invalid symbol provided","s":"error"}},"timestamp":"2026-07-16 01:36:57,249+0530","service":"FyersAPI"}
{"level":"ERROR","location":"[get_call:165] fyersModel","message":{"API":"/history","Error":{"code":-300,"message":"Invalid symbol provided","s":"error"}},"timestamp":"2026-07-16 01:36:57,351+0530","service":"FyersAPI"}
{"level":"ERROR","location":"[get_call:165] fyersModel","message":{"API":"/history","Error":{"code":-300,"message":"Invalid symbol provided","s":"error"}},"timestamp":"2026-07-16 01:36:57,461+0530","service":"FyersAPI"}
{"level":"ERROR","location":"[get_call:165] fyersModel","message":{"API":"/history","Error":{"code":-300,"message":"Invalid symbol provided","s":"error"}},"timestamp":"2026-07-16 01:36:57,583+0530","service":"FyersAPI"}
{"level":"ERROR","location":"[get_call:165] fyersModel","message":{"API":"/history","Error":{"code":-300,"message":"Invalid symbol provided","s":"error"}},"timestamp":"2026-07-16 01:36:57,697+0530","service":"FyersAPI"}
{"level":"ERROR","location":"[get_call:165] fyersModel","message":{"API":"/history","Error":{"code":-300,"message":"Invalid symbol provided","s":"error"}},"timestamp":"2026-07-16 01:36:57,831+0530","service":"FyersAPI"}
{"level":"ERROR","location":"[get_call:165] fyersModel","message":{"API":"/history","Error":{"code":-300,"message":"Invalid symbol provided","s":"error"}},"timestamp":"2026-07-16 01:36:58,078+0530","service":"FyersAPI"}
{"level":"ERROR","location":"[get_call:165] fyersModel","message":{"API":"/history","Error":{"code":-300,"message":"Invalid symbol provided","s":"error"}},"timestamp":"2026-07-16 01:36:58,205+0530","service":"FyersAPI"}
{"level":"ERROR","location":"[get_call:165] fyersModel","message":{"API":"/history","Error":{"code":-300,"message":"Invalid symbol provided","s":"error"}},"timestamp":"2026-07-16 01:36:58,306+0530","service":"FyersAPI"}
{"level":"ERROR","location":"[get_call:165] fyersModel","message":{"API":"/history","Error":{"code":-300,"message":"Invalid symbol provided","s":"error"}},"timestamp":"2026-07-16 01:36:58,412+0530","service":"FyersAPI"}
{"level":"ERROR","location":"[get_call:165] fyersModel","message":{"API":"/history","Error":{"code":-300,"message":"Invalid symbol provided","s":"error"}},"timestamp":"2026-07-16 01:36:58,513+0530","service":"FyersAPI"}
{"level":"ERROR","location":"[get_call:165] fyersModel","message":{"API":"/history","Error":{"code":-300,"message":"Invalid symbol provided","s":"error"}},"timestamp":"2026-07-16 01:36:58,605+0530","service":"FyersAPI"}
{"level":"ERROR","location":"[get_call:165] fyersModel","message":{"API":"/history","Error":{"code":-300,"message":"Invalid symbol provided","s":"error"}},"timestamp":"2026-07-16 01:36:58,720+0530","service":"FyersAPI"}
{"level":"ERROR","location":"[get_call:165] fyersModel","message":{"API":"/history","Error":{"code":-300,"message":"Invalid symbol provided","s":"error"}},"timestamp":"2026-07-16 01:36:58,865+0530","service":"FyersAPI"}
{"level":"ERROR","location":"[get_call:165] fyersModel","message":{"API":"/history","Error":{"code":-300,"message":"Invalid symbol provided","s":"error"}},"timestamp":"2026-07-16 01:36:59,000+0530","service":"FyersAPI"}
{"level":"ERROR","location":"[get_call:165] fyersModel","message":{"API":"/history","Error":{"code":-300,"message":"Invalid symbol provided","s":"error"}},"timestamp":"2026-07-16 01:36:59,136+0530","service":"FyersAPI"}
{"level":"ERROR","location":"[get_call:165] fyersModel","message":{"API":"/history","Error":{"code":-300,"message":"Invalid symbol provided","s":"error"}},"timestamp":"2026-07-16 01:36:59,238+0530","service":"FyersAPI"}
{"level":"ERROR","location":"[get_call:165] fyersModel","message":{"API":"/history","Error":{"code":-300,"message":"Invalid symbol provided","s":"error"}},"timestamp":"2026-07-16 01:36:59,461+0530","service":"FyersAPI"}
{"level":"ERROR","location":"[get_call:165] fyersModel","message":{"API":"/history","Error":{"code":-300,"message":"Invalid symbol provided","s":"error"}},"timestamp":"2026-07-16 01:36:59,565+0530","service":"FyersAPI"}
{"level":"ERROR","location":"[get_call:165] fyersModel","message":{"API":"/history","Error":{"code":-300,"message":"Invalid symbol provided","s":"error"}},"timestamp":"2026-07-16 01:36:59,680+0530","service":"FyersAPI"}
{"level":"ERROR","location":"[get_call:165] fyersModel","message":{"API":"/history","Error":{"code":-300,"message":"Invalid symbol provided","s":"error"}},"timestamp":"2026-07-16 01:36:59,826+0530","service":"FyersAPI"}
{"level":"ERROR","location":"[get_call:165] fyersModel","message":{"API":"/history","Error":{"code":-300,"message":"Invalid symbol provided","s":"error"}},"timestamp":"2026-07-16 01:36:59,969+0530","service":"FyersAPI"}
{"level":"ERROR","location":"[get_call:165] fyersModel","message":{"API":"/history","Error":{"code":-300,"message":"Invalid symbol provided","s":"error"}},"timestamp":"2026-07-16 01:37:00,096+0530","service":"FyersAPI"}
{"level":"ERROR","location":"[get_call:165] fyersModel","message":{"API":"/history","Error":{"code":-300,"message":"Invalid symbol provided","s":"error"}},"timestamp":"2026-07-16 01:37:00,203+0530","service":"FyersAPI"}
{"level":"ERROR","location":"[get_call:165] fyersModel","message":{"API":"/history","Error":{"code":-300,"message":"Invalid symbol provided","s":"error"}},"timestamp":"2026-07-16 01:37:00,306+0530","service":"FyersAPI"}
{"level":"ERROR","location":"[get_call:165] fyersModel","message":{"API":"/history","Error":{"code":-300,"message":"Invalid symbol provided","s":"error"}},"timestamp":"2026-07-16 01:37:00,453+0530","service":"FyersAPI"}
{"level":"ERROR","location":"[get_call:165] fyersModel","message":{"API":"/history","Error":{"code":-300,"message":"Invalid symbol provided","s":"error"}},"timestamp":"2026-07-16 01:37:00,592+0530","service":"FyersAPI"}
{"level":"ERROR","location":"[get_call:165] fyersModel","message":{"API":"/history","Error":{"code":-300,"message":"Invalid symbol provided","s":"error"}},"timestamp":"2026-07-16 01:37:00,709+0530","service":"FyersAPI"}
{"level":"ERROR","location":"[post_call:108] fyersModel","message":{"API":"/orders/sync","Error":{"code":-50,"message":"Request rejected: Orders are only allowed from whitelisted IP addresses. This request was received from IP: 103.76.103.41.","s":"error"}},"timestamp":"2026-07-16 01:38:51,087+0530","service":"FyersAPI"}
{"level":"ERROR","location":"[post_call:108] fyersModel","message":{"API":"/orders/sync","Error":{"code":-50,"message":"Request rejected: Orders are only allowed from whitelisted IP addresses. This request was received from IP: 103.76.103.41.","s":"error"}},"timestamp":"2026-07-16 01:38:51,139+0530","service":"FyersAPI"}
{"level":"ERROR","location":"[get_call:165] fyersModel","message":{"API":"/positions","Error":{"code":-16,"message":"Could not authenticate the user","s":"error"}},"timestamp":"2026-07-16 10:01:15,340+0530","service":"FyersAPI"}
{"level":"ERROR","location":"[get_call:165] fyersModel","message":{"API":"/orders","Error":{"code":-16,"message":"Could not authenticate the user","s":"error"}},"timestamp":"2026-07-16 10:01:15,401+0530","service":"FyersAPI"}
{"level":"ERROR","location":"[get_call:165] fyersModel","message":{"API":"/orders","Error":{"code":-16,"message":"Could not authenticate the user","s":"error"}},"timestamp":"2026-07-16 10:01:15,503+0530","service":"FyersAPI"}
{"level":"ERROR","location":"[get_call:165] fyersModel","message":{"API":"/holdings","Error":{"code":-16,"message":"Could not authenticate the user","s":"error"}},"timestamp":"2026-07-16 10:01:15,579+0530","service":"FyersAPI"}
{"level":"ERROR","location":"[get_call:165] fyersModel","message":{"API":"/tradebook","Error":{"code":-16,"message":"Could not authenticate the user","s":"error"}},"timestamp":"2026-07-16 10:01:16,146+0530","service":"FyersAPI"}
{"level":"ERROR","location":"[get_call:165] fyersModel","message":{"API":"/funds","Error":{"code":-16,"message":"Could not authenticate the user","s":"error"}},"timestamp":"2026-07-16 10:01:16,821+0530","service":"FyersAPI"}
{"level":"ERROR","location":"[get_call:165] fyersModel","message":{"API":"/positions","Error":{"code":-16,"message":"Could not authenticate the user","s":"error"}},"timestamp":"2026-07-16 10:01:47,000+0530","service":"FyersAPI"}
{"level":"ERROR","location":"[get_call:165] fyersModel","message":{"API":"/orders","Error":{"code":-16,"message":"Could not authenticate the user","s":"error"}},"timestamp":"2026-07-16 10:01:47,040+0530","service":"FyersAPI"}
{"level":"ERROR","location":"[get_call:165] fyersModel","message":{"API":"/orders","Error":{"code":-16,"message":"Could not authenticate the user","s":"error"}},"timestamp":"2026-07-16 10:01:47,217+0530","service":"FyersAPI"}
{"level":"ERROR","location":"[get_call:165] fyersModel","message":{"API":"/holdings","Error":{"code":-16,"message":"Could not authenticate the user","s":"error"}},"timestamp":"2026-07-16 10:01:47,360+0530","service":"FyersAPI"}
{"level":"ERROR","location":"[get_call:165] fyersModel","message":{"API":"/tradebook","Error":{"code":-16,"message":"Could not authenticate the user","s":"error"}},"timestamp":"2026-07-16 10:01:48,133+0530","service":"FyersAPI"}
{"level":"ERROR","location":"[get_call:165] fyersModel","message":{"API":"/funds","Error":{"code":-16,"message":"Could not authenticate the user","s":"error"}},"timestamp":"2026-07-16 10:01:49,032+0530","service":"FyersAPI"}
{"level":"ERROR","location":"[get_call:165] fyersModel","message":{"API":"/positions","Error":{"code":-16,"message":"Could not authenticate the user","s":"error"}},"timestamp":"2026-07-16 20:32:51,038+0530","service":"FyersAPI"}
{"level":"ERROR","location":"[get_call:165] fyersModel","message":{"API":"/orders","Error":{"code":-16,"message":"Could not authenticate the user","s":"error"}},"timestamp":"2026-07-16 20:32:51,081+0530","service":"FyersAPI"}
{"level":"ERROR","location":"[get_call:165] fyersModel","message":{"API":"/orders","Error":{"code":-16,"message":"Could not authenticate the user","s":"error"}},"timestamp":"2026-07-16 20:32:51,124+0530","service":"FyersAPI"}
{"level":"ERROR","location":"[get_call:165] fyersModel","message":{"API":"/holdings","Error":{"code":-16,"message":"Could not authenticate the user","s":"error"}},"timestamp":"2026-07-16 20:32:51,172+0530","service":"FyersAPI"}
{"level":"ERROR","location":"[get_call:165] fyersModel","message":{"API":"/tradebook","Error":{"code":-16,"message":"Could not authenticate the user","s":"error"}},"timestamp":"2026-07-16 20:32:51,717+0530","service":"FyersAPI"}
{"level":"ERROR","location":"[get_call:165] fyersModel","message":{"API":"/funds","Error":{"code":-16,"message":"Could not authenticate the user","s":"error"}},"timestamp":"2026-07-16 20:32:52,264+0530","service":"FyersAPI"}
{"level":"ERROR","location":"[post_call:108] fyersModel","message":{"API":"/orders/sync","Error":{"code":-50,"message":"Request rejected: Orders are only allowed from whitelisted IP addresses. This request was received from IP: 103.76.103.41.","s":"error"}},"timestamp":"2026-07-17 00:29:41,261+0530","service":"FyersAPI"}
{"level":"ERROR","location":"[post_call:108] fyersModel","message":{"API":"/orders/sync","Error":{"code":-50,"message":"StopLoss not a multiple of tick size 0.1000","s":"error"}},"timestamp":"2026-07-17 00:32:37,447+0530","service":"FyersAPI"}
